c,h,l,n,o,t,v,vw
419.63,422.69,419.22,6269,422.58,2021-06-01T04:00:00Z,680862,420.42044
420.32,421.185,419.3,6446,420.27,2021-06-02T04:00:00Z,628822,420.130178
418.77,419.99,416.33,6307,418.05,2021-06-03T04:00:00Z,771761,418.634693
422.59,422.915,420.72,10189,420.77,2021-06-04T04:00:00Z,910318,422.119142
422.22,422.765,421.2,9535,422.63,2021-06-07T04:00:00Z,991984,421.83126
422.26,423.19,420.425,5708,423.18,2021-06-08T04:00:00Z,625795,422.171278
421.58,423.24,421.45,4919,423.18,2021-06-09T04:00:00Z,472970,422.417458
423.54,424.62,421.64,5527,422.98,2021-06-10T04:00:00Z,588662,423.599386
424.38,424.4,422.845,5009,424.2,2021-06-11T04:00:00Z,527131,423.593951
425.29,425.29,423.1,6329,424.43,2021-06-14T04:00:00Z,646111,423.723156
424.51,425.45,423.56,6146,425.45,2021-06-15T04:00:00Z,570633,424.364749
422.04,424.83,419.97,7025,424.7,2021-06-16T04:00:00Z,855307,422.345408
422.02,423.0,419.35,10067,421.64,2021-06-17T04:00:00Z,1092378,421.926271
414.96,417.82,414.73,11986,417.07,2021-06-18T04:00:00Z,1353018,416.529276
420.76,421.05,415.965,10379,416.83,2021-06-21T04:00:00Z,1152420,419.718198
423.02,423.97,420.17,7159,420.86,2021-06-22T04:00:00Z,897093,422.448429
422.64,424.03,422.55,5632,423.19,2021-06-23T04:00:00Z,771762,423.269164
425.05,425.55,424.63,6833,424.87,2021-06-24T04:00:00Z,843012,425.136066
426.61,427.08,425.59,8939,425.9,2021-06-25T04:00:00Z,1160440,426.314154
427.47,427.64,425.89,7440,427.17,2021-06-28T04:00:00Z,781623,426.78568
427.69,428.56,427.16,6190,427.94,2021-06-29T04:00:00Z,727546,427.792406
428.06,428.69,427.21,7693,427.21,2021-06-30T04:00:00Z,848270,427.978234
430.47,430.6,428.82,9231,428.88,2021-07-01T04:00:00Z,1015595,429.904339
433.82,434.095,431.33,7747,431.66,2021-07-02T04:00:00Z,860976,432.822701
432.855,434.01,430.01,7621,433.86,2021-07-06T04:00:00Z,820834,432.044584
434.48,434.76,431.52,7371,433.67,2021-07-07T04:00:00Z,881413,433.797078
430.9,431.72,427.57,8772,428.73,2021-07-08T04:00:00Z,1354797,429.89267
435.59,435.79,432.35,10074,432.53,2021-07-09T04:00:00Z,1256371,434.741452
437.12,437.26,435.0,9845,435.42,2021-07-12T04:00:00Z,1109626,436.667239
435.68,437.83,435.32,8970,436.22,2021-07-13T04:00:00Z,1100699,436.418276
436.34,437.91,434.94,6214,437.405,2021-07-14T04:00:00Z,958448,436.469338
434.745,435.52,432.77,8808,434.87,2021-07-15T04:00:00Z,1329473,434.377259
431.37,436.06,430.92,11170,435.99,2021-07-16T04:00:00Z,1661664,433.127495
424.6,426.67,422.0,17353,426.19,2021-07-19T04:00:00Z,2652205,423.634665
431.05,432.41,424.84,16750,425.77,2021-07-20T04:00:00Z,2078731,430.807851
434.49,434.7,432.17,10236,432.34,2021-07-21T04:00:00Z,1226597,433.783358
435.51,435.7,433.695,8336,434.75,2021-07-22T04:00:00Z,973538,434.903192
439.74,440.3,436.84,10194,437.58,2021-07-23T04:00:00Z,1153521,439.231325
440.98,441.03,439.26,7047,439.3,2021-07-26T04:00:00Z,773627,440.299073
438.97,439.82,436.01,9198,439.8,2021-07-27T04:00:00Z,1040709,437.832103
438.82,440.29,437.71,6912,439.67,2021-07-28T04:00:00Z,875428,439.019235
440.66,441.785,439.82,7252,439.82,2021-07-29T04:00:00Z,796963,441.070378
438.48,440.02,437.775,9215,437.91,2021-07-30T04:00:00Z,1095883,438.566836
437.6,440.88,437.305,7400,440.34,2021-08-02T04:00:00Z,1003205,438.827373
441.24,441.24,436.115,7976,438.44,2021-08-03T04:00:00Z,1031118,438.896281
439.01,440.37,438.77,6654,439.76,2021-08-04T04:00:00Z,891423,439.57729
441.72,441.83,439.9,5944,440.27,2021-08-05T04:00:00Z,726445,440.879733
442.52,442.89,441.85,5492,442.11,2021-08-06T04:00:00Z,711250,442.385661
442.19,442.77,441.31,4965,442.46,2021-08-09T04:00:00Z,595961,442.123836
442.67,443.43,441.92,5564,442.63,2021-08-10T04:00:00Z,674913,442.672425
443.76,443.87,442.62,6508,443.75,2021-08-11T04:00:00Z,749406,443.396523
445.08,445.24,442.66,8126,443.61,2021-08-12T04:00:00Z,768709,444.00567
445.91,445.91,445.14,5670,445.61,2021-08-13T04:00:00Z,576662,445.526551
446.99,447.09,442.88,8164,444.54,2021-08-16T04:00:00Z,1014355,444.834251
444.0,444.96,440.94,8298,444.29,2021-08-17T04:00:00Z,1293505,443.007647
439.295,444.6,438.92,6350,442.94,2021-08-18T04:00:00Z,1232736,442.019388
439.96,441.115,436.12,9272,436.27,2021-08-19T04:00:00Z,1395553,439.151671
443.37,443.7,439.745,5930,440.24,2021-08-20T04:00:00Z,900346,442.677823
447.29,448.22,445.17,8032,445.17,2021-08-23T04:00:00Z,960719,447.437806
447.94,448.54,447.44,6905,448.0,2021-08-24T04:00:00Z,774430,448.138798
448.925,449.43,447.79,5174,448.17,2021-08-25T04:00:00Z,666120,448.920009
446.32,448.82,446.16,7332,448.63,2021-08-26T04:00:00Z,1064115,447.243464
450.16,450.64,447.07,7665,447.09,2021-08-27T04:00:00Z,1141610,449.71887
452.22,453.04,450.77,9056,450.99,2021-08-30T04:00:00Z,757959,452.392837
451.61,452.48,450.95,6930,452.13,2021-08-31T04:00:00Z,916029,451.706118
451.715,453.11,451.55,7975,452.61,2021-09-01T04:00:00Z,926673,452.316141
453.22,454.03,451.915,5703,453.33,2021-09-02T04:00:00Z,761510,452.89634
453.05,453.63,451.55,6780,452.01,2021-09-03T04:00:00Z,794266,452.935612
451.5,452.685,450.755,6934,452.685,2021-09-07T04:00:00Z,832398,451.656397
450.93,451.63,448.87,4849,450.88,2021-09-08T04:00:00Z,694091,450.435251
448.95,452.52,448.73,6692,450.78,2021-09-09T04:00:00Z,996739,450.190324
445.53,451.475,445.315,8960,451.12,2021-09-10T04:00:00Z,1381172,447.721671
446.58,448.86,444.11,11219,448.67,2021-09-13T04:00:00Z,1608821,445.930387
444.2,448.29,443.25,9214,448.18,2021-09-14T04:00:00Z,1146914,444.937672
447.885,448.4,443.48,10238,444.61,2021-09-15T04:00:00Z,1510563,446.721854
447.17,448.305,444.02,13404,447.31,2021-09-16T04:00:00Z,1779594,446.385393
441.39,445.355,441.025,16963,444.665,2021-09-17T04:00:00Z,2162504,442.25376
434.01,436.55,428.86,16823,434.88,2021-09-20T04:00:00Z,2984272,432.630769
433.63,437.89,433.09,7303,436.62,2021-09-21T04:00:00Z,1247521,435.276508
437.85,440.02,435.075,9692,436.1,2021-09-22T04:00:00Z,1362000,438.107562
443.1,444.875,439.66,10042,439.81,2021-09-23T04:00:00Z,1392247,443.410652
443.89,444.665,441.25,7602,441.35,2021-09-24T04:00:00Z,868002,443.465496
442.66,444.035,441.94,6685,442.63,2021-09-27T04:00:00Z,1002093,443.051114
433.63,439.94,433.0,14608,439.5,2021-09-28T04:00:00Z,2517009,435.096154
434.35,437.03,433.87,7854,435.16,2021-09-29T04:00:00Z,1259918,435.465761
429.06,436.755,428.95,14814,435.93,2021-09-30T04:00:00Z,2595030,432.215507
434.24,436.01,427.255,13889,431.02,2021-10-01T04:00:00Z,2310457,431.824784
428.51,433.895,426.37,15227,433.0,2021-10-04T04:00:00Z,2759787,428.42631
432.99,435.485,429.41,8575,430.21,2021-10-05T04:00:00Z,1563300,433.815114
434.9,435.105,427.545,16546,429.25,2021-10-06T04:00:00Z,2736516,431.707295
438.53,441.66,438.205,9335,438.36,2021-10-07T04:00:00Z,1369868,440.129378
437.77,439.89,437.21,8537,439.49,2021-10-08T04:00:00Z,1316623,438.479989
434.66,440.23,434.66,7911,437.15,2021-10-11T04:00:00Z,1381463,437.140574
433.65,436.08,432.8,10879,435.65,2021-10-12T04:00:00Z,1831193,434.401321
435.17,435.96,431.69,10984,434.74,2021-10-13T04:00:00Z,1570296,434.043588
442.5,442.65,438.63,11662,439.13,2021-10-14T04:00:00Z,1702171,441.441908
445.84,446.26,444.09,12976,444.925,2021-10-15T04:00:00Z,1688757,445.406805
447.21,447.54,443.27,9080,443.98,2021-10-18T04:00:00Z,1250461,446.4267
450.7,450.7,448.295,10119,448.91,2021-10-19T04:00:00Z,1253397,449.869027
452.39,452.72,451.01,9407,451.09,2021-10-20T04:00:00Z,1065761,452.029376
453.55,453.815,451.31,7588,451.72,2021-10-21T04:00:00Z,961412,452.520392
453.09,454.62,451.08,8062,453.11,2021-10-22T04:00:00Z,1125046,453.028701
455.49,455.89,452.4,8170,454.25,2021-10-25T04:00:00Z,970934,454.913914
455.95,458.49,455.59,9568,457.2,2021-10-26T04:00:00Z,1401235,457.050615
453.89,457.15,453.87,13008,456.44,2021-10-27T04:00:00Z,1423600,455.660298
458.17,458.39,455.49,9127,455.5,2021-10-28T04:00:00Z,1078798,457.370775
459.14,459.55,455.56,12800,455.85,2021-10-29T04:00:00Z,1738283,458.187401
460.07,460.69,458.22,9749,460.34,2021-11-01T04:00:00Z,1133593,459.335457
461.87,462.2,460.1,8247,460.27,2021-11-02T04:00:00Z,1064404,461.540658
464.735,465.14,460.88,9383,461.32,2021-11-03T04:00:00Z,1133985,462.887974
466.87,466.99,465.03,8018,465.38,2021-11-04T04:00:00Z,1035074,466.124119
468.56,470.63,466.93,9807,469.29,2021-11-05T04:00:00Z,1053869,469.15758
468.95,470.21,468.245,5354,469.75,2021-11-08T05:00:00Z,572075,469.141974
467.37,469.565,465.885,7731,469.54,2021-11-09T05:00:00Z,980433,467.057042
463.69,467.36,462.07,11644,465.56,2021-11-10T05:00:00Z,1562659,464.470075
463.85,465.28,463.75,5791,465.23,2021-11-11T05:00:00Z,739921,464.449757
467.31,467.86,464.11,6826,465.18,2021-11-12T05:00:00Z,883752,466.409255
467.42,468.71,466.245,9117,468.69,2021-11-15T05:00:00Z,948862,467.276591
469.23,470.47,467.11,9411,467.3,2021-11-16T05:00:00Z,1161115,469.450388
468.15,469.18,467.51,6668,469.02,2021-11-17T05:00:00Z,875040,468.305762
469.68,469.995,466.38,9483,469.29,2021-11-18T05:00:00Z,1208367,468.835892
469.0,470.9,468.51,9396,469.59,2021-11-19T05:00:00Z,1182262,469.466771
467.45,473.53,467.38,11155,470.88,2021-11-22T05:00:00Z,1514257,470.796731
468.27,469.045,464.46,12691,467.2,2021-11-23T05:00:00Z,1724927,466.733616
469.39,469.54,465.22,10698,466.15,2021-11-24T05:00:00Z,1387007,468.021458
458.91,463.885,457.82,13466,462.4,2021-11-26T05:00:00Z,2310218,460.111683
464.64,466.55,461.73,13379,464.07,2021-11-29T05:00:00Z,2005303,464.510657
456.17,463.89,455.315,20408,462.01,2021-11-30T05:00:00Z,2483997,458.28541
450.44,464.66,450.33,23674,461.64,2021-12-01T05:00:00Z,3281099,458.408442
457.32,459.06,450.36,16897,450.58,2021-12-02T05:00:00Z,2440468,456.140592
453.43,460.27,448.94,18527,459.18,2021-12-03T05:00:00Z,2544503,452.173346
458.84,460.79,453.61,18932,456.13,2021-12-06T05:00:00Z,2296935,458.527509
468.29,468.87,464.36,17536,464.41,2021-12-07T05:00:00Z,2214138,467.61497
469.53,469.995,466.86,13660,468.67,2021-12-08T05:00:00Z,1358914,468.616759
466.37,469.1,466.15,11529,468.13,2021-12-09T05:00:00Z,1240904,467.812327
470.69,470.88,466.52,10432,469.22,2021-12-10T05:00:00Z,1279582,469.000535
466.69,470.56,466.35,10772,470.33,2021-12-13T05:00:00Z,1443330,467.850843
463.38,465.74,460.26,12066,463.03,2021-12-14T05:00:00Z,1666304,462.509142
470.58,470.855,460.81,14755,463.48,2021-12-15T05:00:00Z,2453008,465.497597
466.51,472.86,464.8,17728,472.57,2021-12-16T05:00:00Z,2398682,468.781047
459.85,464.705,458.07,13708,461.63,2021-12-17T05:00:00Z,1788722,461.401094
455.09,455.4,451.15,14381,454.41,2021-12-20T05:00:00Z,1951976,453.457515
463.06,463.205,456.33,11587,458.73,2021-12-21T05:00:00Z,1438023,460.723953
467.7,467.81,462.58,9319,462.65,2021-12-22T05:00:00Z,1186516,466.007328
470.59,472.18,468.65,11342,468.75,2021-12-23T05:00:00Z,1327872,471.143722
477.31,477.31,472.02,8929,472.08,2021-12-27T05:00:00Z,1048955,475.665634
476.885,478.8,476.07,8876,477.72,2021-12-28T05:00:00Z,981087,477.150826
477.48,478.51,475.94,6824,476.97,2021-12-29T05:00:00Z,798714,477.364139
476.18,479.0,475.69,8227,478.05,2021-12-30T05:00:00Z,1079839,477.834086
474.9,476.85,474.68,8258,475.65,2021-12-31T05:00:00Z,978337,475.793025
477.75,477.79,473.855,9223,476.32,2022-01-03T05:00:00Z,1096935,476.620793
477.47,479.98,475.62,13046,479.21,2022-01-04T05:00:00Z,1592794,477.809342
468.5,477.96,468.3,15201,477.25,2022-01-05T05:00:00Z,2124466,472.860785
467.95,470.795,465.43,14238,467.83,2022-01-06T05:00:00Z,1982217,468.582614
465.99,469.19,464.7,7165,467.94,2022-01-07T05:00:00Z,1237553,467.082417
465.57,465.71,456.61,13012,462.72,2022-01-10T05:00:00Z,2037795,460.46473
469.75,469.85,462.07,9525,465.19,2022-01-11T05:00:00Z,1182243,466.498184
471.1,473.18,468.99,7772,471.625,2022-01-12T05:00:00Z,823670,471.119006
464.79,472.83,463.45,11706,472.33,2022-01-13T05:00:00Z,1480043,467.538884
464.58,465.05,459.92,10672,461.13,2022-01-14T05:00:00Z,1526542,462.664407
456.5,459.91,455.34,11392,459.7,2022-01-18T05:00:00Z,1616692,457.297943
451.83,459.59,451.465,11797,458.12,2022-01-19T05:00:00Z,1615078,455.678498
446.58,458.73,446.275,12206,453.67,2022-01-20T05:00:00Z,1946911,453.392314
438.01,448.03,437.97,20766,445.65,2022-01-21T05:00:00Z,3155532,442.227755
440.09,440.36,420.83,23281,432.07,2022-01-24T05:00:00Z,3508516,429.583216
434.49,439.71,427.21,17362,433.085,2022-01-25T05:00:00Z,2831413,433.398967
433.11,444.01,428.88,17705,440.945,2022-01-26T05:00:00Z,2683341,437.128716
431.315,441.55,429.47,14775,438.24,2022-01-27T05:00:00Z,2283525,434.252597
441.95,441.99,427.83,18335,432.71,2022-01-28T05:00:00Z,2725224,435.062255
449.815,450.28,439.86,16792,441.22,2022-01-31T05:00:00Z,2210038,446.737264
452.87,453.6,446.95,10030,450.7,2022-02-01T05:00:00Z,1315722,450.737248
457.19,458.12,453.06,9486,455.46,2022-02-02T05:00:00Z,1506614,455.996144
446.45,452.92,445.76,11786,450.98,2022-02-03T05:00:00Z,1709160,449.511731
448.75,452.77,443.87,11860,446.37,2022-02-04T05:00:00Z,1571603,448.717618
447.24,450.96,445.88,6199,449.51,2022-02-07T05:00:00Z,915456,448.307541
450.79,451.86,445.26,6678,446.76,2022-02-08T05:00:00Z,1066565,449.110028
457.41,457.79,455.04,9830,455.22,2022-02-09T05:00:00Z,1363613,456.543036
449.38,457.68,447.21,15391,451.36,2022-02-10T05:00:00Z,2187584,452.367248
440.42,451.54,438.97,15049,449.37,2022-02-11T05:00:00Z,2442797,443.083946
438.89,441.585,435.375,9547,439.96,2022-02-14T05:00:00Z,1353964,438.801055
445.99,446.27,443.25,8246,443.82,2022-02-15T05:00:00Z,971379,444.992628
446.68,447.93,441.96,7916,443.96,2022-02-16T05:00:00Z,1044875,444.780964
436.98,443.73,436.425,11549,443.38,2022-02-17T05:00:00Z,1471785,439.201884
434.27,438.64,431.87,12914,437.37,2022-02-18T05:00:00Z,1718599,434.953883
429.58,435.5,425.9,19168,432.05,2022-02-22T05:00:00Z,2494412,430.289777
422.05,433.22,421.37,15390,432.59,2022-02-23T05:00:00Z,2181670,426.213784
428.31,428.71,410.65,18655,411.05,2022-02-24T05:00:00Z,2457055,418.943423
437.65,437.815,427.935,14939,429.58,2022-02-25T05:00:00Z,1794538,434.8271
436.49,438.17,430.7,14592,431.99,2022-02-28T05:00:00Z,2056557,434.146077
429.93,437.15,427.27,15024,435.09,2022-03-01T05:00:00Z,2051122,430.784647
437.79,439.62,431.68,12959,432.39,2022-03-02T05:00:00Z,1551924,436.800024
435.75,441.085,433.86,12994,440.4,2022-03-03T05:00:00Z,1501648,437.013564
432.15,433.36,427.95,12817,431.75,2022-03-04T05:00:00Z,1529061,430.525988
419.47,431.81,419.39,17979,431.51,2022-03-07T05:00:00Z,2501177,423.144137
416.31,427.2,415.17,23243,419.66,2022-03-08T05:00:00Z,3256913,420.531723
427.45,429.5,422.86,13170,425.15,2022-03-09T05:00:00Z,2191544,427.001325
425.48,426.415,420.44,14122,422.55,2022-03-10T05:00:00Z,2202301,423.515364
420.07,428.71,419.55,13953,428.15,2022-03-11T05:00:00Z,2088256,424.163622
416.94,424.51,415.79,16252,420.95,2022-03-14T04:00:00Z,2561937,418.725771
426.17,426.835,418.44,17082,419.74,2022-03-15T04:00:00Z,2612143,423.473798
435.67,435.67,424.85,17525,429.89,2022-03-16T04:00:00Z,2848672,430.902854
441.05,441.05,433.21,13290,433.71,2022-03-17T04:00:00Z,2107649,437.31572
444.35,444.845,437.23,12686,438.04,2022-03-18T04:00:00Z,1853532,441.705534
444.39,446.46,440.69,14070,444.67,2022-03-21T04:00:00Z,1923850,443.694638
449.61,450.58,445.94,9920,446.0,2022-03-22T04:00:00Z,1367707,448.7993
443.8,448.46,443.79,12278,446.88,2022-03-23T04:00:00Z,1533798,446.206029
450.42,450.44,444.79,9225,445.9,2022-03-24T04:00:00Z,1175556,447.989743
452.65,452.96,448.45,9750,451.125,2022-03-25T04:00:00Z,1147220,450.908962
455.85,455.87,450.11,7327,452.09,2022-03-28T04:00:00Z,972411,453.134985
461.59,462.055,457.2,15815,460.04,2022-03-29T04:00:00Z,1995564,459.782138
458.63,461.185,456.47,9858,460.37,2022-03-30T04:00:00Z,1142267,458.935104
451.8,458.73,451.59,12947,458.0,2022-03-31T04:00:00Z,1732118,455.266983
452.93,453.43,449.19,9079,453.28,2022-04-01T04:00:00Z,1247893,451.557765
456.71,456.83,452.29,10175,453.07,2022-04-04T04:00:00Z,1164303,455.374855
451.23,457.81,449.9,12597,455.23,2022-04-05T04:00:00Z,1793188,452.923492
446.64,448.93,443.47,14972,446.86,2022-04-06T04:00:00Z,2303884,446.093793
448.71,450.66,443.57,12957,445.71,2022-04-07T04:00:00Z,1971889,447.235095
447.63,450.57,445.98,9504,448.1,2022-04-08T04:00:00Z,1579934,448.195212
440.01,445.0,439.41,12699,444.16,2022-04-11T04:00:00Z,1942981,441.969364
438.28,445.67,436.655,14851,443.15,2022-04-12T04:00:00Z,2364634,439.901131
443.33,444.06,437.91,8555,437.99,2022-04-13T04:00:00Z,1137623,441.626772
437.95,444.695,437.685,10007,443.58,2022-04-14T04:00:00Z,1480474,440.328936
438.01,439.72,435.62,9062,436.89,2022-04-18T04:00:00Z,1239780,437.525718
444.91,445.79,437.72,10405,437.97,2022-04-19T04:00:00Z,1593310,443.401462
444.71,447.56,443.505,8451,446.94,2022-04-20T04:00:00Z,1267461,445.611319
437.92,449.99,437.13,10728,448.65,2022-04-21T04:00:00Z,1677539,442.879497
426.05,437.17,425.46,14527,436.85,2022-04-22T04:00:00Z,2520022,430.209197
428.56,428.68,418.84,16649,423.66,2022-04-25T04:00:00Z,2446712,423.497068
416.09,425.99,416.07,17900,425.76,2022-04-26T04:00:00Z,3107121,420.129453
417.19,422.92,415.02,12372,417.23,2022-04-27T04:00:00Z,1884990,419.067095
427.75,429.6,417.6,18434,422.24,2022-04-28T04:00:00Z,2901392,424.926003
411.91,425.84,411.22,20883,423.61,2022-04-29T04:00:00Z,3563548,416.987945
414.6,415.87,405.07,21495,412.03,2022-05-02T04:00:00Z,3327180,410.772375
416.33,418.92,413.39,12302,414.99,2022-05-03T04:00:00Z,1816807,416.189967
429.08,429.62,413.72,19847,417.07,2022-05-04T04:00:00Z,2997683,421.9012
414.2,424.61,409.49,25192,424.54,2022-05-05T04:00:00Z,4327815,414.876613
411.55,414.755,405.73,18877,411.12,2022-05-06T04:00:00Z,2839887,410.118394
398.26,406.35,396.52,19257,405.1,2022-05-09T04:00:00Z,3073074,400.834904
399.08,406.075,394.82,23079,404.7,2022-05-10T04:00:00Z,3043393,400.425827
392.72,403.97,391.99,19726,398.05,2022-05-11T04:00:00Z,2891288,397.370261
392.39,395.73,385.16,25962,389.52,2022-05-12T04:00:00Z,3669221,389.462012
401.61,403.17,395.625,17694,396.8,2022-05-13T04:00:00Z,2496868,400.258717
400.26,403.94,397.62,12495,400.02,2022-05-16T04:00:00Z,2126515,400.620645
408.32,408.45,402.62,16445,406.5,2022-05-17T04:00:00Z,2344311,406.212873
391.94,403.78,390.55,18292,403.535,2022-05-18T04:00:00Z,2791976,394.809069
389.41,394.1,387.205,13874,388.61,2022-05-19T04:00:00Z,2361296,390.392481
389.59,393.76,380.56,20217,393.28,2022-05-20T04:00:00Z,3193677,386.017097
396.96,397.7,390.4,13982,392.94,2022-05-23T04:00:00Z,1917353,395.018517
394.04,395.15,387.06,15893,392.565,2022-05-24T04:00:00Z,2426004,391.121589
397.4,399.43,391.97,13248,392.31,2022-05-25T04:00:00Z,1743436,395.923937
405.31,407.03,398.53,17326,398.53,2022-05-26T04:00:00Z,2200921,404.74198
415.35,415.35,407.77,16069,407.95,2022-05-27T04:00:00Z,2162002,412.420359
412.96,416.45,410.03,16066,413.595,2022-05-31T04:00:00Z,2083148,413.506475
409.61,416.24,406.97,14427,415.14,2022-06-01T04:00:00Z,1869336,410.760454
417.37,417.43,407.07,16959,409.38,2022-06-02T04:00:00Z,2054041,412.995015
410.51,414.02,409.53,14440,412.45,2022-06-03T04:00:00Z,1882423,411.372559
411.69,416.58,410.57,11535,414.8,2022-06-06T04:00:00Z,1558059,413.291479
415.75,416.22,407.64,12173,408.06,2022-06-07T04:00:00Z,1484530,413.096777
411.3,415.8,410.39,13690,413.87,2022-06-08T04:00:00Z,1624210,412.60546
401.45,411.71,401.45,15212,409.32,2022-06-09T04:00:00Z,1956316,406.939301
389.76,395.75,389.76,21397,394.875,2022-06-10T04:00:00Z,2613512,391.786326
375.08,381.77,373.33,27577,379.89,2022-06-13T04:00:00Z,3778833,377.175308
373.83,377.91,370.59,15124,376.89,2022-06-14T04:00:00Z,1984160,374.125238
379.2,383.84,372.14,22520,377.335,2022-06-15T04:00:00Z,3169544,378.203284
367.08,370.925,364.12,21701,370.51,2022-06-16T04:00:00Z,3220976,366.974029
365.81,369.38,362.18,17580,365.47,2022-06-17T04:00:00Z,2502209,366.535702
375.12,376.51,371.83,14251,371.87,2022-06-21T04:00:00Z,1585797,374.922413
374.33,378.71,370.18,12492,370.57,2022-06-22T04:00:00Z,1541028,375.508092
378.23,378.815,372.9,11549,376.67,2022-06-23T04:00:00Z,1358761,376.111462
390.07,390.07,381.37,17140,381.44,2022-06-24T04:00:00Z,2042323,386.993361
388.67,391.3,387.445,11473,391.06,2022-06-27T04:00:00Z,1379071,389.010265
380.83,392.995,380.545,10428,390.16,2022-06-28T04:00:00Z,1434998,385.106286
380.43,382.25,378.45,10425,381.23,2022-06-29T04:00:00Z,1347481,380.345342
377.285,380.61,372.6,15745,376.29,2022-06-30T04:00:00Z,2090833,376.926183
381.11,381.67,373.87,10850,376.59,2022-07-01T04:00:00Z,1365163,378.062049
381.98,381.98,372.91,10277,376.32,2022-07-05T04:00:00Z,1250596,376.933929
383.31,385.84,379.61,10096,382.105,2022-07-06T04:00:00Z,1333191,382.409573
388.84,389.82,385.15,11328,385.16,2022-07-07T04:00:00Z,1200997,388.097142
388.55,390.635,385.72,9552,387.27,2022-07-08T04:00:00Z,1023870,388.624905
384.19,386.825,383.515,8302,385.85,2022-07-11T04:00:00Z,1055393,384.811001
380.9,386.11,378.995,9805,383.63,2022-07-12T04:00:00Z,1145027,382.577723
378.86,381.9,374.66,12060,375.18,2022-07-13T04:00:00Z,1560393,378.812782
377.955,378.54,371.07,10746,373.61,2022-07-14T04:00:00Z,1449695,375.024529
384.92,385.245,380.59,13566,382.59,2022-07-15T04:00:00Z,1426821,383.831492
382.02,389.08,380.68,12785,388.39,2022-07-18T04:00:00Z,1375367,385.669711
392.17,392.84,385.44,14349,386.18,2022-07-19T04:00:00Z,1603480,390.176843
394.86,396.25,391.05,12136,392.42,2022-07-20T04:00:00Z,1373750,394.275523
398.84,398.84,391.67,10495,394.14,2022-07-21T04:00:00Z,1140760,395.658539
395.13,400.17,392.76,15251,398.79,2022-07-22T04:00:00Z,1518449,395.669502
395.49,396.44,393.23,9590,395.84,2022-07-25T04:00:00Z,792134,394.932006
390.79,394.04,389.96,9717,393.72,2022-07-26T04:00:00Z,918302,391.54146
401.02,402.85,394.09,16652,394.47,2022-07-27T04:00:00Z,2266143,399.299216
405.92,406.79,398.19,15802,401.88,2022-07-28T04:00:00Z,1633561,403.074172
412.13,413.0,406.8,11447,407.62,2022-07-29T04:00:00Z,1387388,411.008057
410.77,413.39,408.4,10526,409.18,2022-08-01T04:00:00Z,1194335,410.904579
408.13,412.96,406.9,10183,409.13,2022-08-02T04:00:00Z,1041460,409.730958
414.39,415.65,410.03,9154,410.3,2022-08-03T04:00:00Z,945100,413.530669
414.17,415.04,412.505,6857,414.39,2022-08-04T04:00:00Z,754368,414.105046
413.43,414.13,409.6,8387,409.7,2022-08-05T04:00:00Z,1001026,412.454361
412.92,417.62,411.89,8466,415.23,2022-08-08T04:00:00Z,997879,415.020404
411.38,412.67,410.23,8999,412.23,2022-08-09T04:00:00Z,904719,411.233896
419.82,420.14,416.73,9500,418.78,2022-08-10T04:00:00Z,1238604,419.018659
420.02,424.94,419.24,9869,423.01,2022-08-11T04:00:00Z,1196335,421.685895
427.03,427.2,421.08,9460,422.04,2022-08-12T04:00:00Z,956808,425.006946
428.9,429.34,424.77,10780,424.82,2022-08-15T04:00:00Z,1071259,427.860704
429.72,431.71,426.895,9366,427.73,2022-08-16T04:00:00Z,889212,429.314272
426.67,429.48,424.565,7557,425.96,2022-08-17T04:00:00Z,955055,426.717553
427.82,428.6,425.525,8369,426.86,2022-08-18T04:00:00Z,843759,427.102615
422.19,425.24,421.245,10660,424.85,2022-08-19T04:00:00Z,1311955,422.720965
413.41,417.225,412.405,13776,417.04,2022-08-22T04:00:00Z,1506564,414.255567
412.3,415.405,411.78,10489,412.84,2022-08-23T04:00:00Z,1094373,413.292157
413.66,415.105,411.47,7857,412.03,2022-08-24T04:00:00Z,820436,413.48442
419.52,419.56,414.15,9083,415.22,2022-08-25T04:00:00Z,953924,416.987578
405.35,419.89,405.29,11450,419.46,2022-08-26T04:00:00Z,1616118,410.451273
402.63,405.82,401.2,13862,402.22,2022-08-29T04:00:00Z,1459284,403.370348
398.17,404.03,396.01,12943,403.97,2022-08-30T04:00:00Z,1586931,398.551439
395.11,401.21,395.05,12128,399.92,2022-08-31T04:00:00Z,1484931,397.319771
396.33,396.78,390.06,14485,392.84,2022-09-01T04:00:00Z,1672423,393.038504
392.19,401.55,390.335,17184,400.27,2022-09-02T04:00:00Z,2121598,395.2897
390.83,394.12,388.475,10423,393.15,2022-09-06T04:00:00Z,1205303,391.265108
397.82,398.55,390.3,10486,390.41,2022-09-07T04:00:00Z,1216815,395.511435
400.375,400.85,394.17,13754,395.34,2022-09-08T04:00:00Z,1898322,397.965792
406.51,407.51,402.5,11470,402.74,2022-09-09T04:00:00Z,1405507,405.892879
411.02,411.71,408.5,9447,408.77,2022-09-12T04:00:00Z,1053304,410.315733
393.03,403.1,391.93,25185,401.8,2022-09-13T04:00:00Z,2951925,397.104671
394.53,396.08,391.15,10473,394.44,2022-09-14T04:00:00Z,1111740,393.751617
390.19,395.92,388.81,12398,392.97,2022-09-15T04:00:00Z,1620604,391.964117
385.58,386.25,382.11,16554,384.14,2022-09-16T04:00:00Z,1669994,384.278395
388.515,388.52,382.18,8070,382.27,2022-09-19T04:00:00Z,897971,386.158801
384.22,386.01,381.21,16330,385.065,2022-09-20T04:00:00Z,1647627,383.731321
377.39,389.29,377.39,14649,386.12,2022-09-21T04:00:00Z,2085917,383.588059
374.29,377.66,373.495,12577,376.58,2022-09-22T04:00:00Z,1288498,375.390072
368.19,370.57,363.3,19381,370.55,2022-09-23T04:00:00Z,2136439,366.672682
364.33,370.19,363.05,14461,366.42,2022-09-26T04:00:00Z,1847635,365.934073
363.395,370.38,360.93,11332,368.01,2022-09-27T04:00:00Z,1506076,364.595492
370.52,372.3,362.63,15700,364.36,2022-09-28T04:00:00Z,2006135,367.745962
362.76,367.04,359.72,18062,366.81,2022-09-29T04:00:00Z,2229924,362.361042
357.21,365.82,357.11,22029,361.91,2022-09-30T04:00:00Z,2816620,360.879748
366.66,368.54,359.335,13864,361.04,2022-10-03T04:00:00Z,1618750,365.424889
377.99,377.99,372.35,12149,372.42,2022-10-04T04:00:00Z,1487082,376.218514
377.19,379.44,370.97,11117,373.39,2022-10-05T04:00:00Z,1490642,374.914723
373.19,378.68,372.68,11525,375.61,2022-10-06T04:00:00Z,1464188,374.716403
362.75,369.22,360.945,12057,369.0,2022-10-07T04:00:00Z,1786980,364.259771
360.08,364.17,357.74,9813,363.97,2022-10-10T04:00:00Z,1239893,360.950967
357.86,362.98,355.75,12255,358.24,2022-10-11T04:00:00Z,1607080,358.588318
356.52,359.8,356.33,9299,358.32,2022-10-12T04:00:00Z,1308393,357.977097
366.08,367.495,348.125,14960,349.21,2022-10-13T04:00:00Z,2869450,360.169918
357.68,370.23,356.96,11708,368.56,2022-10-14T04:00:00Z,1802519,360.807605
366.86,367.97,363.97,12875,364.0,2022-10-17T04:00:00Z,1484072,366.554027
371.19,375.41,367.56,8876,375.13,2022-10-18T04:00:00Z,1258448,371.182659
368.53,371.8,365.685,7220,368.33,2022-10-19T04:00:00Z,949998,368.360341
365.4,372.66,364.62,14731,368.02,2022-10-20T04:00:00Z,1564765,367.768829
374.3,374.785,363.71,12446,365.12,2022-10-21T04:00:00Z,1582516,371.428339
378.77,380.04,373.145,11584,375.91,2022-10-24T04:00:00Z,1388193,377.432283
384.83,385.235,378.78,9455,378.87,2022-10-25T04:00:00Z,1211118,383.302879
382.13,387.55,381.36,13128,381.62,2022-10-26T04:00:00Z,1585903,383.552249
380.07,384.93,379.33,14747,383.28,2022-10-27T04:00:00Z,1493070,381.440923
388.99,389.52,379.695,15064,379.87,2022-10-28T04:00:00Z,1568316,386.505473
386.22,388.38,385.34,14100,386.4,2022-10-31T04:00:00Z,1745821,386.650703
384.51,390.37,383.39,9738,390.145,2022-11-01T04:00:00Z,1294546,385.762307
375.02,388.61,374.96,15965,383.97,2022-11-02T04:00:00Z,2467552,381.587949
371.035,374.2,368.82,13925,371.41,2022-11-03T04:00:00Z,1643995,371.953569
376.14,378.75,370.06,12290,377.0,2022-11-04T04:00:00Z,1658118,374.218854
380.01,380.56,375.53,9820,377.83,2022-11-07T05:00:00Z,1250909,378.471888
381.93,385.12,377.73,12257,381.11,2022-11-08T05:00:00Z,1721182,381.922674
374.17,381.13,373.63,10196,379.87,2022-11-09T05:00:00Z,1329373,377.064948
394.485,395.035,385.67,18479,388.01,2022-11-10T05:00:00Z,2435337,391.248462
398.5,399.35,393.66,16030,395.65,2022-11-11T05:00:00Z,1448532,397.109506
394.92,400.17,394.855,8447,396.67,2022-11-14T05:00:00Z,1002684,397.5516
398.53,402.29,394.57,15381,401.15,2022-11-15T05:00:00Z,1826755,398.853951
395.51,397.68,394.88,9696,396.75,2022-11-16T05:00:00Z,1240798,396.031552
394.32,394.92,390.16,9648,390.48,2022-11-17T05:00:00Z,1403944,392.277058
396.23,397.7,393.07,9111,397.7,2022-11-18T05:00:00Z,1175909,395.24767
394.56,395.71,392.8,8706,394.665,2022-11-21T05:00:00Z,897412,394.479126
399.87,400.055,395.22,9512,396.65,2022-11-22T05:00:00Z,990774,398.241462
402.24,402.93,399.33,9526,399.56,2022-11-23T05:00:00Z,1040098,401.545316
402.26,402.89,401.575,4072,401.85,2022-11-25T05:00:00Z,354072,402.280544
395.9,400.78,395.125,11394,399.095,2022-11-28T05:00:00Z,987539,397.417043
395.325,397.26,393.35,7984,396.05,2022-11-29T05:00:00Z,905449,395.157478
407.45,407.53,393.575,13739,395.495,2022-11-30T05:00:00Z,2347320,401.107713
407.41,409.96,404.77,12108,408.79,2022-12-01T05:00:00Z,1340246,407.406716
406.855,407.83,402.295,10684,402.295,2022-12-02T05:00:00Z,1198086,404.91812
399.61,404.91,398.18,14179,403.83,2022-12-05T05:00:00Z,1595237,400.999157
393.93,399.99,391.665,11136,399.41,2022-12-06T05:00:00Z,1213050,394.509073
393.11,395.62,392.04,8569,392.83,2022-12-07T05:00:00Z,905487,393.390365
396.135,397.34,393.59,8642,395.05,2022-12-08T05:00:00Z,1050916,395.848115
393.295,397.6,393.165,9922,394.94,2022-12-09T05:00:00Z,1051349,395.485725
398.905,398.91,393.42,8574,394.11,2022-12-12T05:00:00Z,986494,396.055991
402.03,410.31,399.11,13663,410.3,2022-12-13T05:00:00Z,1730605,403.958066
399.39,405.36,396.33,12997,401.63,2022-12-14T05:00:00Z,1636933,401.317328
389.81,395.205,387.915,16718,394.33,2022-12-15T05:00:00Z,2089252,390.052484
383.35,386.49,381.08,14496,385.16,2022-12-16T05:00:00Z,1699530,383.420482
380.0,383.78,378.305,10733,383.535,2022-12-19T05:00:00Z,979700,380.522579
380.49,382.195,377.865,6310,379.18,2022-12-20T05:00:00Z,612906,380.416928
386.13,387.365,382.735,7141,383.27,2022-12-21T05:00:00Z,705913,385.53829
380.73,383.365,374.77,13667,383.01,2022-12-22T05:00:00Z,1432802,378.835911
382.75,383.04,378.06,9185,379.66,2022-12-23T05:00:00Z,666399,381.281148
381.335,383.075,379.67,10235,382.88,2022-12-27T05:00:00Z,609727,381.533104
376.69,383.33,376.51,11861,381.33,2022-12-28T05:00:00Z,918689,378.973416
383.37,384.34,379.12,11648,379.69,2022-12-29T05:00:00Z,1118483,382.986937
382.47,382.57,378.44,9571,380.66,2022-12-30T05:00:00Z,933670,380.458101
380.92,386.425,377.89,10605,384.33,2023-01-03T05:00:00Z,1210981,381.028394
383.75,385.82,380.05,12106,383.2,2023-01-04T05:00:00Z,1313126,383.267016
379.34,381.83,378.8,9828,381.56,2023-01-05T05:00:00Z,1041106,380.045589
388.01,389.24,379.56,14524,382.71,2023-01-06T05:00:00Z,1593344,386.225243
387.9,393.64,387.67,12268,390.375,2023-01-09T05:00:00Z,930814,390.839381
390.6,390.63,386.28,11158,387.21,2023-01-10T05:00:00Z,835820,389.09566
395.55,395.59,391.48,9867,392.38,2023-01-11T05:00:00Z,963241,393.703735
397.03,398.46,392.46,11479,396.74,2023-01-12T05:00:00Z,1081572,396.199477
398.49,399.08,393.38,11669,393.65,2023-01-13T05:00:00Z,833579,396.839622
397.75,400.19,397.1,10999,398.52,2023-01-17T05:00:00Z,861542,398.235019
391.59,400.1,391.3,13330,399.14,2023-01-18T05:00:00Z,1636291,394.160725
388.57,391.06,387.3,12302,389.16,2023-01-19T05:00:00Z,1224701,389.26785
395.89,396.03,388.42,12531,389.95,2023-01-20T05:00:00Z,1232221,392.955109
400.59,402.635,395.74,13319,396.82,2023-01-23T05:00:00Z,1240802,400.077897
400.21,401.145,397.72,9389,398.88,2023-01-24T05:00:00Z,804302,399.839221
400.245,400.68,393.59,13043,395.83,2023-01-25T05:00:00Z,1223209,397.426913
404.75,404.91,400.04,12242,403.21,2023-01-26T05:00:00Z,1024840,402.661288
405.68,408.145,403.485,12096,403.73,2023-01-27T05:00:00Z,1154808,406.106561
400.63,405.1,400.305,14100,402.745,2023-01-30T05:00:00Z,1351155,402.20673
406.5,406.51,400.86,11911,401.12,2023-01-31T05:00:00Z,1102712,403.980586
410.65,413.65,402.39,13663,405.1,2023-02-01T05:00:00Z,1473487,407.27026
416.73,418.27,412.89,17426,414.85,2023-02-02T05:00:00Z,1588666,415.626643
412.31,416.91,411.125,12938,411.55,2023-02-03T05:00:00Z,1127556,413.604413
409.95,411.23,408.11,9927,409.82,2023-02-06T05:00:00Z,759146,409.958736
415.25,416.49,407.74,12575,408.89,2023-02-07T05:00:00Z,1295710,411.90294
410.7,414.53,409.97,14426,413.15,2023-02-08T05:00:00Z,1526958,411.461177
407.15,414.55,405.89,16275,414.5,2023-02-09T05:00:00Z,1545776,409.381942
408.01,408.44,405.045,12146,405.94,2023-02-10T05:00:00Z,1082160,407.003091
412.74,412.96,408.24,10657,408.76,2023-02-13T05:00:00Z,888501,411.688725
412.72,415.02,408.52,11979,411.24,2023-02-14T05:00:00Z,1157809,412.07961
413.955,413.955,409.785,10210,410.44,2023-02-15T05:00:00Z,821878,412.120701
408.27,412.91,408.2,11785,408.82,2023-02-16T05:00:00Z,1163982,410.437831
407.255,407.49,404.075,13545,405.97,2023-02-17T05:00:00Z,1227607,405.875165
399.06,404.075,398.83,15519,403.1,2023-02-21T05:00:00Z,1516566,400.429589
398.53,401.13,397.03,12056,399.51,2023-02-22T05:00:00Z,1170602,398.916009
400.6,402.2,396.29,11958,401.53,2023-02-23T05:00:00Z,1399412,399.524615
396.44,397.235,393.69,12701,395.4,2023-02-24T05:00:00Z,1237939,395.431669
397.695,401.21,396.77,9968,399.92,2023-02-27T05:00:00Z,874279,398.738538
396.26,399.23,396.26,11621,397.29,2023-02-28T05:00:00Z,1008867,397.667413
394.715,396.675,393.4,10160,395.38,2023-03-01T05:00:00Z,1054008,394.974195
397.83,398.685,392.37,14689,392.69,2023-03-02T05:00:00Z,1345473,395.396432
404.175,404.415,399.035,12460,399.71,2023-03-03T05:00:00Z,1236338,402.53941
404.45,407.44,404.03,10766,405.13,2023-03-06T05:00:00Z,1000217,405.55069
398.29,404.65,397.625,14966,404.415,2023-03-07T05:00:00Z,1385511,399.975906
398.87,399.7,396.62,11698,398.41,2023-03-08T05:00:00Z,1166923,398.064224
391.65,401.46,390.535,19689,399.74,2023-03-09T05:00:00Z,1863803,395.39108
385.885,393.14,384.34,25055,390.98,2023-03-10T05:00:00Z,2663479,387.799602
385.33,390.32,380.69,24736,381.78,2023-03-13T04:00:00Z,2716899,386.288359
391.68,393.41,387.06,25291,390.49,2023-03-14T04:00:00Z,2748577,390.540554
389.29,389.41,383.74,22171,385.72,2023-03-15T04:00:00Z,2281311,386.791871
396.03,396.43,386.3,17071,386.99,2023-03-16T04:00:00Z,1918071,392.903062
390.12,394.29,388.555,15988,393.2,2023-03-17T04:00:00Z,1802218,390.745141
393.58,394.15,390.11,16081,390.82,2023-03-20T04:00:00Z,1518151,392.599416
398.88,399.4,395.59,15047,397.26,2023-03-21T04:00:00Z,1626744,397.370585
392.19,402.48,392.12,15557,398.735,2023-03-22T04:00:00Z,1863383,398.589297
393.29,399.275,390.41,16149,395.08,2023-03-23T04:00:00Z,1692167,395.214528
395.7,395.83,389.4,14095,391.81,2023-03-24T04:00:00Z,1347657,393.051091
396.42,398.87,395.56,14312,398.13,2023-03-27T04:00:00Z,1319918,397.006521
395.695,396.44,393.7,10882,395.74,2023-03-28T04:00:00Z,984276,395.1408
401.33,401.595,398.73,16182,399.93,2023-03-29T04:00:00Z,1505353,400.181346
403.63,404.34,401.76,13852,404.06,2023-03-30T04:00:00Z,1340759,403.184536
409.37,409.67,404.6,14776,404.68,2023-03-31T04:00:00Z,1675630,407.083473
411.01,411.37,408.45,14401,408.87,2023-04-03T04:00:00Z,1488912,409.965041
408.7,411.92,407.26,14901,411.61,2023-04-04T04:00:00Z,1683185,409.107836
407.63,408.61,405.9,13497,407.88,2023-04-05T04:00:00Z,1219176,407.218859
409.22,409.47,405.69,14965,406.77,2023-04-06T04:00:00Z,1496736,408.131202
409.68,409.68,405.985,13008,406.6,2023-04-10T04:00:00Z,1217743,407.791367
409.695,411.16,408.95,11292,410.12,2023-04-11T04:00:00Z,1023249,410.108206
408.04,412.16,407.45,13181,411.92,2023-04-12T04:00:00Z,1275272,409.74144
413.4,413.835,408.72,15579,409.21,2023-04-13T04:00:00Z,1685404,411.87296
412.495,415.09,410.085,12242,412.85,2023-04-14T04:00:00Z,1199080,412.12306
413.94,413.94,411.095,10876,412.38,2023-04-17T04:00:00Z,1127392,412.548882
414.215,415.72,412.79,15494,415.63,2023-04-18T04:00:00Z,1267974,414.065129
414.26,415.06,412.21,11245,412.21,2023-04-19T04:00:00Z,1075031,413.630891
411.835,413.69,410.27,11444,411.18,2023-04-20T04:00:00Z,1364870,411.889081
412.16,412.66,410.24,10150,412.11,2023-04-21T04:00:00Z,937587,411.793184
412.63,413.05,410.62,9286,411.98,2023-04-24T04:00:00Z,1002044,412.034816
406.12,411.14,406.04,15209,410.57,2023-04-25T04:00:00Z,1599541,408.005868
404.37,407.83,403.785,16644,406.75,2023-04-26T04:00:00Z,1650310,405.638654
412.38,412.675,406.75,17076,406.99,2023-04-27T04:00:00Z,1994345,410.198466
415.9,415.925,411.47,14287,411.48,2023-04-28T04:00:00Z,1694498,414.446493
415.56,417.6,415.275,11265,415.48,2023-05-01T04:00:00Z,1060641,416.236188
410.825,414.8,407.82,15259,414.79,2023-05-02T04:00:00Z,1700866,410.556187
407.96,413.84,407.79,10326,411.38,2023-05-03T04:00:00Z,1080213,410.865958
404.965,407.165,403.75,14807,406.92,2023-05-04T04:00:00Z,1700198,405.358252
412.68,413.7,408.65,13933,408.76,2023-05-05T04:00:00Z,1547470,411.581136
412.8,413.22,411.285,9992,412.96,2023-05-08T04:00:00Z,926139,412.503606
410.94,412.07,410.72,9476,411.15,2023-05-09T04:00:00Z,842492,411.324893
412.68,414.51,408.88,13850,413.88,2023-05-10T04:00:00Z,1426892,411.907208
412.08,412.39,409.97,8951,411.965,2023-05-11T04:00:00Z,988495,411.265833
411.61,413.63,409.11,8713,413.43,2023-05-12T04:00:00Z,999381,410.89378
413.02,413.39,410.26,8458,412.27,2023-05-15T04:00:00Z,813583,412.01462
410.28,412.78,410.25,9289,411.85,2023-05-16T04:00:00Z,1008235,411.489139
415.14,415.84,410.65,12506,412.34,2023-05-17T04:00:00Z,1343616,414.033074
419.215,419.66,414.7,10871,414.96,2023-05-18T04:00:00Z,1147069,417.201271
418.58,420.71,417.355,10308,420.2,2023-05-19T04:00:00Z,1158018,418.946408
418.77,420.37,417.37,8576,418.8,2023-05-22T04:00:00Z,925017,419.142206
414.135,418.06,413.685,11175,417.09,2023-05-23T04:00:00Z,1111986,415.815852
410.985,412.78,409.895,11157,412.41,2023-05-24T04:00:00Z,1204304,411.029899
414.62,416.07,412.43,12651,414.74,2023-05-25T04:00:00Z,1534315,414.224823
419.96,420.76,415.28,14236,415.33,2023-05-26T04:00:00Z,1594225,419.298841
420.135,422.575,418.76,10500,422.03,2023-05-30T04:00:00Z,1165756,420.553836
417.86,419.19,416.23,12847,418.26,2023-05-31T04:00:00Z,1585308,417.69383
421.79,422.92,416.855,12564,418.205,2023-06-01T04:00:00Z,1280781,420.701257
427.735,428.73,423.98,14856,424.58,2023-06-02T04:00:00Z,1485046,427.233539
427.1,429.67,426.38,9298,428.22,2023-06-05T04:00:00Z,1042292,428.071805
428.03,428.56,426.035,11370,426.67,2023-06-06T04:00:00Z,1132909,427.532158
426.57,429.6,426.13,12433,428.46,2023-06-07T04:00:00Z,1513065,427.338988
429.17,429.57,425.855,9324,426.565,2023-06-08T04:00:00Z,959745,428.280706
429.99,431.99,428.885,8933,430.08,2023-06-09T04:00:00Z,980638,430.383353
433.82,433.855,430.17,8910,430.925,2023-06-12T04:00:00Z,872286,431.996146
436.67,437.32,434.68,12166,435.41,2023-06-13T04:00:00Z,1434752,436.356502
437.14,439.03,433.655,9237,437.1,2023-06-14T04:00:00Z,1154840,436.623495
442.59,443.88,436.28,13512,436.38,2023-06-15T04:00:00Z,1762275,441.098083
439.28,443.11,438.98,10110,443.11,2023-06-16T04:00:00Z,1108906,440.942685
437.24,438.36,435.03,11064,437.43,2023-06-20T04:00:00Z,1191787,436.994298
434.85,436.97,434.37,8745,436.2,2023-06-21T04:00:00Z,1178565,435.464099
436.57,436.62,433.64,8750,433.99,2023-06-22T04:00:00Z,870482,435.301569
433.16,435.05,432.5,10825,432.96,2023-06-23T04:00:00Z,1161180,433.523681
431.4,434.55,431.205,9720,432.64,2023-06-26T04:00:00Z,1025359,432.646608
436.14,436.8,431.915,10174,432.39,2023-06-27T04:00:00Z,1114166,435.119355
436.34,437.42,434.41,8053,435.09,2023-06-28T04:00:00Z,934658,435.614623
438.14,438.265,435.62,8443,435.94,2023-06-29T04:00:00Z,762559,437.300117
443.22,444.22,441.18,8831,441.44,2023-06-30T04:00:00Z,1112022,443.22616
443.89,444.07,442.65,5051,442.94,2023-07-03T04:00:00Z,370605,443.60843
443.14,443.87,441.91,7625,441.93,2023-07-05T04:00:00Z,673063,443.295883
439.69,440.07,437.07,10275,439.39,2023-07-06T04:00:00Z,1061407,438.643062
438.52,442.64,438.305,10432,438.63,2023-07-07T04:00:00Z,1211901,440.61638
439.65,439.825,437.59,8434,438.19,2023-07-10T04:00:00Z,906011,438.896857
442.5,442.94,439.45,9722,440.455,2023-07-11T04:00:00Z,759246,441.19109
446.0,447.465,444.91,9239,446.42,2023-07-12T04:00:00Z,1025074,446.24143
449.61,450.375,447.485,10976,447.895,2023-07-13T04:00:00Z,1121925,448.919647
449.33,451.35,448.58,8850,450.6,2023-07-14T04:00:00Z,827887,449.872285
450.86,451.92,449.13,7166,449.13,2023-07-17T04:00:00Z,757125,450.597287
454.22,454.845,450.1,10919,450.53,2023-07-18T04:00:00Z,1195584,453.156001
455.05,456.425,454.4,9248,455.22,2023-07-19T04:00:00Z,911992,455.48622
452.26,455.08,451.46,10436,454.16,2023-07-20T04:00:00Z,1078576,453.319007
452.2,454.14,452.18,9567,453.93,2023-07-21T04:00:00Z,912338,453.063994
454.19,455.01,452.75,7914,453.38,2023-07-24T04:00:00Z,745375,454.081123
455.36,456.71,453.915,9710,453.95,2023-07-25T04:00:00Z,790450,455.472826
455.505,456.9,453.41,9096,454.5,2023-07-26T04:00:00Z,916421,454.815909
452.5,459.44,451.58,12615,459.08,2023-07-27T04:00:00Z,1436841,455.623687
456.91,457.78,455.12,12408,455.775,2023-07-28T04:00:00Z,1279542,456.697435
457.81,458.11,456.07,9342,457.41,2023-07-31T04:00:00Z,818144,457.03461
456.44,457.19,455.505,11207,456.32,2023-08-01T04:00:00Z,1033910,456.395853
450.16,453.495,449.36,13400,453.25,2023-08-02T04:00:00Z,1435967,451.139416
448.88,450.79,447.395,10522,448.115,2023-08-03T04:00:00Z,982821,449.168675
446.79,452.885,446.285,14064,450.705,2023-08-04T04:00:00Z,1653131,449.554333
450.68,450.86,448.01,9516,448.69,2023-08-07T04:00:00Z,931786,449.594488
448.86,449.225,445.3,10254,448.03,2023-08-08T04:00:00Z,977244,447.077591
445.74,449.16,444.96,10926,449.03,2023-08-09T04:00:00Z,1094151,447.056642
445.88,451.67,444.73,11506,448.195,2023-08-10T04:00:00Z,1315971,447.750215
445.36,446.67,443.455,9780,443.96,2023-08-11T04:00:00Z,936311,445.226033
448.1,448.1,444.385,7897,444.8,2023-08-14T04:00:00Z,790707,446.707396
442.93,446.605,442.32,10470,446.29,2023-08-15T04:00:00Z,1083858,443.918672
439.62,444.17,439.54,10289,442.47,2023-08-16T04:00:00Z,1044477,441.566912
436.26,441.375,435.75,11122,441.1,2023-08-17T04:00:00Z,1138844,438.440146
436.39,437.55,433.07,10567,433.27,2023-08-18T04:00:00Z,1189686,435.563327
439.32,440.105,435.33,10116,437.51,2023-08-21T04:00:00Z,1178587,438.113517
438.11,441.12,437.6,7034,441.115,2023-08-22T04:00:00Z,700106,438.889517
442.98,443.63,439.11,8727,439.25,2023-08-23T04:00:00Z,931675,442.219752
436.92,445.2,436.855,11310,444.85,2023-08-24T04:00:00Z,1448843,439.766925
439.98,441.26,435.01,10571,438.6,2023-08-25T04:00:00Z,1182497,438.644132
442.78,443.375,440.875,8401,442.32,2023-08-28T04:00:00Z,849212,442.087239
449.19,449.43,442.485,11948,442.705,2023-08-29T04:00:00Z,1488379,447.61562
450.96,451.66,448.81,10163,449.51,2023-08-30T04:00:00Z,1136740,450.727992
450.2,452.82,450.18,13603,451.65,2023-08-31T04:00:00Z,1232403,451.46731
451.18,453.66,449.69,7458,453.17,2023-09-01T04:00:00Z,802509,451.103329
449.26,451.045,449.185,11809,450.68,2023-09-05T04:00:00Z,1242430,450.023428
446.24,448.49,443.825,13513,448.43,2023-09-06T04:00:00Z,1609327,445.78515
444.88,445.52,442.76,11555,443.06,2023-09-07T04:00:00Z,1269234,444.462808
445.58,447.1,444.53,10336,444.89,2023-09-08T04:00:00Z,1079293,445.749096
448.54,448.77,446.5,11023,448.29,2023-09-11T04:00:00Z,1062788,447.839963
446.01,448.46,445.39,11354,446.91,2023-09-12T04:00:00Z,1282523,446.681657
446.46,447.68,445.08,9198,446.1,2023-09-13T04:00:00Z,1021666,446.583817
450.4,451.06,447.72,11776,449.08,2023-09-14T04:00:00Z,1294030,449.895849
443.305,447.42,443.02,16601,447.245,2023-09-15T04:00:00Z,2127873,444.438466
443.63,444.965,442.57,9194,443.04,2023-09-18T04:00:00Z,934550,443.811236
442.62,443.22,439.97,9669,442.78,2023-09-19T04:00:00Z,1070394,441.737185
438.52,444.435,438.43,9653,443.98,2023-09-20T04:00:00Z,1090190,441.833555
431.3,435.94,431.25,16036,435.71,2023-09-21T04:00:00Z,1755895,433.639006
430.28,434.06,430.01,10779,432.48,2023-09-22T04:00:00Z,1192890,432.049879
432.23,432.25,428.745,8558,429.13,2023-09-25T04:00:00Z,838426,430.810377
425.84,429.81,425.035,13565,429.1,2023-09-26T04:00:00Z,1533865,426.812144
425.925,427.615,422.31,12754,427.08,2023-09-27T04:00:00Z,1627458,425.23102
428.51,430.24,424.87,12142,425.56,2023-09-28T04:00:00Z,1218814,428.133518
427.3,431.82,425.94,13393,431.69,2023-09-29T04:00:00Z,1853531,428.140328
427.36,428.58,424.49,11713,426.6,2023-10-02T04:00:00Z,1136854,426.305926
421.68,426.635,420.2,11914,425.2,2023-10-03T04:00:00Z,1419038,421.965246
424.705,425.405,420.57,11514,422.07,2023-10-04T04:00:00Z,1386577,423.065792
424.31,425.37,421.21,8313,424.42,2023-10-05T04:00:00Z,1030251,423.543613
429.44,431.11,420.6,12251,422.165,2023-10-06T04:00:00Z,1659220,427.33989
432.24,432.86,427.04,8216,427.49,2023-10-09T04:00:00Z,899989,430.253701
434.47,437.205,432.53,11512,433.02,2023-10-10T04:00:00Z,1484259,435.101267
436.33,436.57,433.18,8299,435.68,2023-10-11T04:00:00Z,871580,435.093217
433.68,437.32,431.24,9888,436.86,2023-10-12T04:00:00Z,1368679,433.86534
431.625,436.39,429.9,11067,435.26,2023-10-13T04:00:00Z,1607990,432.037295
436.04,437.115,433.57,11167,433.81,2023-10-16T04:00:00Z,1328669,435.895098
436.11,438.13,432.48,9477,432.77,2023-10-17T04:00:00Z,1203633,435.462772
430.24,435.115,429.09,10500,434.05,2023-10-18T04:00:00Z,1357315,431.83497
426.43,432.82,425.74,11176,430.89,2023-10-19T04:00:00Z,1559608,428.887113
421.25,426.48,421.08,13239,425.89,2023-10-20T04:00:00Z,1939948,422.832077
420.52,424.45,417.82,12379,419.54,2023-10-23T04:00:00Z,1325831,421.528992
423.56,424.81,420.74,9569,422.69,2023-10-24T04:00:00Z,1114518,423.173975
417.62,421.91,417.03,13261,421.91,2023-10-25T04:00:00Z,1306827,418.898728
412.6,417.29,411.71,14677,416.46,2023-10-26T04:00:00Z,2260803,414.124279
410.76,414.57,409.24,14357,414.385,2023-10-27T04:00:00Z,1810349,411.014556
415.64,416.67,412.27,12576,413.56,2023-10-30T04:00:00Z,1450213,415.021173
418.18,418.5,414.21,11854,416.17,2023-10-31T04:00:00Z,1403280,417.191216
