t,o,h,l,c,v
2026-07-06T13:30:00Z,748.22,749.425,748.15,749.21,40706
2026-07-06T13:35:00Z,749.07,749.07,747.455,748.29,30224
2026-07-06T13:40:00Z,748.27,748.64,747.74,748.64,31221
2026-07-06T13:45:00Z,748.61,749.095,748.315,748.94,27570
2026-07-06T13:50:00Z,748.965,749.53,748.27,748.9,30036
2026-07-06T13:55:00Z,748.67,748.93,748.33,748.42,15030
2026-07-06T14:00:00Z,748.54,749,748.05,748.38,10195
2026-07-06T14:05:00Z,748.34,749.01,748.06,748.87,10254
2026-07-06T14:10:00Z,748.645,749.45,748.61,749.43,22895
2026-07-06T14:15:00Z,749.41,749.48,748.97,749.19,15134
2026-07-06T14:20:00Z,749.36,749.76,749.05,749.65,16057
2026-07-06T14:25:00Z,749.75,749.96,749.56,749.94,13644
2026-07-06T14:30:00Z,749.955,750.14,749.63,749.7,16540
2026-07-06T14:35:00Z,749.69,749.86,749.475,749.635,19365
2026-07-06T14:40:00Z,749.65,749.75,749.1,749.65,12025
2026-07-06T14:45:00Z,749.65,749.86,749.56,749.745,9745
2026-07-06T14:50:00Z,749.8,750.04,749.61,749.88,13340
2026-07-06T14:55:00Z,749.905,750.27,749.7,750.27,15291
2026-07-06T15:00:00Z,750.29,750.41,750,750.18,10077
2026-07-06T15:05:00Z,750.18,750.26,750,750.195,12516
2026-07-06T15:10:00Z,750.27,750.4,749.82,750.09,28391
2026-07-06T15:15:00Z,750.05,750.05,749.63,750,11125
2026-07-06T15:20:00Z,750.03,750.2,749.77,750.2,11072
2026-07-06T15:25:00Z,750.32,750.79,750.23,750.75,18264
2026-07-06T15:30:00Z,750.64,750.945,750.62,750.62,10125
2026-07-06T15:35:00Z,750.6,750.7,750.41,750.595,6630
2026-07-06T15:40:00Z,750.63,750.84,750.6,750.77,5697
2026-07-06T15:45:00Z,750.9,750.93,750.66,750.88,11122
2026-07-06T15:50:00Z,750.86,750.95,750.61,750.675,8245
2026-07-06T15:55:00Z,750.64,750.94,750.64,750.82,14538
2026-07-06T16:00:00Z,750.79,750.795,750.66,750.79,8449
2026-07-06T16:05:00Z,750.76,751.03,750.73,750.95,9546
2026-07-06T16:10:00Z,751.01,751.1,750.91,751.06,7607
2026-07-06T16:15:00Z,750.985,751.07,750.86,750.97,13879
2026-07-06T16:20:00Z,750.995,751.12,750.82,750.9,11315
2026-07-06T16:25:00Z,750.86,750.9,750.55,750.65,15846
2026-07-06T16:30:00Z,750.58,750.74,750.495,750.64,14308
2026-07-06T16:35:00Z,750.64,750.65,750.42,750.61,13074
2026-07-06T16:40:00Z,750.58,750.75,750.58,750.72,9958
2026-07-06T16:45:00Z,750.72,751.03,750.57,751.01,11097
2026-07-06T16:50:00Z,751.04,751.06,750.61,750.61,11695
2026-07-06T16:55:00Z,750.625,750.715,750.4,750.42,11502
2026-07-06T17:00:00Z,750.425,750.97,750.425,750.88,12867
2026-07-06T17:05:00Z,750.88,751.52,750.88,751.39,17629
2026-07-06T17:10:00Z,751.38,751.465,751.19,751.24,18108
2026-07-06T17:15:00Z,751.35,751.42,751,751.085,8205
2026-07-06T17:20:00Z,751.08,751.12,750.82,751,10768
2026-07-06T17:25:00Z,750.99,751.09,750.61,750.7,10150
2026-07-06T17:30:00Z,750.68,750.73,750.27,750.35,19503
2026-07-06T17:35:00Z,750.335,750.51,750.2,750.35,15081
2026-07-06T17:40:00Z,750.26,750.29,749.64,750.085,27141
2026-07-06T17:45:00Z,750.05,750.405,749.86,750.27,10102
2026-07-06T17:50:00Z,750.29,750.52,750.09,750.09,8595
2026-07-06T17:55:00Z,750.09,750.14,749.95,750.095,7482
2026-07-06T18:00:00Z,750.185,750.76,750.18,750.695,21828
2026-07-06T18:05:00Z,750.68,751.11,750.635,750.98,23220
2026-07-06T18:10:00Z,750.99,751.05,750.83,751.03,11391
2026-07-06T18:15:00Z,751.02,751.5,751.02,751.345,19242
2026-07-06T18:20:00Z,751.37,751.49,751.25,751.48,16625
2026-07-06T18:25:00Z,751.48,751.59,751.28,751.34,14590
2026-07-06T18:30:00Z,751.34,751.51,751.12,751.13,13703
2026-07-06T18:35:00Z,751.09,751.29,751.01,751.035,10441
2026-07-06T18:40:00Z,751.09,751.35,751.09,751.235,12134
2026-07-06T18:45:00Z,751.29,751.655,751.21,751.585,14408
2026-07-06T18:50:00Z,751.585,751.79,751.53,751.79,10830
2026-07-06T18:55:00Z,751.82,752.01,751.69,751.915,9255
2026-07-06T19:00:00Z,751.945,752.12,751.705,751.86,12078
2026-07-06T19:05:00Z,751.89,751.96,751.69,751.77,10005
2026-07-06T19:10:00Z,751.78,751.925,751.695,751.82,13490
2026-07-06T19:15:00Z,751.805,752.14,751.67,752.13,18793
2026-07-06T19:20:00Z,752.11,752.4,752.035,752.305,25698
2026-07-06T19:25:00Z,752.305,752.35,752.12,752.26,22367
2026-07-06T19:30:00Z,752.26,752.29,751.94,751.97,25109
2026-07-06T19:35:00Z,752.125,752.13,751.76,751.96,35113
2026-07-06T19:40:00Z,751.96,752.035,751.78,752.035,12595
2026-07-06T19:45:00Z,752.03,752.22,751.88,751.94,36674
2026-07-06T19:50:00Z,751.95,751.96,751.2,751.21,109970
2026-07-06T19:55:00Z,751.24,751.39,750.82,751.27,218624
2026-07-07T13:30:00Z,750.21,750.935,749.42,749.475,22983
2026-07-07T13:35:00Z,749.48,749.89,749.2,749.77,25339
2026-07-07T13:40:00Z,749.44,750.23,749.18,750.05,27194
2026-07-07T13:45:00Z,750.18,750.18,749.54,749.655,13280
2026-07-07T13:50:00Z,749.575,749.85,748.76,748.91,16293
2026-07-07T13:55:00Z,748.81,749.05,748.25,748.775,19482
2026-07-07T14:00:00Z,748.79,749.13,748.245,748.54,12036
2026-07-07T14:05:00Z,748.46,748.97,748.16,748.26,11619
2026-07-07T14:10:00Z,748.26,748.26,746.96,747.015,18195
2026-07-07T14:15:00Z,747.01,747.45,746.485,747.45,25142
2026-07-07T14:20:00Z,747.555,747.7,746.63,746.64,13497
2026-07-07T14:25:00Z,746.665,746.7,746.09,746.7,34636
2026-07-07T14:30:00Z,746.67,747.005,746.35,746.39,20077
2026-07-07T14:35:00Z,746.44,746.53,745.87,745.88,15018
2026-07-07T14:40:00Z,745.91,746.07,745.27,745.69,18851
2026-07-07T14:45:00Z,745.79,746.48,745.715,746.11,20467
2026-07-07T14:50:00Z,746.2,746.76,745.99,746.61,20575
2026-07-07T14:55:00Z,746.62,746.92,746.51,746.62,28330
2026-07-07T15:00:00Z,746.47,746.53,745.95,746.37,24148
2026-07-07T15:05:00Z,746.37,746.645,746.19,746.51,16472
2026-07-07T15:10:00Z,746.595,746.68,746.1,746.1,19669
2026-07-07T15:15:00Z,746.07,746.085,745.77,745.945,17018
2026-07-07T15:20:00Z,745.95,746.3,745.79,745.865,11977
2026-07-07T15:25:00Z,745.915,746.275,745.78,746.165,6877
2026-07-07T15:30:00Z,746.355,746.41,745.975,745.985,7273
2026-07-07T15:35:00Z,745.945,746.2,745.64,745.69,8884
2026-07-07T15:40:00Z,745.56,746.385,745.48,746.385,10393
2026-07-07T15:45:00Z,746.42,747.21,746.42,746.83,21431
2026-07-07T15:50:00Z,746.62,747.25,746.62,747.02,11635
2026-07-07T15:55:00Z,747.015,747.43,746.86,747.43,15164
2026-07-07T16:00:00Z,747.37,747.78,747.28,747.62,15107
2026-07-07T16:05:00Z,747.64,748.05,747.25,747.43,14429
2026-07-07T16:10:00Z,747.66,748.15,747.515,748.01,10597
2026-07-07T16:15:00Z,748.06,748.2,747.88,748.06,13997
2026-07-07T16:20:00Z,748.03,748.83,748.03,748.54,18627
2026-07-07T16:25:00Z,748.52,748.96,748.48,748.83,15048
2026-07-07T16:30:00Z,748.77,749.01,748.44,748.605,15341
2026-07-07T16:35:00Z,748.59,748.82,748.24,748.81,8829
2026-07-07T16:40:00Z,748.78,748.89,748.57,748.85,4029
2026-07-07T16:45:00Z,748.86,749.11,748.85,749.04,6908
2026-07-07T16:50:00Z,749.09,749.11,748.75,748.79,13598
2026-07-07T16:55:00Z,748.8,748.96,748.51,748.96,10434
2026-07-07T17:00:00Z,748.97,749.14,748.87,749.14,9378
2026-07-07T17:05:00Z,749.14,749.34,749.1,749.17,10820
2026-07-07T17:10:00Z,749.155,749.16,748.76,748.8,7142
2026-07-07T17:15:00Z,748.69,748.74,748.42,748.605,7617
2026-07-07T17:20:00Z,748.685,749.14,748.57,749,10211
2026-07-07T17:25:00Z,748.95,749.07,748.8,748.84,9700
2026-07-07T17:30:00Z,748.89,749.17,748.88,749.1,6610
2026-07-07T17:35:00Z,749.03,749.17,748.81,749.12,3700
2026-07-07T17:40:00Z,749.11,749.25,748.94,749.09,7272
2026-07-07T17:45:00Z,749.11,749.11,748.77,748.89,6584
2026-07-07T17:50:00Z,748.86,749.02,748.68,748.815,5359
2026-07-07T17:55:00Z,748.8,749.14,748.76,749.13,5577
2026-07-07T18:00:00Z,749.19,749.26,748.89,749.07,6692
2026-07-07T18:05:00Z,749.1,749.18,748.84,748.86,6721
2026-07-07T18:10:00Z,748.93,749.19,748.91,749,9381
2026-07-07T18:15:00Z,748.92,749.17,748.91,749.05,10988
2026-07-07T18:20:00Z,749.01,749.27,748.95,749.12,8054
2026-07-07T18:25:00Z,749.13,749.26,748.88,748.99,8850
2026-07-07T18:30:00Z,748.99,749.03,748.58,748.715,23309
2026-07-07T18:35:00Z,748.685,749.04,748.56,748.895,17152
2026-07-07T18:40:00Z,748.92,748.96,748.425,748.69,18364
2026-07-07T18:45:00Z,748.73,748.84,747.72,748.155,17089
2026-07-07T18:50:00Z,748.17,748.22,747.51,747.78,18861
2026-07-07T18:55:00Z,747.72,747.89,747.43,747.51,23727
2026-07-07T19:00:00Z,747.5,747.67,746.82,747.155,36588
2026-07-07T19:05:00Z,747.155,747.56,746.68,746.76,21174
2026-07-07T19:10:00Z,746.71,747.02,746.56,746.84,19718
2026-07-07T19:15:00Z,746.77,746.77,746.04,746.63,28006
2026-07-07T19:20:00Z,746.64,747.04,746.46,747.03,16425
2026-07-07T19:25:00Z,747.04,747.04,746.55,746.625,22163
2026-07-07T19:30:00Z,746.67,747.265,746.67,747.195,26244
2026-07-07T19:35:00Z,747.19,747.19,746.68,746.77,24029
2026-07-07T19:40:00Z,746.82,746.82,746.42,746.53,26547
2026-07-07T19:45:00Z,746.55,747.05,746.52,746.98,43469
2026-07-07T19:50:00Z,747.04,747.74,747.04,747.74,78604
2026-07-07T19:55:00Z,747.77,747.93,747.15,747.77,151857
2026-07-08T13:30:00Z,743.135,744.085,742.74,743.66,19374
2026-07-08T13:35:00Z,743.68,744.11,743.09,743.99,19534
2026-07-08T13:40:00Z,743.96,744.705,743.85,744.36,21571
2026-07-08T13:45:00Z,744.32,744.92,743.59,743.72,25151
2026-07-08T13:50:00Z,743.64,744.43,743.38,743.66,13662
2026-07-08T13:55:00Z,743.66,744.62,743.26,744.09,28496
2026-07-08T14:00:00Z,744.08,744.48,743.625,743.83,18902
2026-07-08T14:05:00Z,743.94,744.65,743.94,744.32,15111
2026-07-08T14:10:00Z,744.25,744.425,743.08,743.24,19060
2026-07-08T14:15:00Z,743.07,743.55,742.68,743.195,20241
2026-07-08T14:20:00Z,743.115,744.52,742.99,743.8,17624
2026-07-08T14:25:00Z,744.11,744.42,742.77,743.18,15780
2026-07-08T14:30:00Z,743.05,743.675,742.75,743.32,20113
2026-07-08T14:35:00Z,743.24,743.27,742.26,742.32,19484
2026-07-08T14:40:00Z,742.23,742.7,741.97,742.52,17887
2026-07-08T14:45:00Z,742.32,742.32,741.29,741.29,18947
2026-07-08T14:50:00Z,741.31,742.8,740.98,742.15,29260
2026-07-08T14:55:00Z,742.115,742.69,741.575,741.85,14041
2026-07-08T15:00:00Z,741.96,742.005,741.45,741.54,13000
2026-07-08T15:05:00Z,741.51,741.86,741.4,741.495,17602
2026-07-08T15:10:00Z,741.505,741.82,740.98,741.135,10334
2026-07-08T15:15:00Z,741.27,741.49,740.41,741.325,20330
2026-07-08T15:20:00Z,741.3,741.54,740.05,740.155,20060
2026-07-08T15:25:00Z,740.1,740.3,739.56,739.97,19661
2026-07-08T15:30:00Z,739.99,740.72,739.55,740.64,20991
2026-07-08T15:35:00Z,740.71,741.225,740.45,740.59,18702
2026-07-08T15:40:00Z,740.62,741.19,740.59,740.725,10301
2026-07-08T15:45:00Z,740.72,740.98,740.34,740.51,13038
2026-07-08T15:50:00Z,740.52,740.59,740.03,740.48,16301
2026-07-08T15:55:00Z,740.47,740.78,740.19,740.7,12284
2026-07-08T16:00:00Z,740.63,741.25,740.63,741.25,17078
2026-07-08T16:05:00Z,741.25,741.72,741.1,741.66,16535
2026-07-08T16:10:00Z,741.69,742.3,741.69,742.25,16611
2026-07-08T16:15:00Z,742.33,742.62,741.98,742.58,14734
2026-07-08T16:20:00Z,742.56,743.21,742.56,742.73,13823
2026-07-08T16:25:00Z,742.745,743.43,742.69,743.115,14279
2026-07-08T16:30:00Z,743.09,743.74,742.995,742.995,12657
2026-07-08T16:35:00Z,742.985,743.52,742.49,743.19,13887
2026-07-08T16:40:00Z,743.18,744.13,742.92,743.97,11420
2026-07-08T16:45:00Z,743.8,744.28,743.595,744.27,7053
2026-07-08T16:50:00Z,744.28,744.56,744.12,744.4,12571
2026-07-08T16:55:00Z,744.4,744.74,744.24,744.69,9157
2026-07-08T17:00:00Z,744.54,744.56,744.12,744.31,11270
2026-07-08T17:05:00Z,744.27,744.685,744.17,744.33,6781
2026-07-08T17:10:00Z,744.3,744.625,744.01,744.34,7008
2026-07-08T17:15:00Z,744.29,744.95,744.29,744.91,7456
2026-07-08T17:20:00Z,745,745.45,744.88,745.435,7813
2026-07-08T17:25:00Z,745.47,745.77,745.27,745.7,12224
2026-07-08T17:30:00Z,745.73,746.09,745.62,745.63,15841
2026-07-08T17:35:00Z,745.52,745.69,745.27,745.27,7906
2026-07-08T17:40:00Z,745.24,745.27,744.86,745.005,15108
2026-07-08T17:45:00Z,744.93,744.96,744.29,744.34,10514
2026-07-08T17:50:00Z,744.37,744.87,744.25,744.46,6305
2026-07-08T17:55:00Z,744.4,744.44,743.96,744.39,12367
2026-07-08T18:00:00Z,744.365,745.43,744,745.29,11909
2026-07-08T18:05:00Z,745.35,745.35,744.92,745.23,9180
2026-07-08T18:10:00Z,745.21,745.49,744.935,745.32,10272
2026-07-08T18:15:00Z,745.33,745.37,744.81,745.15,5158
2026-07-08T18:20:00Z,745.12,745.31,744.92,744.92,4610
2026-07-08T18:25:00Z,744.89,745.225,744.76,744.76,7973
2026-07-08T18:30:00Z,744.63,744.76,744.3,744.435,9776
2026-07-08T18:35:00Z,744.51,745.24,744.35,745.17,11031
2026-07-08T18:40:00Z,745.19,745.21,744.595,745.1,8608
2026-07-08T18:45:00Z,745.06,745.3,744.825,745.29,8625
2026-07-08T18:50:00Z,745.25,745.45,745.03,745.12,9157
2026-07-08T18:55:00Z,745.15,745.31,744.84,745.31,6069
2026-07-08T19:00:00Z,745.36,745.69,745.07,745.24,7331
2026-07-08T19:05:00Z,745.21,745.4,745.03,745.275,10787
2026-07-08T19:10:00Z,745.28,745.28,744.82,744.9,6184
2026-07-08T19:15:00Z,744.92,745.13,744.695,744.88,9507
2026-07-08T19:20:00Z,744.82,745.26,744.82,744.99,10739
2026-07-08T19:25:00Z,745.085,745.34,744.96,745.2,6350
2026-07-08T19:30:00Z,745.21,745.305,744.85,744.9,7920
2026-07-08T19:35:00Z,744.84,745.36,744.84,745.23,8534
2026-07-08T19:40:00Z,745.24,745.36,744.89,745.33,14018
2026-07-08T19:45:00Z,745.31,745.36,744.485,744.75,52257
2026-07-08T19:50:00Z,744.81,745.66,744.65,745.66,33543
2026-07-08T19:55:00Z,745.7,746.14,745.28,745.28,125828
