timestamp_et,open,high,low,close,volume
2026-04-27 04:00:00-04:00,19.15999984741211,19.229999542236328,19.1299991607666,19.219999313354492,0
2026-04-27 04:05:00-04:00,19.219999313354492,19.25,19.209999084472656,19.25,0
2026-04-27 04:10:00-04:00,19.25,19.260000228881836,19.219999313354492,19.239999771118164,0
2026-04-27 04:15:00-04:00,19.239999771118164,19.239999771118164,19.18000030517578,19.190000534057617,0
2026-04-27 04:20:00-04:00,19.190000534057617,19.209999084472656,19.170000076293945,19.170000076293945,0
2026-04-27 04:25:00-04:00,19.15999984741211,19.170000076293945,19.139999389648438,19.15999984741211,0
2026-04-27 04:30:00-04:00,19.15999984741211,19.170000076293945,19.149999618530273,19.15999984741211,0
2026-04-27 04:35:00-04:00,19.15999984741211,19.170000076293945,19.149999618530273,19.15999984741211,0
2026-04-27 04:40:00-04:00,19.15999984741211,19.170000076293945,19.1299991607666,19.1299991607666,0
2026-04-27 04:45:00-04:00,19.139999389648438,19.139999389648438,19.079999923706055,19.09000015258789,0
2026-04-27 04:50:00-04:00,19.09000015258789,19.100000381469727,19.079999923706055,19.079999923706055,0
2026-04-27 04:55:00-04:00,19.079999923706055,19.09000015258789,19.079999923706055,19.09000015258789,0
2026-04-27 05:00:00-04:00,19.09000015258789,19.09000015258789,19.06999969482422,19.079999923706055,0
2026-04-27 05:05:00-04:00,19.079999923706055,19.09000015258789,19.06999969482422,19.079999923706055,0
2026-04-27 05:10:00-04:00,19.09000015258789,19.09000015258789,19.049999237060547,19.049999237060547,0
2026-04-27 05:15:00-04:00,19.049999237060547,19.059999465942383,19.040000915527344,19.049999237060547,0
2026-04-27 05:20:00-04:00,19.049999237060547,19.06999969482422,19.049999237060547,19.059999465942383,0
2026-04-27 05:25:00-04:00,19.059999465942383,19.06999969482422,19.040000915527344,19.040000915527344,0
2026-04-27 05:30:00-04:00,19.049999237060547,19.049999237060547,19.020000457763672,19.030000686645508,0
2026-04-27 05:35:00-04:00,19.020000457763672,19.049999237060547,19.020000457763672,19.040000915527344,0
2026-04-27 05:40:00-04:00,19.040000915527344,19.06999969482422,19.030000686645508,19.06999969482422,0
2026-04-27 05:45:00-04:00,19.059999465942383,19.059999465942383,19.049999237060547,19.059999465942383,0
2026-04-27 05:50:00-04:00,19.059999465942383,19.059999465942383,19.040000915527344,19.040000915527344,0
2026-04-27 05:55:00-04:00,19.040000915527344,19.059999465942383,19.030000686645508,19.059999465942383,0
2026-04-27 06:00:00-04:00,19.059999465942383,19.059999465942383,19.040000915527344,19.049999237060547,0
2026-04-27 06:05:00-04:00,19.059999465942383,19.06999969482422,19.040000915527344,19.06999969482422,0
2026-04-27 06:10:00-04:00,19.06999969482422,19.09000015258789,19.06999969482422,19.079999923706055,0
2026-04-27 06:15:00-04:00,19.079999923706055,19.079999923706055,19.049999237060547,19.049999237060547,0
2026-04-27 06:20:00-04:00,19.059999465942383,19.059999465942383,19.020000457763672,19.040000915527344,0
2026-04-27 06:25:00-04:00,19.040000915527344,19.049999237060547,19.030000686645508,19.040000915527344,0
2026-04-27 06:30:00-04:00,19.040000915527344,19.049999237060547,19.010000228881836,19.020000457763672,0
2026-04-27 06:35:00-04:00,19.020000457763672,19.030000686645508,19.0,19.0,0
2026-04-27 06:40:00-04:00,19.0,19.0,18.969999313354492,18.979999542236328,0
2026-04-27 06:45:00-04:00,18.979999542236328,19.0,18.969999313354492,18.979999542236328,0
2026-04-27 06:50:00-04:00,18.979999542236328,19.0,18.969999313354492,18.979999542236328,0
2026-04-27 06:55:00-04:00,18.979999542236328,18.989999771118164,18.969999313354492,18.979999542236328,0
2026-04-27 07:00:00-04:00,18.989999771118164,18.989999771118164,18.940000534057617,18.950000762939453,0
2026-04-27 07:05:00-04:00,18.959999084472656,18.959999084472656,18.940000534057617,18.959999084472656,0
2026-04-27 07:10:00-04:00,18.959999084472656,18.959999084472656,18.950000762939453,18.959999084472656,0
2026-04-27 07:15:00-04:00,18.969999313354492,18.969999313354492,18.950000762939453,18.950000762939453,0
2026-04-27 07:20:00-04:00,18.950000762939453,18.969999313354492,18.93000030517578,18.93000030517578,0
2026-04-27 07:25:00-04:00,18.93000030517578,18.940000534057617,18.93000030517578,18.940000534057617,0
2026-04-27 07:30:00-04:00,18.940000534057617,18.950000762939453,18.920000076293945,18.950000762939453,0
2026-04-27 07:35:00-04:00,18.950000762939453,18.959999084472656,18.950000762939453,18.950000762939453,0
2026-04-27 07:40:00-04:00,18.959999084472656,18.959999084472656,18.940000534057617,18.950000762939453,0
2026-04-27 07:45:00-04:00,18.950000762939453,18.950000762939453,18.93000030517578,18.940000534057617,0
2026-04-27 07:50:00-04:00,18.940000534057617,18.959999084472656,18.940000534057617,18.950000762939453,0
2026-04-27 07:55:00-04:00,18.950000762939453,18.969999313354492,18.950000762939453,18.959999084472656,0
2026-04-27 08:00:00-04:00,18.959999084472656,18.979999542236328,18.950000762939453,18.969999313354492,0
2026-04-27 08:05:00-04:00,18.959999084472656,19.0,18.959999084472656,18.979999542236328,0
2026-04-27 08:10:00-04:00,18.979999542236328,18.979999542236328,18.950000762939453,18.959999084472656,0
2026-04-27 08:15:00-04:00,18.969999313354492,18.989999771118164,18.969999313354492,18.979999542236328,0
2026-04-27 08:20:00-04:00,18.979999542236328,18.989999771118164,18.940000534057617,18.989999771118164,0
2026-04-27 08:25:00-04:00,18.989999771118164,19.09000015258789,18.979999542236328,19.049999237060547,0
2026-04-27 08:30:00-04:00,19.040000915527344,19.059999465942383,19.0,19.020000457763672,0
2026-04-27 08:35:00-04:00,19.020000457763672,19.049999237060547,19.0,19.049999237060547,0
2026-04-27 08:40:00-04:00,19.030000686645508,19.059999465942383,18.989999771118164,19.0,0
2026-04-27 08:45:00-04:00,19.0,19.020000457763672,18.950000762939453,18.950000762939453,0
2026-04-27 08:50:00-04:00,18.950000762939453,18.989999771118164,18.93000030517578,18.969999313354492,0
2026-04-27 08:55:00-04:00,18.969999313354492,19.040000915527344,18.969999313354492,19.020000457763672,0
2026-04-27 09:00:00-04:00,19.020000457763672,19.09000015258789,18.979999542236328,19.09000015258789,0
2026-04-27 09:05:00-04:00,19.049999237060547,19.09000015258789,19.020000457763672,19.030000686645508,0
2026-04-27 09:10:00-04:00,19.040000915527344,19.059999465942383,19.010000228881836,19.059999465942383,0
2026-04-27 09:15:00-04:00,19.059999465942383,19.079999923706055,19.049999237060547,19.06999969482422,0
2026-04-27 09:20:00-04:00,19.059999465942383,19.06999969482422,19.049999237060547,19.059999465942383,0
2026-04-27 09:25:00-04:00,19.06999969482422,19.06999969482422,19.06999969482422,19.06999969482422,0
2026-04-27 09:30:00-04:00,19.1299991607666,19.1299991607666,19.030000686645508,19.059999465942383,0
2026-04-27 09:35:00-04:00,19.059999465942383,19.059999465942383,18.989999771118164,19.020000457763672,0
2026-04-27 09:40:00-04:00,19.010000228881836,19.1299991607666,19.0,19.100000381469727,0
2026-04-27 09:45:00-04:00,19.110000610351562,19.270000457763672,19.100000381469727,19.15999984741211,0
2026-04-27 09:50:00-04:00,19.18000030517578,19.219999313354492,18.979999542236328,18.979999542236328,0
2026-04-27 09:55:00-04:00,18.969999313354492,18.989999771118164,18.8799991607666,18.889999389648438,0
2026-04-27 10:00:00-04:00,18.90999984741211,18.950000762939453,18.889999389648438,18.899999618530273,0
2026-04-27 10:05:00-04:00,18.90999984741211,18.920000076293945,18.829999923706055,18.8700008392334,0
2026-04-27 10:10:00-04:00,18.8700008392334,18.889999389648438,18.809999465942383,18.81999969482422,0
2026-04-27 10:15:00-04:00,18.809999465942383,18.8700008392334,18.809999465942383,18.860000610351562,0
2026-04-27 10:20:00-04:00,18.860000610351562,18.8700008392334,18.81999969482422,18.829999923706055,0
2026-04-27 10:25:00-04:00,18.809999465942383,18.81999969482422,18.739999771118164,18.780000686645508,0
2026-04-27 10:30:00-04:00,18.790000915527344,18.829999923706055,18.790000915527344,18.809999465942383,0
2026-04-27 10:35:00-04:00,18.799999237060547,18.799999237060547,18.639999389648438,18.68000030517578,0
2026-04-27 10:40:00-04:00,18.65999984741211,18.729999542236328,18.649999618530273,18.649999618530273,0
2026-04-27 10:45:00-04:00,18.670000076293945,18.719999313354492,18.610000610351562,18.639999389648438,0
2026-04-27 10:50:00-04:00,18.6299991607666,18.649999618530273,18.610000610351562,18.639999389648438,0
2026-04-27 10:55:00-04:00,18.6299991607666,18.649999618530273,18.59000015258789,18.600000381469727,0
2026-04-27 11:00:00-04:00,18.59000015258789,18.75,18.56999969482422,18.75,0
2026-04-27 11:05:00-04:00,18.760000228881836,18.770000457763672,18.700000762939453,18.719999313354492,0
2026-04-27 11:10:00-04:00,18.729999542236328,18.75,18.709999084472656,18.75,0
2026-04-27 11:15:00-04:00,18.760000228881836,18.790000915527344,18.719999313354492,18.770000457763672,0
2026-04-27 11:20:00-04:00,18.780000686645508,18.850000381469727,18.760000228881836,18.829999923706055,0
2026-04-27 11:25:00-04:00,18.81999969482422,18.829999923706055,18.719999313354492,18.729999542236328,0
2026-04-27 11:30:00-04:00,18.729999542236328,18.790000915527344,18.709999084472656,18.739999771118164,0
2026-04-27 11:35:00-04:00,18.739999771118164,18.75,18.719999313354492,18.719999313354492,0
2026-04-27 11:40:00-04:00,18.709999084472656,18.739999771118164,18.65999984741211,18.690000534057617,0
2026-04-27 11:45:00-04:00,18.690000534057617,18.690000534057617,18.670000076293945,18.690000534057617,0
2026-04-27 11:50:00-04:00,18.700000762939453,18.709999084472656,18.670000076293945,18.690000534057617,0
2026-04-27 11:55:00-04:00,18.690000534057617,18.690000534057617,18.6200008392334,18.6200008392334,0
2026-04-27 12:00:00-04:00,18.6200008392334,18.649999618530273,18.610000610351562,18.610000610351562,0
2026-04-27 12:05:00-04:00,18.610000610351562,18.610000610351562,18.559999465942383,18.56999969482422,0
2026-04-27 12:10:00-04:00,18.56999969482422,18.579999923706055,18.520000457763672,18.530000686645508,0
2026-04-27 12:15:00-04:00,18.530000686645508,18.530000686645508,18.510000228881836,18.530000686645508,0
2026-04-27 12:20:00-04:00,18.530000686645508,18.56999969482422,18.530000686645508,18.559999465942383,0
2026-04-27 12:25:00-04:00,18.549999237060547,18.559999465942383,18.530000686645508,18.559999465942383,0
2026-04-27 12:30:00-04:00,18.549999237060547,18.549999237060547,18.5,18.5,0
2026-04-27 12:35:00-04:00,18.5,18.520000457763672,18.479999542236328,18.489999771118164,0
2026-04-27 12:40:00-04:00,18.489999771118164,18.510000228881836,18.489999771118164,18.510000228881836,0
2026-04-27 12:45:00-04:00,18.520000457763672,18.520000457763672,18.510000228881836,18.510000228881836,0
2026-04-27 12:50:00-04:00,18.510000228881836,18.520000457763672,18.5,18.520000457763672,0
2026-04-27 12:55:00-04:00,18.530000686645508,18.56999969482422,18.530000686645508,18.540000915527344,0
2026-04-27 13:00:00-04:00,18.530000686645508,18.530000686645508,18.489999771118164,18.5,0
2026-04-27 13:05:00-04:00,18.5,18.520000457763672,18.489999771118164,18.5,0
2026-04-27 13:10:00-04:00,18.489999771118164,18.510000228881836,18.479999542236328,18.5,0
2026-04-27 13:15:00-04:00,18.489999771118164,18.540000915527344,18.489999771118164,18.520000457763672,0
2026-04-27 13:20:00-04:00,18.520000457763672,18.530000686645508,18.479999542236328,18.479999542236328,0
2026-04-27 13:25:00-04:00,18.489999771118164,18.489999771118164,18.459999084472656,18.469999313354492,0
2026-04-27 13:30:00-04:00,18.479999542236328,18.479999542236328,18.43000030517578,18.440000534057617,0
2026-04-27 13:35:00-04:00,18.440000534057617,18.520000457763672,18.440000534057617,18.510000228881836,0
2026-04-27 13:40:00-04:00,18.510000228881836,18.540000915527344,18.510000228881836,18.530000686645508,0
2026-04-27 13:45:00-04:00,18.540000915527344,18.540000915527344,18.510000228881836,18.510000228881836,0
2026-04-27 13:50:00-04:00,18.520000457763672,18.530000686645508,18.5,18.520000457763672,0
2026-04-27 13:55:00-04:00,18.520000457763672,18.520000457763672,18.510000228881836,18.520000457763672,0
2026-04-27 14:00:00-04:00,18.520000457763672,18.530000686645508,18.5,18.510000228881836,0
2026-04-27 14:05:00-04:00,18.520000457763672,18.530000686645508,18.510000228881836,18.530000686645508,0
2026-04-27 14:10:00-04:00,18.530000686645508,18.530000686645508,18.510000228881836,18.510000228881836,0
2026-04-27 14:15:00-04:00,18.510000228881836,18.520000457763672,18.489999771118164,18.520000457763672,0
2026-04-27 14:20:00-04:00,18.510000228881836,18.530000686645508,18.510000228881836,18.530000686645508,0
2026-04-27 14:25:00-04:00,18.530000686645508,18.56999969482422,18.530000686645508,18.559999465942383,0
2026-04-27 14:30:00-04:00,18.549999237060547,18.559999465942383,18.549999237060547,18.549999237060547,0
2026-04-27 14:35:00-04:00,18.549999237060547,18.559999465942383,18.540000915527344,18.549999237060547,0
2026-04-27 14:40:00-04:00,18.549999237060547,18.56999969482422,18.540000915527344,18.559999465942383,0
2026-04-27 14:45:00-04:00,18.559999465942383,18.56999969482422,18.540000915527344,18.549999237060547,0
2026-04-27 14:50:00-04:00,18.549999237060547,18.549999237060547,18.530000686645508,18.530000686645508,0
2026-04-27 14:55:00-04:00,18.530000686645508,18.540000915527344,18.520000457763672,18.520000457763672,0
2026-04-27 15:00:00-04:00,18.520000457763672,18.530000686645508,18.489999771118164,18.530000686645508,0
2026-04-27 15:05:00-04:00,18.530000686645508,18.549999237060547,18.520000457763672,18.520000457763672,0
2026-04-27 15:10:00-04:00,18.530000686645508,18.530000686645508,18.469999313354492,18.469999313354492,0
2026-04-27 15:15:00-04:00,18.459999084472656,18.469999313354492,18.399999618530273,18.399999618530273,0
2026-04-27 15:20:00-04:00,18.40999984741211,18.40999984741211,18.3700008392334,18.3700008392334,0
2026-04-27 15:25:00-04:00,18.360000610351562,18.360000610351562,18.329999923706055,18.329999923706055,0
2026-04-27 15:30:00-04:00,18.299999237060547,18.299999237060547,18.260000228881836,18.260000228881836,0
2026-04-27 15:35:00-04:00,18.260000228881836,18.270000457763672,18.239999771118164,18.239999771118164,0
2026-04-27 15:40:00-04:00,18.229999542236328,18.239999771118164,18.200000762939453,18.209999084472656,0
2026-04-27 15:45:00-04:00,18.200000762939453,18.200000762939453,18.139999389648438,18.139999389648438,0
2026-04-27 15:50:00-04:00,18.1299991607666,18.15999984741211,18.1299991607666,18.15999984741211,0
2026-04-27 15:55:00-04:00,18.170000076293945,18.170000076293945,18.1200008392334,18.170000076293945,0
2026-04-28 04:00:00-04:00,18.290000915527344,18.420000076293945,18.290000915527344,18.40999984741211,0
2026-04-28 04:05:00-04:00,18.40999984741211,18.43000030517578,18.399999618530273,18.399999618530273,0
2026-04-28 04:10:00-04:00,18.40999984741211,18.450000762939453,18.399999618530273,18.40999984741211,0
2026-04-28 04:15:00-04:00,18.40999984741211,18.40999984741211,18.299999237060547,18.329999923706055,0
2026-04-28 04:20:00-04:00,18.34000015258789,18.34000015258789,18.299999237060547,18.329999923706055,0
2026-04-28 04:25:00-04:00,18.329999923706055,18.329999923706055,18.270000457763672,18.280000686645508,0
2026-04-28 04:30:00-04:00,18.239999771118164,18.25,18.200000762939453,18.209999084472656,0
2026-04-28 04:35:00-04:00,18.209999084472656,18.229999542236328,18.200000762939453,18.209999084472656,0
2026-04-28 04:40:00-04:00,18.209999084472656,18.219999313354492,18.200000762939453,18.209999084472656,0
2026-04-28 04:45:00-04:00,18.209999084472656,18.229999542236328,18.209999084472656,18.229999542236328,0
2026-04-28 04:50:00-04:00,18.229999542236328,18.239999771118164,18.219999313354492,18.229999542236328,0
2026-04-28 04:55:00-04:00,18.229999542236328,18.239999771118164,18.209999084472656,18.209999084472656,0
2026-04-28 05:00:00-04:00,18.209999084472656,18.25,18.209999084472656,18.239999771118164,0
2026-04-28 05:05:00-04:00,18.25,18.260000228881836,18.229999542236328,18.229999542236328,0
2026-04-28 05:10:00-04:00,18.229999542236328,18.229999542236328,18.209999084472656,18.219999313354492,0
2026-04-28 05:15:00-04:00,18.219999313354492,18.239999771118164,18.209999084472656,18.209999084472656,0
2026-04-28 05:20:00-04:00,18.219999313354492,18.260000228881836,18.219999313354492,18.260000228881836,0
2026-04-28 05:25:00-04:00,18.260000228881836,18.290000915527344,18.260000228881836,18.260000228881836,0
2026-04-28 05:30:00-04:00,18.260000228881836,18.329999923706055,18.260000228881836,18.329999923706055,0
2026-04-28 05:35:00-04:00,18.31999969482422,18.350000381469727,18.299999237060547,18.350000381469727,0
2026-04-28 05:40:00-04:00,18.34000015258789,18.350000381469727,18.31999969482422,18.329999923706055,0
2026-04-28 05:45:00-04:00,18.329999923706055,18.389999389648438,18.31999969482422,18.360000610351562,0
2026-04-28 05:50:00-04:00,18.3700008392334,18.3799991607666,18.329999923706055,18.329999923706055,0
2026-04-28 05:55:00-04:00,18.329999923706055,18.329999923706055,18.299999237060547,18.31999969482422,0
2026-04-28 06:00:00-04:00,18.31999969482422,18.31999969482422,18.290000915527344,18.309999465942383,0
2026-04-28 06:05:00-04:00,18.309999465942383,18.399999618530273,18.309999465942383,18.399999618530273,0
2026-04-28 06:10:00-04:00,18.399999618530273,18.43000030517578,18.399999618530273,18.43000030517578,0
2026-04-28 06:15:00-04:00,18.43000030517578,18.440000534057617,18.3799991607666,18.3799991607666,0
2026-04-28 06:20:00-04:00,18.3700008392334,18.399999618530273,18.360000610351562,18.399999618530273,0
2026-04-28 06:25:00-04:00,18.389999389648438,18.399999618530273,18.389999389648438,18.389999389648438,0
2026-04-28 06:30:00-04:00,18.3799991607666,18.420000076293945,18.3799991607666,18.40999984741211,0
2026-04-28 06:35:00-04:00,18.40999984741211,18.440000534057617,18.399999618530273,18.43000030517578,0
2026-04-28 06:40:00-04:00,18.43000030517578,18.450000762939453,18.420000076293945,18.450000762939453,0
2026-04-28 06:45:00-04:00,18.450000762939453,18.459999084472656,18.440000534057617,18.440000534057617,0
2026-04-28 06:50:00-04:00,18.440000534057617,18.440000534057617,18.420000076293945,18.440000534057617,0
2026-04-28 06:55:00-04:00,18.440000534057617,18.440000534057617,18.420000076293945,18.420000076293945,0
2026-04-28 07:00:00-04:00,18.43000030517578,18.459999084472656,18.40999984741211,18.459999084472656,0
2026-04-28 07:05:00-04:00,18.469999313354492,18.59000015258789,18.469999313354492,18.59000015258789,0
2026-04-28 07:10:00-04:00,18.579999923706055,18.649999618530273,18.579999923706055,18.639999389648438,0
2026-04-28 07:15:00-04:00,18.639999389648438,18.739999771118164,18.639999389648438,18.739999771118164,0
2026-04-28 07:20:00-04:00,18.739999771118164,18.809999465942383,18.739999771118164,18.809999465942383,0
2026-04-28 07:25:00-04:00,18.799999237060547,18.889999389648438,18.790000915527344,18.860000610351562,0
2026-04-28 07:30:00-04:00,18.860000610351562,18.979999542236328,18.860000610351562,18.90999984741211,0
2026-04-28 07:35:00-04:00,18.889999389648438,18.950000762939453,18.889999389648438,18.950000762939453,0
2026-04-28 07:40:00-04:00,18.979999542236328,19.040000915527344,18.950000762939453,18.950000762939453,0
2026-04-28 07:45:00-04:00,18.950000762939453,19.15999984741211,18.93000030517578,19.15999984741211,0
2026-04-28 07:50:00-04:00,19.15999984741211,19.270000457763672,19.1299991607666,19.25,0
2026-04-28 07:55:00-04:00,19.260000228881836,19.260000228881836,19.200000762939453,19.209999084472656,0
2026-04-28 08:00:00-04:00,19.209999084472656,19.280000686645508,19.190000534057617,19.25,0
2026-04-28 08:05:00-04:00,19.239999771118164,19.270000457763672,19.209999084472656,19.270000457763672,0
2026-04-28 08:10:00-04:00,19.290000915527344,19.350000381469727,19.25,19.270000457763672,0
2026-04-28 08:15:00-04:00,19.270000457763672,19.34000015258789,19.25,19.34000015258789,0
2026-04-28 08:20:00-04:00,19.34000015258789,19.420000076293945,19.190000534057617,19.389999389648438,0
2026-04-28 08:25:00-04:00,19.389999389648438,19.389999389648438,19.360000610351562,19.3700008392334,0
2026-04-28 08:30:00-04:00,19.360000610351562,19.43000030517578,19.360000610351562,19.360000610351562,0
2026-04-28 08:35:00-04:00,19.350000381469727,19.360000610351562,19.299999237060547,19.31999969482422,0
2026-04-28 08:40:00-04:00,19.299999237060547,19.31999969482422,19.260000228881836,19.270000457763672,0
2026-04-28 08:45:00-04:00,19.280000686645508,19.290000915527344,19.170000076293945,19.18000030517578,0
2026-04-28 08:50:00-04:00,19.170000076293945,19.170000076293945,19.079999923706055,19.079999923706055,0
2026-04-28 08:55:00-04:00,19.079999923706055,19.079999923706055,18.979999542236328,18.979999542236328,0
2026-04-28 09:00:00-04:00,18.969999313354492,18.979999542236328,18.899999618530273,18.959999084472656,0
2026-04-28 09:05:00-04:00,18.969999313354492,19.09000015258789,18.969999313354492,19.06999969482422,0
2026-04-28 09:10:00-04:00,19.059999465942383,19.06999969482422,19.030000686645508,19.059999465942383,0
2026-04-28 09:15:00-04:00,19.06999969482422,19.1200008392334,19.049999237060547,19.049999237060547,0
2026-04-28 09:20:00-04:00,19.049999237060547,19.049999237060547,18.979999542236328,18.979999542236328,0
2026-04-28 09:25:00-04:00,18.979999542236328,18.979999542236328,18.979999542236328,18.979999542236328,0
2026-04-28 09:30:00-04:00,18.920000076293945,18.920000076293945,18.670000076293945,18.670000076293945,0
2026-04-28 09:35:00-04:00,18.690000534057617,18.729999542236328,18.6299991607666,18.68000030517578,0
2026-04-28 09:40:00-04:00,18.700000762939453,18.709999084472656,18.530000686645508,18.59000015258789,0
2026-04-28 09:45:00-04:00,18.600000381469727,18.6299991607666,18.540000915527344,18.59000015258789,0
2026-04-28 09:50:00-04:00,18.56999969482422,18.700000762939453,18.56999969482422,18.700000762939453,0
2026-04-28 09:55:00-04:00,18.700000762939453,18.809999465942383,18.68000030517578,18.68000030517578,0
2026-04-28 10:00:00-04:00,18.709999084472656,18.770000457763672,18.670000076293945,18.719999313354492,0
2026-04-28 10:05:00-04:00,18.729999542236328,18.739999771118164,18.520000457763672,18.540000915527344,0
2026-04-28 10:10:00-04:00,18.540000915527344,18.6200008392334,18.540000915527344,18.600000381469727,0
2026-04-28 10:15:00-04:00,18.600000381469727,18.670000076293945,18.549999237060547,18.600000381469727,0
2026-04-28 10:20:00-04:00,18.600000381469727,18.6200008392334,18.549999237060547,18.579999923706055,0
2026-04-28 10:25:00-04:00,18.559999465942383,18.59000015258789,18.489999771118164,18.510000228881836,0
2026-04-28 10:30:00-04:00,18.540000915527344,18.549999237060547,18.469999313354492,18.540000915527344,0
2026-04-28 10:35:00-04:00,18.540000915527344,18.75,18.540000915527344,18.690000534057617,0
2026-04-28 10:40:00-04:00,18.670000076293945,18.729999542236328,18.559999465942383,18.6200008392334,0
2026-04-28 10:45:00-04:00,18.59000015258789,18.709999084472656,18.530000686645508,18.649999618530273,0
2026-04-28 10:50:00-04:00,18.649999618530273,18.780000686645508,18.6200008392334,18.700000762939453,0
2026-04-28 10:55:00-04:00,18.700000762939453,18.760000228881836,18.530000686645508,18.530000686645508,0
2026-04-28 11:00:00-04:00,18.489999771118164,18.489999771118164,18.3700008392334,18.399999618530273,0
2026-04-28 11:05:00-04:00,18.40999984741211,18.549999237060547,18.399999618530273,18.510000228881836,0
2026-04-28 11:10:00-04:00,18.520000457763672,18.520000457763672,18.389999389648438,18.389999389648438,0
2026-04-28 11:15:00-04:00,18.389999389648438,18.459999084472656,18.3799991607666,18.420000076293945,0
2026-04-28 11:20:00-04:00,18.399999618530273,18.559999465942383,18.399999618530273,18.5,0
2026-04-28 11:25:00-04:00,18.5,18.579999923706055,18.5,18.549999237060547,0
2026-04-28 11:30:00-04:00,18.56999969482422,18.670000076293945,18.56999969482422,18.59000015258789,0
2026-04-28 11:35:00-04:00,18.610000610351562,18.65999984741211,18.549999237060547,18.59000015258789,0
2026-04-28 11:40:00-04:00,18.600000381469727,18.610000610351562,18.56999969482422,18.610000610351562,0
2026-04-28 11:45:00-04:00,18.600000381469727,18.75,18.59000015258789,18.729999542236328,0
2026-04-28 11:50:00-04:00,18.719999313354492,18.719999313354492,18.649999618530273,18.649999618530273,0
2026-04-28 11:55:00-04:00,18.649999618530273,18.700000762939453,18.610000610351562,18.610000610351562,0
2026-04-28 12:00:00-04:00,18.59000015258789,18.649999618530273,18.549999237060547,18.559999465942383,0
2026-04-28 12:05:00-04:00,18.56999969482422,18.56999969482422,18.5,18.540000915527344,0
2026-04-28 12:10:00-04:00,18.530000686645508,18.549999237060547,18.5,18.5,0
2026-04-28 12:15:00-04:00,18.5,18.540000915527344,18.479999542236328,18.489999771118164,0
2026-04-28 12:20:00-04:00,18.489999771118164,18.5,18.469999313354492,18.469999313354492,0
2026-04-28 12:25:00-04:00,18.469999313354492,18.510000228881836,18.459999084472656,18.5,0
2026-04-28 12:30:00-04:00,18.5,18.56999969482422,18.489999771118164,18.56999969482422,0
2026-04-28 12:35:00-04:00,18.579999923706055,18.6299991607666,18.579999923706055,18.6299991607666,0
2026-04-28 12:40:00-04:00,18.6200008392334,18.670000076293945,18.59000015258789,18.65999984741211,0
2026-04-28 12:45:00-04:00,18.649999618530273,18.670000076293945,18.600000381469727,18.610000610351562,0
2026-04-28 12:50:00-04:00,18.600000381469727,18.6299991607666,18.469999313354492,18.469999313354492,0
2026-04-28 12:55:00-04:00,18.479999542236328,18.530000686645508,18.469999313354492,18.520000457763672,0
2026-04-28 13:00:00-04:00,18.5,18.579999923706055,18.479999542236328,18.579999923706055,0
2026-04-28 13:05:00-04:00,18.56999969482422,18.600000381469727,18.549999237060547,18.549999237060547,0
2026-04-28 13:10:00-04:00,18.540000915527344,18.56999969482422,18.5,18.5,0
2026-04-28 13:15:00-04:00,18.489999771118164,18.540000915527344,18.479999542236328,18.540000915527344,0
2026-04-28 13:20:00-04:00,18.530000686645508,18.540000915527344,18.5,18.5,0
2026-04-28 13:25:00-04:00,18.489999771118164,18.489999771118164,18.40999984741211,18.450000762939453,0
2026-04-28 13:30:00-04:00,18.440000534057617,18.440000534057617,18.350000381469727,18.350000381469727,0
2026-04-28 13:35:00-04:00,18.350000381469727,18.350000381469727,18.309999465942383,18.350000381469727,0
2026-04-28 13:40:00-04:00,18.350000381469727,18.350000381469727,18.270000457763672,18.280000686645508,0
2026-04-28 13:45:00-04:00,18.280000686645508,18.280000686645508,18.239999771118164,18.270000457763672,0
2026-04-28 13:50:00-04:00,18.280000686645508,18.299999237060547,18.270000457763672,18.280000686645508,0
2026-04-28 13:55:00-04:00,18.280000686645508,18.280000686645508,18.209999084472656,18.270000457763672,0
2026-04-28 14:00:00-04:00,18.270000457763672,18.280000686645508,18.25,18.280000686645508,0
2026-04-28 14:05:00-04:00,18.280000686645508,18.299999237060547,18.270000457763672,18.280000686645508,0
2026-04-28 14:10:00-04:00,18.280000686645508,18.299999237060547,18.270000457763672,18.280000686645508,0
2026-04-28 14:15:00-04:00,18.280000686645508,18.280000686645508,18.190000534057617,18.200000762939453,0
2026-04-28 14:20:00-04:00,18.190000534057617,18.209999084472656,18.149999618530273,18.170000076293945,0
2026-04-28 14:25:00-04:00,18.18000030517578,18.190000534057617,18.15999984741211,18.170000076293945,0
2026-04-28 14:30:00-04:00,18.170000076293945,18.260000228881836,18.170000076293945,18.260000228881836,0
2026-04-28 14:35:00-04:00,18.260000228881836,18.280000686645508,18.239999771118164,18.25,0
2026-04-28 14:40:00-04:00,18.239999771118164,18.239999771118164,18.200000762939453,18.200000762939453,0
2026-04-28 14:45:00-04:00,18.200000762939453,18.229999542236328,18.200000762939453,18.200000762939453,0
2026-04-28 14:50:00-04:00,18.200000762939453,18.209999084472656,18.18000030517578,18.18000030517578,0
2026-04-28 14:55:00-04:00,18.18000030517578,18.200000762939453,18.15999984741211,18.15999984741211,0
2026-04-28 15:00:00-04:00,18.15999984741211,18.15999984741211,18.110000610351562,18.1200008392334,0
2026-04-28 15:05:00-04:00,18.1200008392334,18.1200008392334,18.040000915527344,18.040000915527344,0
2026-04-28 15:10:00-04:00,18.040000915527344,18.049999237060547,18.010000228881836,18.049999237060547,0
2026-04-28 15:15:00-04:00,18.049999237060547,18.09000015258789,18.049999237060547,18.06999969482422,0
2026-04-28 15:20:00-04:00,18.06999969482422,18.110000610351562,18.040000915527344,18.059999465942383,0
2026-04-28 15:25:00-04:00,18.059999465942383,18.079999923706055,18.049999237060547,18.079999923706055,0
2026-04-28 15:30:00-04:00,18.06999969482422,18.1200008392334,18.06999969482422,18.110000610351562,0
2026-04-28 15:35:00-04:00,18.1200008392334,18.1200008392334,18.049999237060547,18.049999237060547,0
2026-04-28 15:40:00-04:00,18.040000915527344,18.049999237060547,18.020000457763672,18.040000915527344,0
2026-04-28 15:45:00-04:00,18.040000915527344,18.049999237060547,18.010000228881836,18.010000228881836,0
2026-04-28 15:50:00-04:00,18.010000228881836,18.010000228881836,17.93000030517578,17.989999771118164,0
2026-04-28 15:55:00-04:00,17.959999084472656,17.979999542236328,17.780000686645508,17.809999465942383,0
2026-04-29 04:00:00-04:00,17.93000030517578,17.93000030517578,17.84000015258789,17.8799991607666,0
2026-04-29 04:05:00-04:00,17.8700008392334,17.979999542236328,17.850000381469727,17.979999542236328,0
2026-04-29 04:10:00-04:00,17.979999542236328,18.010000228881836,17.959999084472656,18.010000228881836,0
2026-04-29 04:15:00-04:00,18.010000228881836,18.059999465942383,18.010000228881836,18.020000457763672,0
2026-04-29 04:20:00-04:00,18.020000457763672,18.020000457763672,17.969999313354492,17.969999313354492,0
2026-04-29 04:25:00-04:00,17.969999313354492,17.969999313354492,17.90999984741211,17.90999984741211,0
2026-04-29 04:30:00-04:00,17.93000030517578,18.100000381469727,17.93000030517578,18.100000381469727,0
2026-04-29 04:35:00-04:00,18.09000015258789,18.110000610351562,18.06999969482422,18.100000381469727,0
2026-04-29 04:40:00-04:00,18.09000015258789,18.100000381469727,18.020000457763672,18.020000457763672,0
2026-04-29 04:45:00-04:00,18.010000228881836,18.049999237060547,17.989999771118164,18.040000915527344,0
2026-04-29 04:50:00-04:00,18.049999237060547,18.059999465942383,18.020000457763672,18.049999237060547,0
2026-04-29 04:55:00-04:00,18.040000915527344,18.079999923706055,18.040000915527344,18.059999465942383,0
2026-04-29 05:00:00-04:00,18.059999465942383,18.100000381469727,18.049999237060547,18.09000015258789,0
2026-04-29 05:05:00-04:00,18.09000015258789,18.100000381469727,18.06999969482422,18.06999969482422,0
2026-04-29 05:10:00-04:00,18.059999465942383,18.059999465942383,18.030000686645508,18.049999237060547,0
2026-04-29 05:15:00-04:00,18.049999237060547,18.049999237060547,17.940000534057617,17.950000762939453,0
2026-04-29 05:20:00-04:00,17.940000534057617,17.989999771118164,17.940000534057617,17.969999313354492,0
2026-04-29 05:25:00-04:00,17.969999313354492,17.989999771118164,17.959999084472656,17.969999313354492,0
2026-04-29 05:30:00-04:00,17.969999313354492,17.979999542236328,17.940000534057617,17.940000534057617,0
2026-04-29 05:35:00-04:00,17.950000762939453,17.950000762939453,17.90999984741211,17.950000762939453,0
2026-04-29 05:40:00-04:00,17.940000534057617,18.0,17.940000534057617,18.0,0
2026-04-29 05:45:00-04:00,18.0,18.040000915527344,18.0,18.020000457763672,0
2026-04-29 05:50:00-04:00,18.010000228881836,18.020000457763672,17.989999771118164,18.010000228881836,0
2026-04-29 05:55:00-04:00,18.010000228881836,18.079999923706055,18.010000228881836,18.06999969482422,0
2026-04-29 06:00:00-04:00,18.06999969482422,18.1200008392334,18.030000686645508,18.040000915527344,0
2026-04-29 06:05:00-04:00,18.040000915527344,18.079999923706055,18.030000686645508,18.059999465942383,0
2026-04-29 06:10:00-04:00,18.049999237060547,18.059999465942383,18.030000686645508,18.030000686645508,0
2026-04-29 06:15:00-04:00,18.030000686645508,18.030000686645508,17.93000030517578,17.93000030517578,0
2026-04-29 06:20:00-04:00,17.940000534057617,17.959999084472656,17.920000076293945,17.940000534057617,0
2026-04-29 06:25:00-04:00,17.93000030517578,17.950000762939453,17.93000030517578,17.940000534057617,0
2026-04-29 06:30:00-04:00,17.940000534057617,17.940000534057617,17.899999618530273,17.920000076293945,0
2026-04-29 06:35:00-04:00,17.920000076293945,17.93000030517578,17.90999984741211,17.920000076293945,0
2026-04-29 06:40:00-04:00,17.920000076293945,17.969999313354492,17.920000076293945,17.959999084472656,0
2026-04-29 06:45:00-04:00,17.959999084472656,17.959999084472656,17.940000534057617,17.950000762939453,0
2026-04-29 06:50:00-04:00,17.950000762939453,17.950000762939453,17.920000076293945,17.93000030517578,0
2026-04-29 06:55:00-04:00,17.93000030517578,17.950000762939453,17.93000030517578,17.940000534057617,0
2026-04-29 07:00:00-04:00,17.93000030517578,17.93000030517578,17.8700008392334,17.8799991607666,0
2026-04-29 07:05:00-04:00,17.8799991607666,17.950000762939453,17.8799991607666,17.940000534057617,0
2026-04-29 07:10:00-04:00,17.940000534057617,17.940000534057617,17.899999618530273,17.90999984741211,0
2026-04-29 07:15:00-04:00,17.90999984741211,17.93000030517578,17.899999618530273,17.93000030517578,0
2026-04-29 07:20:00-04:00,17.920000076293945,17.950000762939453,17.920000076293945,17.940000534057617,0
2026-04-29 07:25:00-04:00,17.940000534057617,17.950000762939453,17.920000076293945,17.950000762939453,0
2026-04-29 07:30:00-04:00,17.950000762939453,17.959999084472656,17.940000534057617,17.950000762939453,0
2026-04-29 07:35:00-04:00,17.950000762939453,17.950000762939453,17.8799991607666,17.920000076293945,0
2026-04-29 07:40:00-04:00,17.959999084472656,18.0,17.950000762939453,17.959999084472656,0
2026-04-29 07:45:00-04:00,17.969999313354492,18.020000457763672,17.959999084472656,17.989999771118164,0
2026-04-29 07:50:00-04:00,17.989999771118164,17.989999771118164,17.93000030517578,17.969999313354492,0
2026-04-29 07:55:00-04:00,17.969999313354492,17.979999542236328,17.959999084472656,17.979999542236328,0
2026-04-29 08:00:00-04:00,17.979999542236328,18.020000457763672,17.979999542236328,18.020000457763672,0
2026-04-29 08:05:00-04:00,18.010000228881836,18.010000228881836,17.989999771118164,18.0,0
2026-04-29 08:10:00-04:00,18.0,18.030000686645508,17.989999771118164,18.030000686645508,0
2026-04-29 08:15:00-04:00,18.030000686645508,18.030000686645508,17.979999542236328,17.989999771118164,0
2026-04-29 08:20:00-04:00,18.0,18.010000228881836,17.959999084472656,18.010000228881836,0
2026-04-29 08:25:00-04:00,18.010000228881836,18.020000457763672,17.969999313354492,18.020000457763672,0
2026-04-29 08:30:00-04:00,18.030000686645508,18.18000030517578,18.030000686645508,18.18000030517578,0
2026-04-29 08:35:00-04:00,18.170000076293945,18.170000076293945,18.079999923706055,18.079999923706055,0
2026-04-29 08:40:00-04:00,18.06999969482422,18.06999969482422,18.030000686645508,18.040000915527344,0
2026-04-29 08:45:00-04:00,18.040000915527344,18.079999923706055,18.040000915527344,18.079999923706055,0
2026-04-29 08:50:00-04:00,18.06999969482422,18.079999923706055,18.049999237060547,18.059999465942383,0
2026-04-29 08:55:00-04:00,18.06999969482422,18.079999923706055,18.059999465942383,18.059999465942383,0
2026-04-29 09:00:00-04:00,18.059999465942383,18.059999465942383,18.010000228881836,18.049999237060547,0
2026-04-29 09:05:00-04:00,18.059999465942383,18.059999465942383,18.040000915527344,18.059999465942383,0
2026-04-29 09:10:00-04:00,18.049999237060547,18.059999465942383,18.040000915527344,18.059999465942383,0
2026-04-29 09:15:00-04:00,18.059999465942383,18.059999465942383,18.049999237060547,18.059999465942383,0
2026-04-29 09:20:00-04:00,18.1200008392334,18.200000762939453,18.110000610351562,18.190000534057617,0
2026-04-29 09:25:00-04:00,18.170000076293945,18.170000076293945,18.170000076293945,18.170000076293945,0
2026-04-29 09:30:00-04:00,18.3700008392334,18.399999618530273,18.329999923706055,18.34000015258789,0
2026-04-29 09:35:00-04:00,18.360000610351562,18.3799991607666,18.25,18.290000915527344,0
2026-04-29 09:40:00-04:00,18.280000686645508,18.360000610351562,18.260000228881836,18.360000610351562,0
2026-04-29 09:45:00-04:00,18.3700008392334,18.450000762939453,18.3700008392334,18.389999389648438,0
2026-04-29 09:50:00-04:00,18.3799991607666,18.3799991607666,18.1200008392334,18.1200008392334,0
2026-04-29 09:55:00-04:00,18.139999389648438,18.15999984741211,18.059999465942383,18.139999389648438,0
2026-04-29 10:00:00-04:00,18.149999618530273,18.219999313354492,18.149999618530273,18.149999618530273,0
2026-04-29 10:05:00-04:00,18.1299991607666,18.149999618530273,18.110000610351562,18.1200008392334,0
2026-04-29 10:10:00-04:00,18.110000610351562,18.1200008392334,18.059999465942383,18.06999969482422,0
2026-04-29 10:15:00-04:00,18.079999923706055,18.100000381469727,18.010000228881836,18.040000915527344,0
2026-04-29 10:20:00-04:00,18.030000686645508,18.040000915527344,17.989999771118164,17.989999771118164,0
2026-04-29 10:25:00-04:00,18.0,18.0,17.959999084472656,17.979999542236328,0
2026-04-29 10:30:00-04:00,17.989999771118164,18.020000457763672,17.940000534057617,17.940000534057617,0
2026-04-29 10:35:00-04:00,17.940000534057617,17.950000762939453,17.90999984741211,17.93000030517578,0
2026-04-29 10:40:00-04:00,17.940000534057617,17.969999313354492,17.940000534057617,17.959999084472656,0
2026-04-29 10:45:00-04:00,17.950000762939453,17.989999771118164,17.950000762939453,17.989999771118164,0
2026-04-29 10:50:00-04:00,18.0,18.020000457763672,17.979999542236328,18.0,0
2026-04-29 10:55:00-04:00,18.010000228881836,18.06999969482422,18.010000228881836,18.06999969482422,0
2026-04-29 11:00:00-04:00,18.06999969482422,18.18000030517578,18.06999969482422,18.15999984741211,0
2026-04-29 11:05:00-04:00,18.170000076293945,18.260000228881836,18.170000076293945,18.260000228881836,0
2026-04-29 11:10:00-04:00,18.260000228881836,18.389999389648438,18.25,18.389999389648438,0
2026-04-29 11:15:00-04:00,18.389999389648438,18.399999618530273,18.25,18.299999237060547,0
2026-04-29 11:20:00-04:00,18.260000228881836,18.260000228881836,18.209999084472656,18.219999313354492,0
2026-04-29 11:25:00-04:00,18.209999084472656,18.229999542236328,18.170000076293945,18.18000030517578,0
2026-04-29 11:30:00-04:00,18.18000030517578,18.239999771118164,18.15999984741211,18.229999542236328,0
2026-04-29 11:35:00-04:00,18.209999084472656,18.25,18.190000534057617,18.239999771118164,0
2026-04-29 11:40:00-04:00,18.239999771118164,18.299999237060547,18.229999542236328,18.299999237060547,0
2026-04-29 11:45:00-04:00,18.290000915527344,18.31999969482422,18.219999313354492,18.280000686645508,0
2026-04-29 11:50:00-04:00,18.280000686645508,18.65999984741211,18.260000228881836,18.59000015258789,0
2026-04-29 11:55:00-04:00,18.579999923706055,18.670000076293945,18.5,18.5,0
2026-04-29 12:00:00-04:00,18.489999771118164,18.5,18.399999618530273,18.420000076293945,0
2026-04-29 12:05:00-04:00,18.399999618530273,18.459999084472656,18.3799991607666,18.440000534057617,0
2026-04-29 12:10:00-04:00,18.43000030517578,18.479999542236328,18.399999618530273,18.479999542236328,0
2026-04-29 12:15:00-04:00,18.489999771118164,18.59000015258789,18.450000762939453,18.59000015258789,0
2026-04-29 12:20:00-04:00,18.59000015258789,18.59000015258789,18.549999237060547,18.549999237060547,0
2026-04-29 12:25:00-04:00,18.559999465942383,18.670000076293945,18.549999237060547,18.670000076293945,0
2026-04-29 12:30:00-04:00,18.68000030517578,18.969999313354492,18.68000030517578,18.969999313354492,0
2026-04-29 12:35:00-04:00,18.979999542236328,19.0,18.84000015258789,18.860000610351562,0
2026-04-29 12:40:00-04:00,18.860000610351562,18.860000610351562,18.75,18.780000686645508,0
2026-04-29 12:45:00-04:00,18.770000457763672,18.799999237060547,18.739999771118164,18.75,0
2026-04-29 12:50:00-04:00,18.760000228881836,18.780000686645508,18.700000762939453,18.75,0
2026-04-29 12:55:00-04:00,18.75,18.84000015258789,18.739999771118164,18.81999969482422,0
2026-04-29 13:00:00-04:00,18.799999237060547,18.889999389648438,18.790000915527344,18.850000381469727,0
2026-04-29 13:05:00-04:00,18.84000015258789,18.850000381469727,18.770000457763672,18.790000915527344,0
2026-04-29 13:10:00-04:00,18.790000915527344,18.799999237060547,18.760000228881836,18.790000915527344,0
2026-04-29 13:15:00-04:00,18.780000686645508,18.81999969482422,18.75,18.760000228881836,0
2026-04-29 13:20:00-04:00,18.75,18.75,18.670000076293945,18.729999542236328,0
2026-04-29 13:25:00-04:00,18.719999313354492,18.75,18.65999984741211,18.65999984741211,0
2026-04-29 13:30:00-04:00,18.649999618530273,18.649999618530273,18.549999237060547,18.579999923706055,0
2026-04-29 13:35:00-04:00,18.59000015258789,18.59000015258789,18.549999237060547,18.579999923706055,0
2026-04-29 13:40:00-04:00,18.579999923706055,18.6200008392334,18.56999969482422,18.56999969482422,0
2026-04-29 13:45:00-04:00,18.56999969482422,18.56999969482422,18.450000762939453,18.469999313354492,0
2026-04-29 13:50:00-04:00,18.459999084472656,18.479999542236328,18.389999389648438,18.469999313354492,0
2026-04-29 13:55:00-04:00,18.479999542236328,18.520000457763672,18.469999313354492,18.479999542236328,0
2026-04-29 14:00:00-04:00,18.440000534057617,18.719999313354492,18.440000534057617,18.719999313354492,0
2026-04-29 14:05:00-04:00,18.719999313354492,18.889999389648438,18.700000762939453,18.889999389648438,0
2026-04-29 14:10:00-04:00,18.8799991607666,18.950000762939453,18.780000686645508,18.809999465942383,0
2026-04-29 14:15:00-04:00,18.829999923706055,18.84000015258789,18.639999389648438,18.65999984741211,0
2026-04-29 14:20:00-04:00,18.68000030517578,18.690000534057617,18.6200008392334,18.65999984741211,0
2026-04-29 14:25:00-04:00,18.65999984741211,18.75,18.65999984741211,18.739999771118164,0
2026-04-29 14:30:00-04:00,18.739999771118164,18.84000015258789,18.709999084472656,18.770000457763672,0
2026-04-29 14:35:00-04:00,18.760000228881836,18.760000228881836,18.520000457763672,18.6299991607666,0
2026-04-29 14:40:00-04:00,18.6299991607666,18.860000610351562,18.6299991607666,18.860000610351562,0
2026-04-29 14:45:00-04:00,18.889999389648438,18.920000076293945,18.75,18.75,0
2026-04-29 14:50:00-04:00,18.760000228881836,18.760000228881836,18.649999618530273,18.700000762939453,0
2026-04-29 14:55:00-04:00,18.709999084472656,18.709999084472656,18.5,18.5,0
2026-04-29 15:00:00-04:00,18.469999313354492,18.5,18.420000076293945,18.440000534057617,0
2026-04-29 15:05:00-04:00,18.459999084472656,18.530000686645508,18.450000762939453,18.450000762939453,0
2026-04-29 15:10:00-04:00,18.450000762939453,18.469999313354492,18.270000457763672,18.329999923706055,0
2026-04-29 15:15:00-04:00,18.299999237060547,18.299999237060547,18.239999771118164,18.260000228881836,0
2026-04-29 15:20:00-04:00,18.270000457763672,18.350000381469727,18.270000457763672,18.309999465942383,0
2026-04-29 15:25:00-04:00,18.309999465942383,18.350000381469727,18.280000686645508,18.34000015258789,0
2026-04-29 15:30:00-04:00,18.350000381469727,18.520000457763672,18.350000381469727,18.510000228881836,0
2026-04-29 15:35:00-04:00,18.5,18.540000915527344,18.469999313354492,18.479999542236328,0
2026-04-29 15:40:00-04:00,18.469999313354492,18.540000915527344,18.469999313354492,18.5,0
2026-04-29 15:45:00-04:00,18.510000228881836,18.520000457763672,18.489999771118164,18.5,0
2026-04-29 15:50:00-04:00,18.510000228881836,18.549999237060547,18.469999313354492,18.469999313354492,0
2026-04-29 15:55:00-04:00,18.479999542236328,18.5,18.360000610351562,18.360000610351562,0
2026-04-30 04:00:00-04:00,18.610000610351562,18.610000610351562,18.459999084472656,18.459999084472656,0
2026-04-30 04:05:00-04:00,18.469999313354492,18.530000686645508,18.450000762939453,18.530000686645508,0
2026-04-30 04:10:00-04:00,18.510000228881836,18.510000228881836,18.489999771118164,18.510000228881836,0
2026-04-30 04:15:00-04:00,18.510000228881836,18.559999465942383,18.510000228881836,18.540000915527344,0
2026-04-30 04:20:00-04:00,18.540000915527344,18.6299991607666,18.540000915527344,18.610000610351562,0
2026-04-30 04:25:00-04:00,18.600000381469727,18.600000381469727,18.520000457763672,18.520000457763672,0
2026-04-30 04:30:00-04:00,18.520000457763672,18.520000457763672,18.3700008392334,18.389999389648438,0
2026-04-30 04:35:00-04:00,18.389999389648438,18.469999313354492,18.389999389648438,18.420000076293945,0
2026-04-30 04:40:00-04:00,18.40999984741211,18.43000030517578,18.3700008392334,18.399999618530273,0
2026-04-30 04:45:00-04:00,18.399999618530273,18.43000030517578,18.389999389648438,18.399999618530273,0
2026-04-30 04:50:00-04:00,18.389999389648438,18.43000030517578,18.3700008392334,18.40999984741211,0
2026-04-30 04:55:00-04:00,18.40999984741211,18.469999313354492,18.40999984741211,18.459999084472656,0
2026-04-30 05:00:00-04:00,18.469999313354492,18.469999313354492,18.420000076293945,18.43000030517578,0
2026-04-30 05:05:00-04:00,18.43000030517578,18.489999771118164,18.420000076293945,18.43000030517578,0
2026-04-30 05:10:00-04:00,18.420000076293945,18.520000457763672,18.420000076293945,18.5,0
2026-04-30 05:15:00-04:00,18.5,18.56999969482422,18.459999084472656,18.56999969482422,0
2026-04-30 05:20:00-04:00,18.56999969482422,18.6200008392334,18.549999237060547,18.579999923706055,0
2026-04-30 05:25:00-04:00,18.59000015258789,18.59000015258789,18.399999618530273,18.399999618530273,0
2026-04-30 05:30:00-04:00,18.3799991607666,18.43000030517578,18.270000457763672,18.399999618530273,0
2026-04-30 05:35:00-04:00,18.399999618530273,18.399999618530273,18.329999923706055,18.34000015258789,0
2026-04-30 05:40:00-04:00,18.31999969482422,18.3799991607666,18.299999237060547,18.350000381469727,0
2026-04-30 05:45:00-04:00,18.360000610351562,18.360000610351562,18.309999465942383,18.31999969482422,0
2026-04-30 05:50:00-04:00,18.329999923706055,18.3799991607666,18.329999923706055,18.350000381469727,0
2026-04-30 05:55:00-04:00,18.350000381469727,18.420000076293945,18.350000381469727,18.360000610351562,0
2026-04-30 06:00:00-04:00,18.389999389648438,18.389999389648438,18.280000686645508,18.299999237060547,0
2026-04-30 06:05:00-04:00,18.309999465942383,18.309999465942383,18.270000457763672,18.280000686645508,0
2026-04-30 06:10:00-04:00,18.260000228881836,18.309999465942383,18.219999313354492,18.309999465942383,0
2026-04-30 06:15:00-04:00,18.290000915527344,18.309999465942383,18.239999771118164,18.25,0
2026-04-30 06:20:00-04:00,18.260000228881836,18.260000228881836,18.190000534057617,18.200000762939453,0
2026-04-30 06:25:00-04:00,18.209999084472656,18.229999542236328,18.100000381469727,18.170000076293945,0
2026-04-30 06:30:00-04:00,18.15999984741211,18.15999984741211,18.09000015258789,18.139999389648438,0
2026-04-30 06:35:00-04:00,18.149999618530273,18.270000457763672,18.149999618530273,18.260000228881836,0
2026-04-30 06:40:00-04:00,18.25,18.280000686645508,18.219999313354492,18.280000686645508,0
2026-04-30 06:45:00-04:00,18.280000686645508,18.280000686645508,18.170000076293945,18.200000762939453,0
2026-04-30 06:50:00-04:00,18.239999771118164,18.290000915527344,18.239999771118164,18.239999771118164,0
2026-04-30 06:55:00-04:00,18.25,18.25,18.18000030517578,18.190000534057617,0
2026-04-30 07:00:00-04:00,18.209999084472656,18.209999084472656,18.15999984741211,18.15999984741211,0
2026-04-30 07:05:00-04:00,18.149999618530273,18.18000030517578,18.09000015258789,18.09000015258789,0
2026-04-30 07:10:00-04:00,18.09000015258789,18.110000610351562,18.059999465942383,18.09000015258789,0
2026-04-30 07:15:00-04:00,18.110000610351562,18.1200008392334,18.040000915527344,18.040000915527344,0
2026-04-30 07:20:00-04:00,18.040000915527344,18.049999237060547,18.010000228881836,18.020000457763672,0
2026-04-30 07:25:00-04:00,18.030000686645508,18.030000686645508,17.920000076293945,17.93000030517578,0
2026-04-30 07:30:00-04:00,17.93000030517578,18.020000457763672,17.93000030517578,18.0,0
2026-04-30 07:35:00-04:00,18.0,18.020000457763672,17.969999313354492,18.020000457763672,0
2026-04-30 07:40:00-04:00,18.020000457763672,18.049999237060547,18.020000457763672,18.030000686645508,0
2026-04-30 07:45:00-04:00,18.040000915527344,18.049999237060547,17.950000762939453,17.959999084472656,0
2026-04-30 07:50:00-04:00,17.959999084472656,18.010000228881836,17.959999084472656,18.0,0
2026-04-30 07:55:00-04:00,18.010000228881836,18.040000915527344,17.989999771118164,18.040000915527344,0
2026-04-30 08:00:00-04:00,18.030000686645508,18.049999237060547,18.010000228881836,18.010000228881836,0
2026-04-30 08:05:00-04:00,18.0,18.020000457763672,17.959999084472656,17.959999084472656,0
2026-04-30 08:10:00-04:00,17.969999313354492,17.969999313354492,17.8700008392334,17.8799991607666,0
2026-04-30 08:15:00-04:00,17.940000534057617,17.940000534057617,17.799999237060547,17.84000015258789,0
2026-04-30 08:20:00-04:00,17.829999923706055,17.8700008392334,17.760000228881836,17.81999969482422,0
2026-04-30 08:25:00-04:00,17.829999923706055,17.8799991607666,17.81999969482422,17.829999923706055,0
2026-04-30 08:30:00-04:00,17.829999923706055,17.90999984741211,17.770000457763672,17.90999984741211,0
2026-04-30 08:35:00-04:00,17.90999984741211,17.90999984741211,17.8700008392334,17.8700008392334,0
2026-04-30 08:40:00-04:00,17.8700008392334,17.93000030517578,17.8700008392334,17.920000076293945,0
2026-04-30 08:45:00-04:00,17.90999984741211,17.950000762939453,17.850000381469727,17.8799991607666,0
2026-04-30 08:50:00-04:00,17.889999389648438,17.889999389648438,17.760000228881836,17.780000686645508,0
2026-04-30 08:55:00-04:00,17.780000686645508,17.790000915527344,17.75,17.780000686645508,0
2026-04-30 09:00:00-04:00,17.770000457763672,17.770000457763672,17.670000076293945,17.700000762939453,0
2026-04-30 09:05:00-04:00,17.68000030517578,17.709999084472656,17.649999618530273,17.649999618530273,0
2026-04-30 09:10:00-04:00,17.649999618530273,17.760000228881836,17.649999618530273,17.739999771118164,0
2026-04-30 09:15:00-04:00,17.739999771118164,17.739999771118164,17.709999084472656,17.719999313354492,0
2026-04-30 09:20:00-04:00,17.719999313354492,17.739999771118164,17.700000762939453,17.729999542236328,0
2026-04-30 09:25:00-04:00,17.739999771118164,17.739999771118164,17.739999771118164,17.739999771118164,0
2026-04-30 09:30:00-04:00,17.940000534057617,17.969999313354492,17.860000610351562,17.920000076293945,0
2026-04-30 09:35:00-04:00,17.959999084472656,18.209999084472656,17.959999084472656,18.209999084472656,0
2026-04-30 09:40:00-04:00,18.219999313354492,18.299999237060547,17.969999313354492,17.969999313354492,0
2026-04-30 09:45:00-04:00,17.969999313354492,18.059999465942383,17.90999984741211,17.969999313354492,0
2026-04-30 09:50:00-04:00,17.989999771118164,18.1299991607666,17.950000762939453,18.100000381469727,0
2026-04-30 09:55:00-04:00,18.139999389648438,18.209999084472656,18.06999969482422,18.079999923706055,0
2026-04-30 10:00:00-04:00,18.09000015258789,18.09000015258789,17.860000610351562,17.899999618530273,0
2026-04-30 10:05:00-04:00,17.889999389648438,18.040000915527344,17.809999465942383,17.989999771118164,0
2026-04-30 10:10:00-04:00,17.959999084472656,18.020000457763672,17.8799991607666,17.940000534057617,0
2026-04-30 10:15:00-04:00,17.920000076293945,18.15999984741211,17.920000076293945,17.950000762939453,0
2026-04-30 10:20:00-04:00,17.90999984741211,17.90999984741211,17.770000457763672,17.81999969482422,0
2026-04-30 10:25:00-04:00,17.790000915527344,17.8799991607666,17.729999542236328,17.729999542236328,0
2026-04-30 10:30:00-04:00,17.719999313354492,17.780000686645508,17.579999923706055,17.780000686645508,0
2026-04-30 10:35:00-04:00,17.760000228881836,17.860000610351562,17.739999771118164,17.860000610351562,0
2026-04-30 10:40:00-04:00,17.860000610351562,17.860000610351562,17.690000534057617,17.719999313354492,0
2026-04-30 10:45:00-04:00,17.719999313354492,17.719999313354492,17.559999465942383,17.56999969482422,0
2026-04-30 10:50:00-04:00,17.59000015258789,17.600000381469727,17.420000076293945,17.420000076293945,0
2026-04-30 10:55:00-04:00,17.43000030517578,17.440000534057617,17.389999389648438,17.43000030517578,0
2026-04-30 11:00:00-04:00,17.469999313354492,17.469999313354492,17.3799991607666,17.440000534057617,0
2026-04-30 11:05:00-04:00,17.450000762939453,17.489999771118164,17.350000381469727,17.350000381469727,0
2026-04-30 11:10:00-04:00,17.34000015258789,17.3799991607666,17.31999969482422,17.350000381469727,0
2026-04-30 11:15:00-04:00,17.34000015258789,17.3799991607666,17.329999923706055,17.3700008392334,0
2026-04-30 11:20:00-04:00,17.3700008392334,17.40999984741211,17.360000610351562,17.360000610351562,0
2026-04-30 11:25:00-04:00,17.360000610351562,17.3700008392334,17.31999969482422,17.31999969482422,0
2026-04-30 11:30:00-04:00,17.34000015258789,17.34000015258789,17.280000686645508,17.34000015258789,0
2026-04-30 11:35:00-04:00,17.34000015258789,17.40999984741211,17.34000015258789,17.40999984741211,0
2026-04-30 11:40:00-04:00,17.40999984741211,17.440000534057617,17.389999389648438,17.40999984741211,0
2026-04-30 11:45:00-04:00,17.40999984741211,17.489999771118164,17.399999618530273,17.40999984741211,0
2026-04-30 11:50:00-04:00,17.389999389648438,17.389999389648438,17.299999237060547,17.3700008392334,0
2026-04-30 11:55:00-04:00,17.360000610351562,17.389999389648438,17.34000015258789,17.3799991607666,0
2026-04-30 12:00:00-04:00,17.399999618530273,17.420000076293945,17.34000015258789,17.34000015258789,0
2026-04-30 12:05:00-04:00,17.350000381469727,17.399999618530273,17.329999923706055,17.3799991607666,0
2026-04-30 12:10:00-04:00,17.389999389648438,17.399999618530273,17.360000610351562,17.360000610351562,0
2026-04-30 12:15:00-04:00,17.350000381469727,17.3799991607666,17.34000015258789,17.350000381469727,0
2026-04-30 12:20:00-04:00,17.350000381469727,17.459999084472656,17.350000381469727,17.450000762939453,0
2026-04-30 12:25:00-04:00,17.450000762939453,17.469999313354492,17.420000076293945,17.43000030517578,0
2026-04-30 12:30:00-04:00,17.420000076293945,17.43000030517578,17.399999618530273,17.420000076293945,0
2026-04-30 12:35:00-04:00,17.43000030517578,17.440000534057617,17.40999984741211,17.40999984741211,0
2026-04-30 12:40:00-04:00,17.40999984741211,17.450000762939453,17.40999984741211,17.440000534057617,0
2026-04-30 12:45:00-04:00,17.459999084472656,17.469999313354492,17.399999618530273,17.420000076293945,0
2026-04-30 12:50:00-04:00,17.420000076293945,17.510000228881836,17.420000076293945,17.489999771118164,0
2026-04-30 12:55:00-04:00,17.489999771118164,17.549999237060547,17.459999084472656,17.459999084472656,0
2026-04-30 13:00:00-04:00,17.469999313354492,17.469999313354492,17.329999923706055,17.360000610351562,0
2026-04-30 13:05:00-04:00,17.350000381469727,17.360000610351562,17.31999969482422,17.31999969482422,0
2026-04-30 13:10:00-04:00,17.31999969482422,17.34000015258789,17.299999237060547,17.309999465942383,0
2026-04-30 13:15:00-04:00,17.309999465942383,17.399999618530273,17.309999465942383,17.360000610351562,0
2026-04-30 13:20:00-04:00,17.360000610351562,17.420000076293945,17.350000381469727,17.389999389648438,0
2026-04-30 13:25:00-04:00,17.399999618530273,17.40999984741211,17.3700008392334,17.3700008392334,0
2026-04-30 13:30:00-04:00,17.3700008392334,17.3700008392334,17.280000686645508,17.299999237060547,0
2026-04-30 13:35:00-04:00,17.309999465942383,17.309999465942383,17.270000457763672,17.270000457763672,0
2026-04-30 13:40:00-04:00,17.260000228881836,17.290000915527344,17.25,17.25,0
2026-04-30 13:45:00-04:00,17.260000228881836,17.270000457763672,17.209999084472656,17.270000457763672,0
2026-04-30 13:50:00-04:00,17.270000457763672,17.290000915527344,17.270000457763672,17.280000686645508,0
2026-04-30 13:55:00-04:00,17.280000686645508,17.290000915527344,17.25,17.25,0
2026-04-30 14:00:00-04:00,17.25,17.260000228881836,17.209999084472656,17.260000228881836,0
2026-04-30 14:05:00-04:00,17.25,17.280000686645508,17.25,17.260000228881836,0
2026-04-30 14:10:00-04:00,17.260000228881836,17.290000915527344,17.260000228881836,17.280000686645508,0
2026-04-30 14:15:00-04:00,17.290000915527344,17.290000915527344,17.260000228881836,17.280000686645508,0
2026-04-30 14:20:00-04:00,17.290000915527344,17.299999237060547,17.280000686645508,17.290000915527344,0
2026-04-30 14:25:00-04:00,17.299999237060547,17.299999237060547,17.280000686645508,17.280000686645508,0
2026-04-30 14:30:00-04:00,17.280000686645508,17.280000686645508,17.25,17.25,0
2026-04-30 14:35:00-04:00,17.25,17.25,17.190000534057617,17.200000762939453,0
2026-04-30 14:40:00-04:00,17.190000534057617,17.280000686645508,17.18000030517578,17.270000457763672,0
2026-04-30 14:45:00-04:00,17.270000457763672,17.309999465942383,17.270000457763672,17.299999237060547,0
2026-04-30 14:50:00-04:00,17.309999465942383,17.329999923706055,17.280000686645508,17.280000686645508,0
2026-04-30 14:55:00-04:00,17.280000686645508,17.280000686645508,17.219999313354492,17.219999313354492,0
2026-04-30 15:00:00-04:00,17.209999084472656,17.219999313354492,17.18000030517578,17.200000762939453,0
2026-04-30 15:05:00-04:00,17.190000534057617,17.190000534057617,17.1200008392334,17.1200008392334,0
2026-04-30 15:10:00-04:00,17.1299991607666,17.1299991607666,17.09000015258789,17.100000381469727,0
2026-04-30 15:15:00-04:00,17.100000381469727,17.139999389648438,17.09000015258789,17.139999389648438,0
2026-04-30 15:20:00-04:00,17.139999389648438,17.15999984741211,17.1299991607666,17.149999618530273,0
2026-04-30 15:25:00-04:00,17.149999618530273,17.200000762939453,17.149999618530273,17.200000762939453,0
2026-04-30 15:30:00-04:00,17.200000762939453,17.209999084472656,17.110000610351562,17.110000610351562,0
2026-04-30 15:35:00-04:00,17.110000610351562,17.110000610351562,17.059999465942383,17.059999465942383,0
2026-04-30 15:40:00-04:00,17.059999465942383,17.059999465942383,17.0,17.0,0
2026-04-30 15:45:00-04:00,16.989999771118164,17.030000686645508,16.969999313354492,17.010000228881836,0
2026-04-30 15:50:00-04:00,17.020000457763672,17.09000015258789,16.969999313354492,17.0,0
2026-04-30 15:55:00-04:00,17.0,17.020000457763672,16.889999389648438,16.93000030517578,0
2026-05-01 04:00:00-04:00,17.09000015258789,17.100000381469727,17.079999923706055,17.09000015258789,0
2026-05-01 04:05:00-04:00,17.09000015258789,17.09000015258789,17.06999969482422,17.06999969482422,0
2026-05-01 04:10:00-04:00,17.06999969482422,17.079999923706055,17.049999237060547,17.059999465942383,0
2026-05-01 04:15:00-04:00,17.059999465942383,17.06999969482422,17.049999237060547,17.06999969482422,0
2026-05-01 04:20:00-04:00,17.06999969482422,17.06999969482422,17.059999465942383,17.059999465942383,0
2026-05-01 04:25:00-04:00,17.059999465942383,17.06999969482422,17.059999465942383,17.06999969482422,0
2026-05-01 04:30:00-04:00,17.06999969482422,17.09000015258789,17.06999969482422,17.06999969482422,0
2026-05-01 04:35:00-04:00,17.079999923706055,17.09000015258789,17.06999969482422,17.09000015258789,0
2026-05-01 04:40:00-04:00,17.09000015258789,17.100000381469727,17.09000015258789,17.09000015258789,0
2026-05-01 04:45:00-04:00,17.09000015258789,17.100000381469727,17.09000015258789,17.100000381469727,0
2026-05-01 04:50:00-04:00,17.09000015258789,17.09000015258789,17.079999923706055,17.079999923706055,0
2026-05-01 04:55:00-04:00,17.079999923706055,17.09000015258789,17.079999923706055,17.079999923706055,0
2026-05-01 05:00:00-04:00,17.079999923706055,17.1200008392334,17.079999923706055,17.1200008392334,0
2026-05-01 05:05:00-04:00,17.1200008392334,17.1200008392334,17.100000381469727,17.100000381469727,0
2026-05-01 05:10:00-04:00,17.100000381469727,17.110000610351562,17.09000015258789,17.09000015258789,0
2026-05-01 05:15:00-04:00,17.09000015258789,17.100000381469727,17.09000015258789,17.100000381469727,0
2026-05-01 05:20:00-04:00,17.100000381469727,17.100000381469727,17.06999969482422,17.06999969482422,0
2026-05-01 05:25:00-04:00,17.06999969482422,17.079999923706055,17.059999465942383,17.06999969482422,0
2026-05-01 05:30:00-04:00,17.06999969482422,17.079999923706055,17.06999969482422,17.079999923706055,0
2026-05-01 05:35:00-04:00,17.06999969482422,17.079999923706055,17.059999465942383,17.059999465942383,0
2026-05-01 05:40:00-04:00,17.059999465942383,17.06999969482422,17.059999465942383,17.06999969482422,0
2026-05-01 05:45:00-04:00,17.06999969482422,17.079999923706055,17.06999969482422,17.079999923706055,0
2026-05-01 05:50:00-04:00,17.079999923706055,17.079999923706055,17.059999465942383,17.06999969482422,0
2026-05-01 05:55:00-04:00,17.079999923706055,17.079999923706055,17.06999969482422,17.06999969482422,0
2026-05-01 06:00:00-04:00,17.06999969482422,17.079999923706055,17.06999969482422,17.079999923706055,0
2026-05-01 06:05:00-04:00,17.079999923706055,17.09000015258789,17.079999923706055,17.079999923706055,0
2026-05-01 06:10:00-04:00,17.09000015258789,17.09000015258789,17.079999923706055,17.079999923706055,0
2026-05-01 06:15:00-04:00,17.079999923706055,17.079999923706055,17.059999465942383,17.059999465942383,0
2026-05-01 06:20:00-04:00,17.059999465942383,17.059999465942383,17.049999237060547,17.049999237060547,0
2026-05-01 06:25:00-04:00,17.059999465942383,17.06999969482422,17.049999237060547,17.059999465942383,0
2026-05-01 06:30:00-04:00,17.059999465942383,17.059999465942383,17.040000915527344,17.040000915527344,0
2026-05-01 06:35:00-04:00,17.040000915527344,17.09000015258789,17.040000915527344,17.09000015258789,0
2026-05-01 06:40:00-04:00,17.100000381469727,17.110000610351562,17.100000381469727,17.110000610351562,0
2026-05-01 06:45:00-04:00,17.110000610351562,17.110000610351562,17.100000381469727,17.100000381469727,0
2026-05-01 06:50:00-04:00,17.100000381469727,17.100000381469727,17.09000015258789,17.09000015258789,0
2026-05-01 06:55:00-04:00,17.100000381469727,17.100000381469727,17.06999969482422,17.06999969482422,0
2026-05-01 07:00:00-04:00,17.06999969482422,17.09000015258789,17.059999465942383,17.09000015258789,0
2026-05-01 07:05:00-04:00,17.09000015258789,17.110000610351562,17.09000015258789,17.09000015258789,0
2026-05-01 07:10:00-04:00,17.100000381469727,17.1200008392334,17.100000381469727,17.1200008392334,0
2026-05-01 07:15:00-04:00,17.110000610351562,17.110000610351562,17.049999237060547,17.049999237060547,0
2026-05-01 07:20:00-04:00,17.049999237060547,17.059999465942383,17.049999237060547,17.059999465942383,0
2026-05-01 07:25:00-04:00,17.059999465942383,17.059999465942383,16.989999771118164,16.989999771118164,0
2026-05-01 07:30:00-04:00,16.989999771118164,16.989999771118164,16.979999542236328,16.979999542236328,0
2026-05-01 07:35:00-04:00,16.979999542236328,16.989999771118164,16.969999313354492,16.979999542236328,0
2026-05-01 07:40:00-04:00,16.979999542236328,16.989999771118164,16.969999313354492,16.979999542236328,0
2026-05-01 07:45:00-04:00,16.979999542236328,16.979999542236328,16.940000534057617,16.940000534057617,0
2026-05-01 07:50:00-04:00,16.93000030517578,16.940000534057617,16.90999984741211,16.920000076293945,0
2026-05-01 07:55:00-04:00,16.920000076293945,16.920000076293945,16.860000610351562,16.860000610351562,0
2026-05-01 08:00:00-04:00,16.850000381469727,16.850000381469727,16.81999969482422,16.81999969482422,0
2026-05-01 08:05:00-04:00,16.81999969482422,16.829999923706055,16.799999237060547,16.81999969482422,0
2026-05-01 08:10:00-04:00,16.81999969482422,16.84000015258789,16.709999084472656,16.709999084472656,0
2026-05-01 08:15:00-04:00,16.719999313354492,16.75,16.719999313354492,16.739999771118164,0
2026-05-01 08:20:00-04:00,16.729999542236328,16.770000457763672,16.729999542236328,16.770000457763672,0
2026-05-01 08:25:00-04:00,16.770000457763672,16.770000457763672,16.739999771118164,16.760000228881836,0
2026-05-01 08:30:00-04:00,16.770000457763672,16.790000915527344,16.770000457763672,16.770000457763672,0
2026-05-01 08:35:00-04:00,16.770000457763672,16.81999969482422,16.770000457763672,16.81999969482422,0
2026-05-01 08:40:00-04:00,16.81999969482422,16.8799991607666,16.780000686645508,16.8799991607666,0
2026-05-01 08:45:00-04:00,16.8799991607666,16.899999618530273,16.8799991607666,16.889999389648438,0
2026-05-01 08:50:00-04:00,16.889999389648438,16.889999389648438,16.850000381469727,16.850000381469727,0
2026-05-01 08:55:00-04:00,16.850000381469727,16.860000610351562,16.850000381469727,16.860000610351562,0
2026-05-01 09:00:00-04:00,16.860000610351562,16.860000610351562,16.84000015258789,16.850000381469727,0
2026-05-01 09:05:00-04:00,16.850000381469727,16.860000610351562,16.809999465942383,16.81999969482422,0
2026-05-01 09:10:00-04:00,16.81999969482422,16.829999923706055,16.799999237060547,16.81999969482422,0
2026-05-01 09:15:00-04:00,16.81999969482422,16.829999923706055,16.809999465942383,16.81999969482422,0
2026-05-01 09:20:00-04:00,16.81999969482422,16.81999969482422,16.799999237060547,16.809999465942383,0
2026-05-01 09:25:00-04:00,16.809999465942383,16.809999465942383,16.809999465942383,16.809999465942383,0
2026-05-01 09:30:00-04:00,16.75,16.770000457763672,16.719999313354492,16.760000228881836,0
2026-05-01 09:35:00-04:00,16.75,16.760000228881836,16.700000762939453,16.709999084472656,0
2026-05-01 09:40:00-04:00,16.700000762939453,16.709999084472656,16.649999618530273,16.690000534057617,0
2026-05-01 09:45:00-04:00,16.700000762939453,16.719999313354492,16.610000610351562,16.6200008392334,0
2026-05-01 09:50:00-04:00,16.6200008392334,16.649999618530273,16.579999923706055,16.59000015258789,0
2026-05-01 09:55:00-04:00,16.729999542236328,16.729999542236328,16.510000228881836,16.579999923706055,0
2026-05-01 10:00:00-04:00,16.559999465942383,16.59000015258789,16.540000915527344,16.579999923706055,0
2026-05-01 10:05:00-04:00,16.59000015258789,16.610000610351562,16.489999771118164,16.489999771118164,0
2026-05-01 10:10:00-04:00,16.5,16.510000228881836,16.440000534057617,16.489999771118164,0
2026-05-01 10:15:00-04:00,16.5,16.530000686645508,16.479999542236328,16.489999771118164,0
2026-05-01 10:20:00-04:00,16.5,16.530000686645508,16.489999771118164,16.530000686645508,0
2026-05-01 10:25:00-04:00,16.540000915527344,16.600000381469727,16.540000915527344,16.600000381469727,0
2026-05-01 10:30:00-04:00,16.600000381469727,16.65999984741211,16.59000015258789,16.65999984741211,0
2026-05-01 10:35:00-04:00,16.649999618530273,16.799999237060547,16.639999389648438,16.68000030517578,0
2026-05-01 10:40:00-04:00,16.700000762939453,16.75,16.65999984741211,16.670000076293945,0
2026-05-01 10:45:00-04:00,16.690000534057617,16.700000762939453,16.649999618530273,16.670000076293945,0
2026-05-01 10:50:00-04:00,16.670000076293945,16.729999542236328,16.649999618530273,16.690000534057617,0
2026-05-01 10:55:00-04:00,16.709999084472656,16.709999084472656,16.65999984741211,16.68000030517578,0
2026-05-01 11:00:00-04:00,16.719999313354492,16.799999237060547,16.719999313354492,16.799999237060547,0
2026-05-01 11:05:00-04:00,16.799999237060547,16.829999923706055,16.790000915527344,16.81999969482422,0
2026-05-01 11:10:00-04:00,16.799999237060547,16.809999465942383,16.729999542236328,16.739999771118164,0
2026-05-01 11:15:00-04:00,16.739999771118164,16.75,16.709999084472656,16.729999542236328,0
2026-05-01 11:20:00-04:00,16.729999542236328,16.729999542236328,16.65999984741211,16.68000030517578,0
2026-05-01 11:25:00-04:00,16.670000076293945,16.729999542236328,16.65999984741211,16.709999084472656,0
2026-05-01 11:30:00-04:00,16.709999084472656,16.739999771118164,16.690000534057617,16.729999542236328,0
2026-05-01 11:35:00-04:00,16.739999771118164,16.739999771118164,16.600000381469727,16.65999984741211,0
2026-05-01 11:40:00-04:00,16.670000076293945,16.690000534057617,16.670000076293945,16.68000030517578,0
2026-05-01 11:45:00-04:00,16.68000030517578,16.700000762939453,16.65999984741211,16.690000534057617,0
2026-05-01 11:50:00-04:00,16.690000534057617,17.389999389648438,16.68000030517578,16.790000915527344,0
2026-05-01 11:55:00-04:00,16.790000915527344,16.829999923706055,16.770000457763672,16.829999923706055,0
2026-05-01 12:00:00-04:00,16.829999923706055,16.829999923706055,16.81999969482422,16.829999923706055,0
2026-05-01 12:05:00-04:00,16.829999923706055,16.940000534057617,16.829999923706055,16.940000534057617,0
2026-05-01 12:10:00-04:00,16.940000534057617,16.959999084472656,16.899999618530273,16.940000534057617,0
2026-05-01 12:15:00-04:00,16.940000534057617,16.940000534057617,16.860000610351562,16.860000610351562,0
2026-05-01 12:20:00-04:00,16.850000381469727,17.0,16.809999465942383,16.8799991607666,0
2026-05-01 12:25:00-04:00,16.889999389648438,17.030000686645508,16.889999389648438,16.959999084472656,0
2026-05-01 12:30:00-04:00,16.969999313354492,17.020000457763672,16.93000030517578,16.979999542236328,0
2026-05-01 12:35:00-04:00,16.969999313354492,16.979999542236328,16.90999984741211,16.90999984741211,0
2026-05-01 12:40:00-04:00,16.899999618530273,16.93000030517578,16.8700008392334,16.889999389648438,0
2026-05-01 12:45:00-04:00,16.899999618530273,16.899999618530273,16.829999923706055,16.829999923706055,0
2026-05-01 12:50:00-04:00,16.81999969482422,16.84000015258789,16.719999313354492,16.719999313354492,0
2026-05-01 12:55:00-04:00,16.719999313354492,16.719999313354492,16.690000534057617,16.719999313354492,0
2026-05-01 13:00:00-04:00,16.75,16.75,16.68000030517578,16.709999084472656,0
2026-05-01 13:05:00-04:00,16.709999084472656,16.729999542236328,16.690000534057617,16.719999313354492,0
2026-05-01 13:10:00-04:00,16.719999313354492,16.719999313354492,16.690000534057617,16.690000534057617,0
2026-05-01 13:15:00-04:00,16.690000534057617,16.729999542236328,16.68000030517578,16.709999084472656,0
2026-05-01 13:20:00-04:00,16.709999084472656,16.709999084472656,16.68000030517578,16.709999084472656,0
2026-05-01 13:25:00-04:00,16.709999084472656,16.719999313354492,16.68000030517578,16.690000534057617,0
2026-05-01 13:30:00-04:00,16.68000030517578,16.709999084472656,16.68000030517578,16.700000762939453,0
2026-05-01 13:35:00-04:00,16.719999313354492,16.809999465942383,16.719999313354492,16.790000915527344,0
2026-05-01 13:40:00-04:00,16.790000915527344,16.809999465942383,16.770000457763672,16.809999465942383,0
2026-05-01 13:45:00-04:00,16.81999969482422,16.84000015258789,16.809999465942383,16.84000015258789,0
2026-05-01 13:50:00-04:00,16.850000381469727,16.8799991607666,16.850000381469727,16.860000610351562,0
2026-05-01 13:55:00-04:00,16.8700008392334,16.889999389648438,16.860000610351562,16.889999389648438,0
2026-05-01 14:00:00-04:00,16.899999618530273,16.920000076293945,16.889999389648438,16.920000076293945,0
2026-05-01 14:05:00-04:00,16.920000076293945,16.959999084472656,16.889999389648438,16.889999389648438,0
2026-05-01 14:10:00-04:00,16.899999618530273,17.0,16.899999618530273,17.0,0
2026-05-01 14:15:00-04:00,17.020000457763672,17.049999237060547,16.959999084472656,16.969999313354492,0
2026-05-01 14:20:00-04:00,16.979999542236328,16.989999771118164,16.950000762939453,16.950000762939453,0
2026-05-01 14:25:00-04:00,16.950000762939453,16.989999771118164,16.950000762939453,16.969999313354492,0
2026-05-01 14:30:00-04:00,16.940000534057617,17.0,16.93000030517578,17.0,0
2026-05-01 14:35:00-04:00,17.0,17.040000915527344,17.0,17.010000228881836,0
2026-05-01 14:40:00-04:00,17.020000457763672,17.020000457763672,17.0,17.010000228881836,0
2026-05-01 14:45:00-04:00,17.010000228881836,17.020000457763672,16.90999984741211,16.920000076293945,0
2026-05-01 14:50:00-04:00,16.920000076293945,16.920000076293945,16.8799991607666,16.899999618530273,0
2026-05-01 14:55:00-04:00,16.899999618530273,16.90999984741211,16.8700008392334,16.8700008392334,0
2026-05-01 15:00:00-04:00,16.860000610351562,16.899999618530273,16.829999923706055,16.829999923706055,0
2026-05-01 15:05:00-04:00,16.829999923706055,16.829999923706055,16.790000915527344,16.809999465942383,0
2026-05-01 15:10:00-04:00,16.809999465942383,16.81999969482422,16.780000686645508,16.780000686645508,0
2026-05-01 15:15:00-04:00,16.770000457763672,16.770000457763672,16.690000534057617,16.690000534057617,0
2026-05-01 15:20:00-04:00,16.65999984741211,16.65999984741211,16.639999389648438,16.65999984741211,0
2026-05-01 15:25:00-04:00,16.670000076293945,16.670000076293945,16.6299991607666,16.649999618530273,0
2026-05-01 15:30:00-04:00,16.65999984741211,16.700000762939453,16.649999618530273,16.649999618530273,0
2026-05-01 15:35:00-04:00,16.670000076293945,16.709999084472656,16.65999984741211,16.709999084472656,0
2026-05-01 15:40:00-04:00,16.709999084472656,16.729999542236328,16.690000534057617,16.700000762939453,0
2026-05-01 15:45:00-04:00,16.690000534057617,16.760000228881836,16.690000534057617,16.75,0
2026-05-01 15:50:00-04:00,16.75,16.899999618530273,16.75,16.850000381469727,0
2026-05-01 15:55:00-04:00,16.860000610351562,17.0,16.850000381469727,17.0,0
2026-05-04 04:00:00-04:00,17.459999084472656,17.600000381469727,17.459999084472656,17.56999969482422,0
2026-05-04 04:05:00-04:00,17.59000015258789,17.690000534057617,17.59000015258789,17.649999618530273,0
2026-05-04 04:10:00-04:00,17.6299991607666,17.639999389648438,17.579999923706055,17.579999923706055,0
2026-05-04 04:15:00-04:00,17.579999923706055,17.610000610351562,17.579999923706055,17.600000381469727,0
2026-05-04 04:20:00-04:00,17.59000015258789,17.600000381469727,17.530000686645508,17.530000686645508,0
2026-05-04 04:25:00-04:00,17.530000686645508,17.530000686645508,17.479999542236328,17.489999771118164,0
2026-05-04 04:30:00-04:00,17.479999542236328,17.5,17.459999084472656,17.5,0
2026-05-04 04:35:00-04:00,17.479999542236328,17.479999542236328,17.459999084472656,17.459999084472656,0
2026-05-04 04:40:00-04:00,17.459999084472656,17.479999542236328,17.459999084472656,17.479999542236328,0
2026-05-04 04:45:00-04:00,17.479999542236328,17.479999542236328,17.469999313354492,17.469999313354492,0
2026-05-04 04:50:00-04:00,17.469999313354492,17.489999771118164,17.459999084472656,17.479999542236328,0
2026-05-04 04:55:00-04:00,17.479999542236328,17.5,17.469999313354492,17.5,0
2026-05-04 05:00:00-04:00,17.5,17.520000457763672,17.469999313354492,17.469999313354492,0
2026-05-04 05:05:00-04:00,17.469999313354492,17.479999542236328,17.469999313354492,17.469999313354492,0
2026-05-04 05:10:00-04:00,17.469999313354492,17.469999313354492,17.440000534057617,17.440000534057617,0
2026-05-04 05:15:00-04:00,17.440000534057617,17.459999084472656,17.440000534057617,17.450000762939453,0
2026-05-04 05:20:00-04:00,17.459999084472656,17.469999313354492,17.440000534057617,17.459999084472656,0
2026-05-04 05:25:00-04:00,17.459999084472656,17.489999771118164,17.459999084472656,17.489999771118164,0
2026-05-04 05:30:00-04:00,17.489999771118164,17.5,17.479999542236328,17.479999542236328,0
2026-05-04 05:35:00-04:00,17.479999542236328,17.479999542236328,17.450000762939453,17.459999084472656,0
2026-05-04 05:40:00-04:00,17.459999084472656,17.479999542236328,17.459999084472656,17.479999542236328,0
2026-05-04 05:45:00-04:00,17.479999542236328,17.5,17.479999542236328,17.489999771118164,0
2026-05-04 05:50:00-04:00,17.479999542236328,17.479999542236328,17.469999313354492,17.469999313354492,0
2026-05-04 05:55:00-04:00,17.469999313354492,17.520000457763672,17.469999313354492,17.520000457763672,0
2026-05-04 06:00:00-04:00,17.520000457763672,17.979999542236328,17.510000228881836,17.950000762939453,0
2026-05-04 06:05:00-04:00,17.93000030517578,18.6299991607666,17.93000030517578,18.549999237060547,0
2026-05-04 06:10:00-04:00,18.479999542236328,18.799999237060547,18.3799991607666,18.770000457763672,0
2026-05-04 06:15:00-04:00,18.700000762939453,18.8799991607666,18.700000762939453,18.8799991607666,0
2026-05-04 06:20:00-04:00,18.860000610351562,18.940000534057617,18.719999313354492,18.719999313354492,0
2026-05-04 06:25:00-04:00,18.719999313354492,18.719999313354492,18.489999771118164,18.510000228881836,0
2026-05-04 06:30:00-04:00,18.5,18.540000915527344,18.09000015258789,18.190000534057617,0
2026-05-04 06:35:00-04:00,18.100000381469727,18.219999313354492,18.100000381469727,18.149999618530273,0
2026-05-04 06:40:00-04:00,18.15999984741211,18.15999984741211,18.079999923706055,18.100000381469727,0
2026-05-04 06:45:00-04:00,18.1200008392334,18.15999984741211,18.079999923706055,18.110000610351562,0
2026-05-04 06:50:00-04:00,18.100000381469727,18.15999984741211,18.079999923706055,18.149999618530273,0
2026-05-04 06:55:00-04:00,18.15999984741211,18.18000030517578,18.149999618530273,18.170000076293945,0
2026-05-04 07:00:00-04:00,18.170000076293945,18.190000534057617,18.040000915527344,18.149999618530273,0
2026-05-04 07:05:00-04:00,18.15999984741211,18.200000762939453,18.149999618530273,18.15999984741211,0
2026-05-04 07:10:00-04:00,18.149999618530273,18.170000076293945,18.100000381469727,18.1200008392334,0
2026-05-04 07:15:00-04:00,18.139999389648438,18.139999389648438,18.030000686645508,18.049999237060547,0
2026-05-04 07:20:00-04:00,18.049999237060547,18.059999465942383,18.020000457763672,18.040000915527344,0
2026-05-04 07:25:00-04:00,18.049999237060547,18.079999923706055,18.030000686645508,18.030000686645508,0
2026-05-04 07:30:00-04:00,18.040000915527344,18.06999969482422,18.040000915527344,18.059999465942383,0
2026-05-04 07:35:00-04:00,18.06999969482422,18.200000762939453,17.989999771118164,18.200000762939453,0
2026-05-04 07:40:00-04:00,18.219999313354492,18.219999313354492,18.079999923706055,18.170000076293945,0
2026-05-04 07:45:00-04:00,18.149999618530273,18.200000762939453,18.1299991607666,18.190000534057617,0
2026-05-04 07:50:00-04:00,18.190000534057617,18.190000534057617,18.100000381469727,18.100000381469727,0
2026-05-04 07:55:00-04:00,18.079999923706055,18.079999923706055,18.0,18.030000686645508,0
2026-05-04 08:00:00-04:00,18.049999237060547,18.049999237060547,17.979999542236328,17.979999542236328,0
2026-05-04 08:05:00-04:00,17.989999771118164,17.989999771118164,17.950000762939453,17.969999313354492,0
2026-05-04 08:10:00-04:00,17.959999084472656,17.959999084472656,17.889999389648438,17.889999389648438,0
2026-05-04 08:15:00-04:00,17.8799991607666,17.920000076293945,17.729999542236328,17.75,0
2026-05-04 08:20:00-04:00,17.75,17.770000457763672,17.739999771118164,17.760000228881836,0
2026-05-04 08:25:00-04:00,17.760000228881836,17.799999237060547,17.739999771118164,17.799999237060547,0
2026-05-04 08:30:00-04:00,17.809999465942383,17.850000381469727,17.809999465942383,17.829999923706055,0
2026-05-04 08:35:00-04:00,17.829999923706055,17.860000610351562,17.760000228881836,17.780000686645508,0
2026-05-04 08:40:00-04:00,17.780000686645508,17.799999237060547,17.75,17.75,0
2026-05-04 08:45:00-04:00,17.770000457763672,17.780000686645508,17.739999771118164,17.75,0
2026-05-04 08:50:00-04:00,17.739999771118164,17.760000228881836,17.68000030517578,17.719999313354492,0
2026-05-04 08:55:00-04:00,17.719999313354492,17.719999313354492,17.670000076293945,17.690000534057617,0
2026-05-04 09:00:00-04:00,17.700000762939453,17.93000030517578,17.700000762939453,17.809999465942383,0
2026-05-04 09:05:00-04:00,17.84000015258789,17.84000015258789,17.68000030517578,17.729999542236328,0
2026-05-04 09:10:00-04:00,17.700000762939453,17.75,17.670000076293945,17.690000534057617,0
2026-05-04 09:15:00-04:00,17.690000534057617,17.719999313354492,17.670000076293945,17.700000762939453,0
2026-05-04 09:20:00-04:00,17.700000762939453,17.709999084472656,17.649999618530273,17.649999618530273,0
2026-05-04 09:25:00-04:00,17.649999618530273,17.649999618530273,17.649999618530273,17.649999618530273,0
2026-05-04 09:30:00-04:00,17.729999542236328,17.780000686645508,17.649999618530273,17.670000076293945,0
2026-05-04 09:35:00-04:00,17.65999984741211,17.709999084472656,17.6299991607666,17.649999618530273,0
2026-05-04 09:40:00-04:00,17.639999389648438,17.639999389648438,17.549999237060547,17.559999465942383,0
2026-05-04 09:45:00-04:00,17.579999923706055,17.579999923706055,17.469999313354492,17.469999313354492,0
2026-05-04 09:50:00-04:00,17.5,17.530000686645508,17.450000762939453,17.479999542236328,0
2026-05-04 09:55:00-04:00,17.489999771118164,17.530000686645508,17.43000030517578,17.43000030517578,0
2026-05-04 10:00:00-04:00,17.40999984741211,17.459999084472656,17.399999618530273,17.40999984741211,0
2026-05-04 10:05:00-04:00,17.399999618530273,17.479999542236328,17.3700008392334,17.479999542236328,0
2026-05-04 10:10:00-04:00,17.489999771118164,17.489999771118164,17.270000457763672,17.290000915527344,0
2026-05-04 10:15:00-04:00,17.299999237060547,17.299999237060547,17.209999084472656,17.239999771118164,0
2026-05-04 10:20:00-04:00,17.209999084472656,17.229999542236328,17.149999618530273,17.219999313354492,0
2026-05-04 10:25:00-04:00,17.219999313354492,17.260000228881836,17.209999084472656,17.260000228881836,0
2026-05-04 10:30:00-04:00,17.229999542236328,17.229999542236328,17.15999984741211,17.209999084472656,0
2026-05-04 10:35:00-04:00,17.219999313354492,17.239999771118164,17.190000534057617,17.229999542236328,0
2026-05-04 10:40:00-04:00,17.239999771118164,17.299999237060547,17.229999542236328,17.299999237060547,0
2026-05-04 10:45:00-04:00,17.299999237060547,17.350000381469727,17.290000915527344,17.350000381469727,0
2026-05-04 10:50:00-04:00,17.350000381469727,17.3799991607666,17.34000015258789,17.3799991607666,0
2026-05-04 10:55:00-04:00,17.3700008392334,17.5,17.360000610351562,17.5,0
2026-05-04 11:00:00-04:00,17.520000457763672,17.6299991607666,17.420000076293945,17.510000228881836,0
2026-05-04 11:05:00-04:00,17.530000686645508,17.639999389648438,17.510000228881836,17.59000015258789,0
2026-05-04 11:10:00-04:00,17.610000610351562,17.709999084472656,17.59000015258789,17.68000030517578,0
2026-05-04 11:15:00-04:00,17.690000534057617,17.889999389648438,17.610000610351562,17.8799991607666,0
2026-05-04 11:20:00-04:00,17.979999542236328,18.459999084472656,17.979999542236328,18.420000076293945,0
2026-05-04 11:25:00-04:00,18.459999084472656,18.459999084472656,18.149999618530273,18.170000076293945,0
2026-05-04 11:30:00-04:00,18.170000076293945,18.469999313354492,18.170000076293945,18.34000015258789,0
2026-05-04 11:35:00-04:00,18.3700008392334,18.510000228881836,18.3700008392334,18.450000762939453,0
2026-05-04 11:40:00-04:00,18.489999771118164,18.59000015258789,18.34000015258789,18.34000015258789,0
2026-05-04 11:45:00-04:00,18.34000015258789,18.489999771118164,18.34000015258789,18.489999771118164,0
2026-05-04 11:50:00-04:00,18.479999542236328,18.6200008392334,18.3700008392334,18.3799991607666,0
2026-05-04 11:55:00-04:00,18.360000610351562,18.440000534057617,18.34000015258789,18.440000534057617,0
2026-05-04 12:00:00-04:00,18.43000030517578,18.600000381469727,18.43000030517578,18.600000381469727,0
2026-05-04 12:05:00-04:00,18.56999969482422,19.059999465942383,18.56999969482422,18.93000030517578,0
2026-05-04 12:10:00-04:00,18.899999618530273,19.010000228881836,18.780000686645508,18.90999984741211,0
2026-05-04 12:15:00-04:00,18.950000762939453,19.079999923706055,18.729999542236328,18.770000457763672,0
2026-05-04 12:20:00-04:00,18.690000534057617,18.690000534057617,18.520000457763672,18.59000015258789,0
2026-05-04 12:25:00-04:00,18.600000381469727,18.760000228881836,18.559999465942383,18.700000762939453,0
2026-05-04 12:30:00-04:00,18.719999313354492,18.729999542236328,18.559999465942383,18.56999969482422,0
2026-05-04 12:35:00-04:00,18.56999969482422,18.75,18.56999969482422,18.739999771118164,0
2026-05-04 12:40:00-04:00,18.790000915527344,18.790000915527344,18.690000534057617,18.719999313354492,0
2026-05-04 12:45:00-04:00,18.760000228881836,18.81999969482422,18.75,18.809999465942383,0
2026-05-04 12:50:00-04:00,18.770000457763672,18.889999389648438,18.770000457763672,18.8799991607666,0
2026-05-04 12:55:00-04:00,18.8700008392334,18.8799991607666,18.84000015258789,18.84000015258789,0
2026-05-04 13:00:00-04:00,18.850000381469727,18.850000381469727,18.649999618530273,18.68000030517578,0
2026-05-04 13:05:00-04:00,18.649999618530273,18.65999984741211,18.5,18.540000915527344,0
2026-05-04 13:10:00-04:00,18.520000457763672,18.549999237060547,18.5,18.510000228881836,0
2026-05-04 13:15:00-04:00,18.510000228881836,18.520000457763672,18.219999313354492,18.239999771118164,0
2026-05-04 13:20:00-04:00,18.239999771118164,18.239999771118164,18.110000610351562,18.1200008392334,0
2026-05-04 13:25:00-04:00,18.1299991607666,18.18000030517578,18.110000610351562,18.110000610351562,0
2026-05-04 13:30:00-04:00,18.100000381469727,18.15999984741211,18.06999969482422,18.15999984741211,0
2026-05-04 13:35:00-04:00,18.18000030517578,18.280000686645508,18.18000030517578,18.200000762939453,0
2026-05-04 13:40:00-04:00,18.18000030517578,18.219999313354492,18.149999618530273,18.15999984741211,0
2026-05-04 13:45:00-04:00,18.170000076293945,18.200000762939453,18.15999984741211,18.170000076293945,0
2026-05-04 13:50:00-04:00,18.18000030517578,18.18000030517578,18.079999923706055,18.1299991607666,0
2026-05-04 13:55:00-04:00,18.1299991607666,18.149999618530273,18.110000610351562,18.149999618530273,0
2026-05-04 14:00:00-04:00,18.15999984741211,18.15999984741211,18.010000228881836,18.010000228881836,0
2026-05-04 14:05:00-04:00,18.010000228881836,18.030000686645508,17.969999313354492,18.030000686645508,0
2026-05-04 14:10:00-04:00,18.030000686645508,18.1299991607666,18.030000686645508,18.1200008392334,0
2026-05-04 14:15:00-04:00,18.139999389648438,18.209999084472656,18.139999389648438,18.200000762939453,0
2026-05-04 14:20:00-04:00,18.200000762939453,18.399999618530273,18.200000762939453,18.399999618530273,0
2026-05-04 14:25:00-04:00,18.389999389648438,18.510000228881836,18.34000015258789,18.34000015258789,0
2026-05-04 14:30:00-04:00,18.329999923706055,18.40999984741211,18.329999923706055,18.3799991607666,0
2026-05-04 14:35:00-04:00,18.3799991607666,18.459999084472656,18.3799991607666,18.420000076293945,0
2026-05-04 14:40:00-04:00,18.43000030517578,18.510000228881836,18.40999984741211,18.510000228881836,0
2026-05-04 14:45:00-04:00,18.520000457763672,18.520000457763672,18.40999984741211,18.40999984741211,0
2026-05-04 14:50:00-04:00,18.40999984741211,18.489999771118164,18.389999389648438,18.489999771118164,0
2026-05-04 14:55:00-04:00,18.489999771118164,18.489999771118164,18.360000610351562,18.360000610351562,0
2026-05-04 15:00:00-04:00,18.360000610351562,18.43000030517578,18.360000610351562,18.389999389648438,0
2026-05-04 15:05:00-04:00,18.399999618530273,18.40999984741211,18.260000228881836,18.290000915527344,0
2026-05-04 15:10:00-04:00,18.290000915527344,18.329999923706055,18.290000915527344,18.299999237060547,0
2026-05-04 15:15:00-04:00,18.270000457763672,18.270000457763672,18.209999084472656,18.239999771118164,0
2026-05-04 15:20:00-04:00,18.25,18.299999237060547,18.25,18.290000915527344,0
2026-05-04 15:25:00-04:00,18.290000915527344,18.34000015258789,18.260000228881836,18.31999969482422,0
2026-05-04 15:30:00-04:00,18.329999923706055,18.329999923706055,18.25,18.25,0
2026-05-04 15:35:00-04:00,18.25,18.25,18.209999084472656,18.239999771118164,0
2026-05-04 15:40:00-04:00,18.25,18.299999237060547,18.25,18.290000915527344,0
2026-05-04 15:45:00-04:00,18.299999237060547,18.34000015258789,18.219999313354492,18.219999313354492,0
2026-05-04 15:50:00-04:00,18.209999084472656,18.329999923706055,18.209999084472656,18.329999923706055,0
2026-05-04 15:55:00-04:00,18.299999237060547,18.329999923706055,18.18000030517578,18.18000030517578,0
