Name,Symbol,Side,Status,Filled,Total Qty,Price,Avg Price,Time-in-Force,Placed Time,Filled Time
NVDA211231P00287500,NVDA211231P00287500,Buy,Filled,1,1,@0.130,0.130,DAY,12/31/2021 10:50:57 EST,12/31/2021 10:50:57 EST
TGT211231P00227500,TGT211231P00227500,Sell,Filled,4,4,0.060,0.060,DAY,12/31/2021 10:26:59 EST,12/31/2021 10:26:59 EST
NVDA211231C00330000,NVDA211231C00330000,Sell,Filled,1,1,0.010,0.010,DAY,12/31/2021 10:17:08 EST,12/31/2021 10:36:12 EST
TGT211231P00227500,TGT211231P00227500,Buy,Filled,4,4,@0.110,0.110,DAY,12/31/2021 10:16:28 EST,12/31/2021 10:23:19 EST
ROKU211231C00245000,ROKU211231C00245000,Sell,Filled,1,1,0.330,0.330,DAY,12/31/2021 10:04:21 EST,12/31/2021 10:04:22 EST
TSLA211231C01125000,TSLA211231C01125000,Sell,Filled,1,1,0.380,0.380,DAY,12/31/2021 09:49:53 EST,12/31/2021 09:49:54 EST
TSLA211231C01125000,TSLA211231C01125000,Sell,Cancelled,0,1,@0.420,,DAY,12/31/2021 09:49:40 EST,
FB211231P00340000,FB211231P00340000,Sell,Filled,1,1,@1.01,1.01,DAY,12/31/2021 09:43:11 EST,12/31/2021 09:44:08 EST
TSLA211231P01030000,TSLA211231P01030000,Sell,Filled,1,1,0.620,0.620,DAY,12/31/2021 09:37:47 EST,12/31/2021 09:37:47 EST
ROKU211231C00245000,ROKU211231C00245000,Buy,Filled,1,1,@1.36,1.36,DAY,12/31/2021 09:33:20 EST,12/31/2021 09:34:07 EST
FB211231P00340000,FB211231P00340000,Buy,Filled,1,1,@0.660,0.660,DAY,12/31/2021 09:31:18 EST,12/31/2021 09:31:18 EST
TSLA211231P01030000,TSLA211231P01030000,Buy,Filled,1,1,@1.40,1.40,DAY,12/30/2021 15:55:03 EST,12/30/2021 15:55:03 EST
LCID211231C00040000,LCID211231C00040000,Sell,Filled,2,2,@0.650,0.650,DAY,12/30/2021 11:32:15 EST,12/30/2021 11:32:15 EST
AMD211231C00149000,AMD211231C00149000,Sell,Filled,1,1,@1.29,1.29,DAY,12/30/2021 10:56:57 EST,12/30/2021 10:57:03 EST
AMD211231C00149000,AMD211231C00149000,Buy,Filled,1,1,@1.64,1.64,DAY,12/30/2021 10:32:14 EST,12/30/2021 10:32:15 EST
LCID211231C00040000,LCID211231C00040000,Buy,Filled,2,2,@0.230,0.230,DAY,12/30/2021 10:26:22 EST,12/30/2021 10:26:22 EST
NVDA211231C00310000,NVDA211231C00310000,Buy,Cancelled,0,2,@1.05,,DAY,12/30/2021 10:04:35 EST,
TSLA211231C01125000,TSLA211231C01125000,Buy,Filled,1,1,@2.75,2.75,DAY,12/30/2021 09:36:34 EST,12/30/2021 09:36:34 EST
TSLA211231P01020000,TSLA211231P01020000,Sell,Filled,1,1,2.88,2.88,DAY,12/29/2021 10:56:29 EST,12/29/2021 10:56:30 EST
TSLA211231P01020000,TSLA211231P01020000,Sell,Cancelled,0,1,@4.30,,DAY,12/29/2021 10:56:17 EST,
TSLA211231P01020000,TSLA211231P01020000,Buy,Filled,1,1,@4.30,4.30,DAY,12/29/2021 10:01:47 EST,12/29/2021 10:01:55 EST
TSLA211231C01300000,TSLA211231C01300000,Sell,Filled,1,1,@0.360,0.360,DAY,12/29/2021 09:55:36 EST,12/29/2021 09:55:36 EST
HD211231C00415000,HD211231C00415000,Sell,Filled,2,2,@0.980,0.980,DAY,12/29/2021 09:53:20 EST,12/29/2021 09:53:32 EST
HD211231C00415000,HD211231C00415000,Buy,Filled,2,2,@0.740,0.740,DAY,12/29/2021 09:47:13 EST,12/29/2021 09:47:13 EST
NVDA211231C00320000,NVDA211231C00320000,Sell,Filled,2,2,0.480,0.480,DAY,12/29/2021 09:43:57 EST,12/29/2021 09:43:57 EST
NVDA211231C00330000,NVDA211231C00330000,Buy,Filled,1,1,@0.310,0.310,DAY,12/28/2021 13:33:09 EST,12/28/2021 13:33:09 EST
QQQ211229C00406000,QQQ211229C00406000,Sell,Filled,2,2,0.350,0.350,DAY,12/28/2021 12:38:20 EST,12/28/2021 12:38:21 EST
QQQ211229C00406000,QQQ211229C00406000,Buy,Filled,2,2,@0.620,0.620,DAY,12/28/2021 11:58:00 EST,12/28/2021 11:58:00 EST
AMD211231C00162500,AMD211231C00162500,Sell,Filled,1,1,@0.370,0.370,DAY,12/28/2021 11:40:46 EST,12/28/2021 11:41:14 EST
AAPL211231C00182500,AAPL211231C00182500,Sell,Filled,1,1,@0.920,0.920,DAY,12/28/2021 11:27:05 EST,12/28/2021 11:27:05 EST
ROKU211231C00260000,ROKU211231C00260000,Sell,Filled,1,1,0.840,0.840,DAY,12/28/2021 10:46:09 EST,12/28/2021 10:46:09 EST
NFLX211231C00630000,NFLX211231C00630000,Sell,Filled,1,1,2.04,2.04,DAY,12/28/2021 10:40:51 EST,12/28/2021 10:40:52 EST
NVDA211231C00320000,NVDA211231C00320000,Buy,Filled,2,2,@1.50,1.50,DAY,12/28/2021 10:17:18 EST,12/28/2021 10:17:24 EST
NFLX211231C00630000,NFLX211231C00630000,Buy,Filled,1,1,@2.83,2.83,DAY,12/28/2021 10:14:26 EST,12/28/2021 10:14:31 EST
ROKU211231C00260000,ROKU211231C00260000,Buy,Filled,1,1,@1.29,1.29,DAY,12/28/2021 09:50:41 EST,12/28/2021 09:50:48 EST
GOOGL211231C03050000,GOOGL211231C03050000,Sell,Filled,1,1,0.950,0.950,DAY,12/28/2021 09:48:38 EST,12/28/2021 09:48:38 EST
TSLA211231C01300000,TSLA211231C01300000,Buy,Filled,1,1,@0.840,0.840,GTC,12/28/2021 07:54:54 EST,12/28/2021 09:39:55 EST
GOOGL211231C03050000,GOOGL211231C03050000,Sell,Cancelled,0,1,@1.20,,DAY,12/27/2021 14:46:09 EST,
TSLA211231C01300000,TSLA211231C01300000,Sell,Filled,1,1,@1.10,1.10,DAY,12/27/2021 14:45:49 EST,12/27/2021 14:52:03 EST
NVDA211231C00315000,NVDA211231C00315000,Sell,Filled,1,1,3.32,3.32,DAY,12/27/2021 11:07:07 EST,12/27/2021 11:07:07 EST
AMD211231C00162500,AMD211231C00162500,Buy,Filled,1,1,@0.620,0.620,DAY,12/27/2021 10:47:05 EST,12/27/2021 10:47:05 EST
MSFT211231C00345000,MSFT211231C00345000,Sell,Filled,1,1,1.23,1.23,DAY,12/27/2021 10:31:16 EST,12/27/2021 10:31:16 EST
MSFT211231C00345000,MSFT211231C00345000,Buy,Filled,1,1,@1.19,1.19,DAY,12/27/2021 10:28:25 EST,12/27/2021 10:28:25 EST
FB211231C00350000,FB211231C00350000,Sell,Filled,1,1,@2.32,2.32,DAY,12/27/2021 10:11:00 EST,12/27/2021 10:11:05 EST
TSLA211231C01300000,TSLA211231C01300000,Buy,Filled,1,1,@2.32,2.32,DAY,12/27/2021 10:05:00 EST,12/27/2021 10:05:07 EST
COIN211231C00300000,COIN211231C00300000,Sell,Filled,1,1,1.60,1.60,DAY,12/27/2021 09:50:31 EST,12/27/2021 09:50:31 EST
AAPL211231C00182500,AAPL211231C00182500,Buy,Filled,1,1,@0.850,0.850,DAY,12/27/2021 09:43:04 EST,12/27/2021 09:44:01 EST
GOOGL211231C03050000,GOOGL211231C03050000,Buy,Filled,1,1,@2.80,2.80,DAY,12/27/2021 09:40:42 EST,12/27/2021 09:46:51 EST
FB211231C00350000,FB211231C00350000,Buy,Filled,1,1,@2.05,2.05,DAY,12/27/2021 09:34:59 EST,12/27/2021 09:35:13 EST
COIN211231C00300000,COIN211231C00300000,Buy,Filled,1,1,@2.20,2.20,DAY,12/27/2021 09:32:36 EST,12/27/2021 09:35:30 EST
NVDA211231C00315000,NVDA211231C00315000,Buy,Filled,1,1,@1.78,1.78,DAY,12/27/2021 09:32:08 EST,12/27/2021 09:32:08 EST
SPY211227C00474000,SPY211227C00474000,Buy,Cancelled,0,2,@0.480,,DAY,12/27/2021 09:31:50 EST,
TSLA211223C01105000,TSLA211223C01105000,Sell,Cancelled,0,1,@0.050,,DAY,12/23/2021 15:36:39 EST,
TSLA211223C01105000,TSLA211223C01105000,Buy,Filled,1,1,@0.610,0.610,DAY,12/23/2021 13:23:51 EST,12/23/2021 13:23:51 EST
AAPL211223C00177500,AAPL211223C00177500,Sell,Filled,2,2,@0.060,0.060,DAY,12/23/2021 13:21:18 EST,12/23/2021 13:22:41 EST
TSLA211223C01100000,TSLA211223C01100000,Buy,Cancelled,0,1,@0.670,,DAY,12/23/2021 13:20:34 EST,
TSLA211223C01070000,TSLA211223C01070000,Sell,Filled,1,1,5.79,5.79,DAY,12/23/2021 12:19:00 EST,12/23/2021 12:19:00 EST
TSLA211223C01070000,TSLA211223C01070000,Sell,Cancelled,0,1,@6.00,,DAY,12/23/2021 12:18:26 EST,
TSLA211223C01070000,TSLA211223C01070000,Buy,Filled,1,1,@2.79,2.79,DAY,12/23/2021 11:48:55 EST,12/23/2021 11:48:55 EST
AAPL211223C00177500,AAPL211223C00177500,Buy,Filled,2,2,@0.160,0.160,DAY,12/23/2021 11:45:32 EST,12/23/2021 11:45:32 EST
CVS211223P00101000,CVS211223P00101000,Sell,Filled,4,4,0.130,0.130,DAY,12/23/2021 11:42:34 EST,12/23/2021 11:42:34 EST
AAPL211223C00177500,AAPL211223C00177500,Sell,Filled,10,10,0.150,0.150,DAY,12/23/2021 11:39:47 EST,12/23/2021 11:39:48 EST
CVS211223P00101000,CVS211223P00101000,Sell,Cancelled,0,4,@0.180,,DAY,12/23/2021 11:39:03 EST,
CVS211223P00101000,CVS211223P00101000,Buy,Filled,4,4,@0.170,0.170,DAY,12/23/2021 11:37:46 EST,12/23/2021 11:37:54 EST
AAPL211223C00177500,AAPL211223C00177500,Buy,Filled,10,10,@0.160,0.160,DAY,12/23/2021 11:35:04 EST,12/23/2021 11:35:05 EST
TSLA211223P01000000,TSLA211223P01000000,Sell,Filled,2,2,0.240,0.240,DAY,12/23/2021 11:31:39 EST,12/23/2021 11:31:39 EST
FB211223C00340000,FB211223C00340000,Buy,Filled,2,2,@0.110,0.110,DAY,12/23/2021 11:30:26 EST,12/23/2021 11:30:26 EST
GOOG211223C02970000,GOOG211223C02970000,Sell,Filled,1,1,@5.36,5.36,DAY,12/23/2021 11:14:47 EST,12/23/2021 11:14:48 EST
GOOG211223C02970000,GOOG211223C02970000,Buy,Filled,1,1,@4.11,4.11,DAY,12/23/2021 11:12:39 EST,12/23/2021 11:12:39 EST
GOOG211223C02970000,GOOG211223C02970000,Buy,Cancelled,0,1,@4.70,,DAY,12/23/2021 11:12:18 EST,
TSLA211223P01000000,TSLA211223P01000000,Buy,Filled,1,1,@0.410,0.410,DAY,12/23/2021 11:09:30 EST,12/23/2021 11:09:30 EST
TSLA211223P01000000,TSLA211223P01000000,Buy,Filled,1,1,@0.380,0.380,DAY,12/23/2021 11:08:31 EST,12/23/2021 11:08:32 EST
QQQ211222P00391000,QQQ211222P00391000,Sell,Filled,1,1,0.300,0.300,DAY,12/22/2021 13:15:31 EST,12/22/2021 13:15:31 EST
RBLX211231C00120000,RBLX211231C00120000,Sell,Filled,1,1,0.390,0.390,DAY,12/22/2021 13:15:20 EST,12/22/2021 13:15:20 EST
QQQ211222P00391000,QQQ211222P00391000,Buy,Filled,1,1,@0.430,0.430,DAY,12/22/2021 11:25:00 EST,12/22/2021 11:25:01 EST
TSLA211223C01030000,TSLA211223C01030000,Sell,Filled,1,1,@5.70,5.70,DAY,12/22/2021 11:04:25 EST,12/22/2021 11:05:48 EST
TSM211223C00120000,TSM211223C00120000,Sell,Filled,3,3,@0.530,0.530,DAY,12/22/2021 10:18:25 EST,12/22/2021 10:18:26 EST
TSM211223C00120000,TSM211223C00120000,Buy,Filled,3,3,@0.390,0.390,DAY,12/22/2021 09:58:32 EST,12/22/2021 09:58:33 EST
RBLX211231C00120000,RBLX211231C00120000,Buy,Filled,1,1,@1.05,1.05,DAY,12/22/2021 09:56:52 EST,12/22/2021 09:57:43 EST
MU211223C00090000,MU211223C00090000,Sell,Filled,1,1,1.12,1.12,DAY,12/22/2021 09:50:38 EST,12/22/2021 09:50:38 EST
COST211223C00565000,COST211223C00565000,Sell,Filled,2,2,0.120,0.120,DAY,12/22/2021 09:50:29 EST,12/22/2021 09:50:29 EST
EBAY211223P00063000,EBAY211223P00063000,Sell,Filled,1,1,0.090,0.090,DAY,12/22/2021 09:49:20 EST,12/22/2021 09:49:20 EST
KMX211223P00110000,KMX211223P00110000,Sell,Filled,1,1,0.010,0.010,DAY,12/22/2021 09:49:14 EST,12/22/2021 09:49:14 EST
TSLA211223C01030000,TSLA211223C01030000,Buy,Filled,1,1,@3.00,3.00,DAY,12/22/2021 09:48:13 EST,12/22/2021 09:48:16 EST
AAPL211223C00172500,AAPL211223C00172500,Sell,Filled,1,1,1.72,1.72,DAY,12/22/2021 09:43:27 EST,12/22/2021 09:43:27 EST
COST211223C00565000,COST211223C00565000,Buy,Filled,2,2,@0.400,0.400,DAY,12/21/2021 15:34:33 EST,12/21/2021 15:34:33 EST
MARA211223C00035000,MARA211223C00035000,Buy,Cancelled,0,2,@0.500,,DAY,12/21/2021 11:40:30 EST,
SQ211223C00172500,SQ211223C00172500,Sell,Filled,1,1,0.540,0.540,DAY,12/21/2021 11:19:42 EST,12/21/2021 11:19:42 EST
SBUX211223C00111000,SBUX211223C00111000,Sell,Filled,2,2,@0.560,0.560,DAY,12/21/2021 11:19:03 EST,12/21/2021 11:19:03 EST
DIS211223P00148000,DIS211223P00148000,Sell,Filled,1,1,@0.520,0.520,DAY,12/21/2021 11:10:35 EST,12/21/2021 11:10:42 EST
FB211223C00330000,FB211223C00330000,Sell,Filled,1,1,@2.79,2.79,DAY,12/21/2021 11:05:34 EST,12/21/2021 11:07:44 EST
MU211223P00086000,MU211223P00086000,Sell,Filled,1,1,@0.490,0.490,DAY,12/21/2021 11:03:15 EST,12/21/2021 11:05:02 EST
MU211223P00086000,MU211223P00086000,Buy,Filled,1,1,@0.550,0.550,DAY,12/21/2021 11:01:38 EST,12/21/2021 11:01:38 EST
SQ211223C00172500,SQ211223C00172500,Buy,Cancelled,1,2,@0.450,0.450,DAY,12/21/2021 10:55:26 EST,12/21/2021 11:00:30 EST
ZM211223C00200000,ZM211223C00200000,Buy,Cancelled,0,1,@1.70,,DAY,12/21/2021 10:42:36 EST,
DIS211223P00148000,DIS211223P00148000,Buy,Filled,1,1,@0.710,0.710,DAY,12/21/2021 10:28:59 EST,12/21/2021 10:29:02 EST
FB211223C00330000,FB211223C00330000,Sell,Cancelled,0,1,@1.91,,DAY,12/21/2021 10:11:56 EST,
FB211223C00330000,FB211223C00330000,Buy,Filled,1,1,@1.80,1.80,DAY,12/21/2021 10:03:10 EST,12/21/2021 10:03:11 EST
AAPL211223C00172500,AAPL211223C00172500,Buy,Filled,1,1,@1.35,1.35,DAY,12/21/2021 09:58:40 EST,12/21/2021 09:58:51 EST
MU211223C00090000,MU211223C00090000,Buy,Filled,1,1,@1.51,1.51,DAY,12/21/2021 09:56:21 EST,12/21/2021 09:56:21 EST
SBUX211223C00111000,SBUX211223C00111000,Buy,Filled,2,2,@0.470,0.470,DAY,12/21/2021 09:51:47 EST,12/21/2021 09:51:47 EST
KMX211223P00110000,KMX211223P00110000,Buy,Filled,1,1,@0.700,0.700,DAY,12/21/2021 09:38:01 EST,12/21/2021 09:47:17 EST
NFLX211223P00555000,NFLX211223P00555000,Sell,Filled,3,3,0.710,0.710,DAY,12/20/2021 14:06:54 EST,12/20/2021 14:06:55 EST
EBAY211223P00063000,EBAY211223P00063000,Buy,Filled,1,1,@0.550,0.550,DAY,12/20/2021 13:24:41 EST,12/20/2021 13:24:41 EST
NFLX211223P00555000,NFLX211223P00555000,Buy,Filled,1,1,@1.19,1.19,DAY,12/20/2021 12:59:18 EST,12/20/2021 12:59:18 EST
NFLX211223P00555000,NFLX211223P00555000,Buy,Filled,2,2,@1.15,1.15,DAY,12/20/2021 12:47:09 EST,12/20/2021 12:47:18 EST
SPY211220C00454000,SPY211220C00454000,Sell,Filled,2,2,@0.660,0.660,DAY,12/20/2021 12:15:02 EST,12/20/2021 12:15:02 EST
TSLA211223C01000000,TSLA211223C01000000,Sell,Filled,1,1,@1.20,1.20,DAY,12/20/2021 12:00:54 EST,12/20/2021 15:54:54 EST
MSFT211223P00310000,MSFT211223P00310000,Sell,Filled,1,1,@1.32,1.32,DAY,12/20/2021 12:00:35 EST,12/20/2021 12:19:08 EST
TSLA211223C01000000,TSLA211223C01000000,Buy,Filled,1,1,@1.75,1.75,DAY,12/20/2021 11:58:41 EST,12/20/2021 12:00:08 EST
MSFT211223P00310000,MSFT211223P00310000,Buy,Filled,1,1,@1.76,1.76,DAY,12/20/2021 11:30:45 EST,12/20/2021 11:30:45 EST
ORCL211223P00092000,ORCL211223P00092000,Buy,Cancelled,0,2,@0.850,,DAY,12/20/2021 10:50:45 EST,
ORCL211223P00092000,ORCL211223P00092000,Buy,Cancelled,0,2,@0.750,,DAY,12/20/2021 10:42:53 EST,
SPY211220C00454000,SPY211220C00454000,Buy,Filled,2,2,@1.10,1.10,DAY,12/20/2021 10:26:57 EST,12/20/2021 10:29:03 EST
NVDA211217P00280000,NVDA211217P00280000,Buy,Cancelled,0,1,@1.42,,DAY,12/17/2021 11:40:47 EST,
TSLA211217C00975000,TSLA211217C00975000,Sell,Filled,1,1,@1.08,1.08,DAY,12/17/2021 11:35:06 EST,12/17/2021 11:35:07 EST
COST211217C00555000,COST211217C00555000,Sell,Filled,1,1,@1.07,1.07,DAY,12/17/2021 11:32:27 EST,12/17/2021 11:32:27 EST
TSLA211217C00975000,TSLA211217C00975000,Buy,Filled,1,1,@1.85,1.85,DAY,12/17/2021 11:27:25 EST,12/17/2021 11:28:01 EST
SPY211217C00470000,SPY211217C00470000,Sell,Filled,1,1,@0.100,0.100,DAY,12/17/2021 11:02:05 EST,12/17/2021 11:02:05 EST
TSLA211217C00960000,TSLA211217C00960000,Sell,Filled,1,1,@4.40,4.40,DAY,12/17/2021 10:43:23 EST,12/17/2021 10:43:23 EST
AMD211217C00143000,AMD211217C00143000,Sell,Filled,1,1,0.210,0.210,DAY,12/17/2021 10:15:33 EST,12/17/2021 10:15:33 EST
TSLA211217C00960000,TSLA211217C00960000,Buy,Filled,1,1,@1.80,1.80,DAY,12/17/2021 10:07:47 EST,12/17/2021 10:12:06 EST
COST211217C00555000,COST211217C00555000,Sell,Cancelled,0,1,@3.45,,DAY,12/17/2021 09:56:03 EST,
AMD211217C00143000,AMD211217C00143000,Buy,Filled,1,1,@0.500,0.500,DAY,12/17/2021 09:54:52 EST,12/17/2021 09:54:58 EST
COST211217C00555000,COST211217C00555000,Buy,Filled,1,1,@2.75,2.75,DAY,12/17/2021 09:50:17 EST,12/17/2021 09:51:26 EST
COUP211217C00225000,COUP211217C00225000,Sell,Cancelled,0,1,@0.050,,DAY,12/17/2021 09:46:25 EST,
COUP211217C00225000,COUP211217C00225000,Sell,Cancelled,0,1,@Market,,DAY,12/17/2021 09:46:08 EST,
TSLA211217C00985000,TSLA211217C00985000,Sell,Filled,1,1,0.660,0.660,DAY,12/17/2021 09:30:54 EST,12/17/2021 09:30:54 EST
FDX211217P00225000,FDX211217P00225000,Sell,Cancelled,0,1,@4.05,,GTC,12/16/2021 21:04:54 EST,
RH211217P00520000,RH211217P00520000,Sell,Filled,1,1,@0.800,0.800,DAY,12/16/2021 15:38:06 EST,12/16/2021 15:38:07 EST
RH211217P00520000,RH211217P00520000,Sell,Cancelled,0,1,@1.55,,DAY,12/16/2021 15:18:17 EST,
FB211223C00355000,FB211223C00355000,Sell,Filled,1,1,@1.03,1.03,DAY,12/16/2021 15:17:30 EST,12/16/2021 15:17:30 EST
COUP211217C00225000,COUP211217C00225000,Sell,Cancelled,0,1,@Market,,DAY,12/16/2021 14:29:45 EST,
SPY211217C00470000,SPY211217C00470000,Buy,Filled,1,1,@0.830,0.830,DAY,12/16/2021 13:58:43 EST,12/16/2021 13:58:57 EST
TSLA211217C00985000,TSLA211217C00985000,Buy,Filled,1,1,@3.15,3.15,DAY,12/16/2021 13:53:55 EST,12/16/2021 13:53:55 EST
FDX211217C00270000,FDX211217C00270000,Buy,Cancelled,0,1,@0.850,,DAY,12/16/2021 13:48:33 EST,
DIS211217P00146000,DIS211217P00146000,Sell,Filled,1,1,0.080,0.080,DAY,12/16/2021 13:44:46 EST,12/16/2021 13:44:46 EST
RH211217P00520000,RH211217P00520000,Buy,Filled,1,1,@1.30,1.30,DAY,12/16/2021 13:09:43 EST,12/16/2021 13:13:58 EST
DIS211217P00146000,DIS211217P00146000,Buy,Filled,1,1,@0.130,0.130,DAY,12/16/2021 12:48:58 EST,12/16/2021 12:48:58 EST
FDX211217P00225000,FDX211217P00225000,Buy,Filled,1,1,@2.20,2.20,DAY,12/16/2021 11:43:18 EST,12/16/2021 11:43:18 EST
DIS211217P00146000,DIS211217P00146000,Sell,Filled,4,4,@0.050,0.050,DAY,12/16/2021 11:31:10 EST,12/16/2021 11:31:10 EST
PFE211217C00061000,PFE211217C00061000,Buy,Cancelled,0,5,@0.300,,DAY,12/16/2021 11:09:32 EST,
FB211223C00355000,FB211223C00355000,Buy,Filled,1,1,@2.45,2.45,DAY,12/16/2021 10:42:13 EST,12/16/2021 10:42:39 EST
PFE211217C00065000,PFE211217C00065000,Sell,Filled,10,10,@0.040,0.040,DAY,12/16/2021 10:33:18 EST,12/16/2021 10:53:37 EST
PFE211217C00065000,PFE211217C00065000,Sell,Cancelled,0,10,@0.040,,DAY,12/16/2021 10:30:53 EST,
PFE211217C00065000,PFE211217C00065000,Sell,Cancelled,0,10,@0.040,,DAY,12/16/2021 10:29:22 EST,
PFE211217C00065000,PFE211217C00065000,Buy,Filled,10,10,@0.070,0.070,DAY,12/16/2021 10:13:51 EST,12/16/2021 10:13:51 EST
RBLX211217C00105000,RBLX211217C00105000,Sell,Filled,2,2,@0.590,0.590,DAY,12/16/2021 10:07:41 EST,12/16/2021 10:07:41 EST
DIS211217P00146000,DIS211217P00146000,Buy,Filled,2,2,@0.180,0.180,DAY,12/16/2021 10:04:42 EST,12/16/2021 10:04:46 EST
DIS211217P00146000,DIS211217P00146000,Buy,Cancelled,0,2,@0.110,,DAY,12/16/2021 09:51:52 EST,
FB211217C00347500,FB211217C00347500,Sell,Filled,1,1,@1.96,1.96,DAY,12/16/2021 09:50:21 EST,12/16/2021 09:52:31 EST
RBLX211217C00105000,RBLX211217C00105000,Sell,Cancelled,0,2,@1.95,,DAY,12/16/2021 09:49:46 EST,
DIS211217P00146000,DIS211217P00146000,Buy,Filled,2,2,@0.140,0.140,DAY,12/16/2021 09:38:52 EST,12/16/2021 09:38:52 EST
RBLX211217C00105000,RBLX211217C00105000,Buy,Filled,2,2,@1.05,1.05,DAY,12/16/2021 09:37:54 EST,12/16/2021 09:38:07 EST
FB211217C00347500,FB211217C00347500,Buy,Filled,1,1,@1.26,1.26,DAY,12/16/2021 09:36:14 EST,12/16/2021 09:36:47 EST
COUP211217C00225000,COUP211217C00225000,Sell,Cancelled,0,1,@Market,,DAY,12/16/2021 09:33:50 EST,
COUP211217C00225000,COUP211217C00225000,Sell,Cancelled,0,1,@0.300,,DAY,12/16/2021 09:33:23 EST,
F211223C00021000,F211223C00021000,Sell,Filled,5,5,@0.450,0.450,DAY,12/16/2021 09:31:57 EST,12/16/2021 09:31:57 EST
DIS211217P00146000,DIS211217P00146000,Buy,Cancelled,0,2,@0.400,,DAY,12/15/2021 14:30:21 EST,
NVDA211223C00300000,NVDA211223C00300000,Sell,Filled,1,1,@5.40,5.40,DAY,12/15/2021 14:26:14 EST,12/15/2021 14:26:14 EST
SU220318C00030000,SU220318C00030000,Sell,Filled,3,3,@0.250,0.250,DAY,12/15/2021 14:21:03 EST,12/15/2021 14:31:29 EST
DIS211217P00146000,DIS211217P00146000,Sell,Filled,2,2,@0.380,0.380,DAY,12/15/2021 14:19:11 EST,12/15/2021 14:19:23 EST
NVDA211223C00300000,NVDA211223C00300000,Buy,Filled,1,1,@6.00,6.00,DAY,12/15/2021 14:15:24 EST,12/15/2021 14:15:26 EST
RBLX211217P00090000,RBLX211217P00090000,Sell,Filled,1,1,@1.27,1.27,DAY,12/15/2021 14:10:03 EST,12/15/2021 14:10:03 EST
AVGO211217P00595000,AVGO211217P00595000,Sell,Filled,1,1,0.720,0.720,DAY,12/15/2021 13:52:57 EST,12/15/2021 13:52:57 EST
SU220318C00030000,SU220318C00030000,Sell,Cancelled,0,3,@0.300,,DAY,12/15/2021 13:52:47 EST,
DIS211217P00146000,DIS211217P00146000,Buy,Filled,2,2,@0.600,0.600,DAY,12/15/2021 13:35:15 EST,12/15/2021 13:35:16 EST
AVGO211217P00595000,AVGO211217P00595000,Buy,Filled,1,1,@1.10,1.10,DAY,12/15/2021 12:14:15 EST,12/15/2021 12:14:15 EST
RBLX211217P00090000,RBLX211217P00090000,Buy,Filled,1,1,@1.40,1.40,DAY,12/15/2021 12:03:59 EST,12/15/2021 12:52:20 EST
TSLA211217P00870000,TSLA211217P00870000,Sell,Filled,1,1,@4.00,4.00,DAY,12/15/2021 11:37:51 EST,12/15/2021 11:37:55 EST
ATVI211217P00057000,ATVI211217P00057000,Sell,Filled,12,12,@0.200,0.200,DAY,12/15/2021 11:08:31 EST,12/15/2021 11:08:31 EST
ATVI211217P00057000,ATVI211217P00057000,Buy,Filled,2,2,@0.290,0.290,DAY,12/15/2021 10:43:35 EST,12/15/2021 10:43:35 EST
ATVI211217P00057000,ATVI211217P00057000,Buy,Filled,10,10,@0.320,0.320,DAY,12/15/2021 10:37:07 EST,12/15/2021 10:37:07 EST
MSFT211217C00335000,MSFT211217C00335000,Sell,Filled,1,1,@1.42,1.42,DAY,12/15/2021 10:28:21 EST,12/15/2021 10:28:24 EST
TSLA211217P00870000,TSLA211217P00870000,Buy,Filled,1,1,@2.69,2.69,DAY,12/15/2021 10:15:01 EST,12/15/2021 10:15:02 EST
MSFT211217C00335000,MSFT211217C00335000,Sell,Cancelled,0,1,@1.42,,DAY,12/15/2021 10:14:41 EST,
ORCL211217P00097000,ORCL211217P00097000,Sell,Filled,1,1,@0.170,0.170,DAY,12/15/2021 10:03:09 EST,12/15/2021 10:03:09 EST
MSFT211217C00335000,MSFT211217C00335000,Buy,Filled,1,1,@1.39,1.39,DAY,12/15/2021 09:59:14 EST,12/15/2021 10:00:02 EST
RBLX211217P00090000,RBLX211217P00090000,Sell,Filled,1,1,1.05,1.05,DAY,12/15/2021 09:56:38 EST,12/15/2021 09:56:39 EST
TSLA211217P00900000,TSLA211217P00900000,Sell,Filled,1,1,@4.50,4.50,DAY,12/15/2021 09:53:52 EST,12/15/2021 09:54:19 EST
RBLX211217P00090000,RBLX211217P00090000,Buy,Filled,1,1,@1.72,1.72,DAY,12/15/2021 09:42:55 EST,12/15/2021 09:42:55 EST
RBLX211217P00095000,RBLX211217P00095000,Sell,Filled,1,1,@3.80,3.80,DAY,12/15/2021 09:40:24 EST,12/15/2021 09:40:38 EST
TSLA211217P00900000,TSLA211217P00900000,Buy,Filled,1,1,@3.50,3.50,DAY,12/15/2021 09:39:48 EST,12/15/2021 09:39:48 EST
DIS211217P00147000,DIS211217P00147000,Sell,Filled,2,2,@1.25,1.25,DAY,12/15/2021 09:36:51 EST,12/15/2021 09:36:59 EST
COUP211217C00225000,COUP211217C00225000,Sell,Cancelled,0,1,@Market,,DAY,12/15/2021 09:34:40 EST,
RBLX211217P00095000,RBLX211217P00095000,Buy,Filled,1,1,@2.87,2.87,DAY,12/15/2021 09:33:46 EST,12/15/2021 09:33:46 EST
ORCL211217P00097000,ORCL211217P00097000,Buy,Filled,1,1,@0.540,0.540,DAY,12/14/2021 14:30:36 EST,12/14/2021 14:30:36 EST
ORCL211217P00097000,ORCL211217P00097000,Buy,Cancelled,0,2,@0.390,,DAY,12/14/2021 14:13:38 EST,
DIS211217P00147000,DIS211217P00147000,Sell,Cancelled,0,1,@0.990,,DAY,12/14/2021 13:52:59 EST,
RH211217P00510000,RH211217P00510000,Sell,Filled,1,1,@1.00,1.00,DAY,12/14/2021 13:16:40 EST,12/14/2021 13:21:38 EST
F211223C00021000,F211223C00021000,Buy,Filled,5,5,@0.250,0.250,DAY,12/14/2021 13:01:56 EST,12/14/2021 13:01:56 EST
RH211217P00510000,RH211217P00510000,Buy,Filled,1,1,@1.50,1.50,DAY,12/14/2021 12:30:24 EST,12/14/2021 12:30:24 EST
NVDA211217P00270000,NVDA211217P00270000,Sell,Filled,1,1,5.22,5.22,DAY,12/14/2021 12:16:08 EST,12/14/2021 12:16:08 EST
DIS211217P00147000,DIS211217P00147000,Buy,Filled,2,2,@0.670,0.670,DAY,12/14/2021 10:46:47 EST,12/14/2021 10:46:48 EST
AMD211217C00140000,AMD211217C00140000,Sell,Filled,1,1,1.47,1.47,DAY,12/14/2021 10:39:40 EST,12/14/2021 10:39:40 EST
COUP211217C00225000,COUP211217C00225000,Sell,Cancelled,0,1,@Market,,DAY,12/14/2021 10:31:23 EST,
AMD211217P00130000,AMD211217P00130000,Sell,Filled,1,1,1.02,1.02,DAY,12/14/2021 10:29:56 EST,12/14/2021 10:29:56 EST
AMD211217C00140000,AMD211217C00140000,Buy,Filled,1,1,@1.85,1.85,DAY,12/14/2021 10:28:12 EST,12/14/2021 10:28:12 EST
UBER211217C00039000,UBER211217C00039000,Sell,Filled,2,2,@0.630,0.630,DAY,12/14/2021 10:27:31 EST,12/14/2021 10:27:39 EST
NVDA211217C00290000,NVDA211217C00290000,Sell,Filled,1,1,5.10,5.10,DAY,12/14/2021 10:26:40 EST,12/14/2021 10:26:40 EST
NVDA211217C00290000,NVDA211217C00290000,Buy,Filled,1,1,@5.51,5.51,DAY,12/14/2021 10:25:45 EST,12/14/2021 10:25:46 EST
PATH211217C00055000,PATH211217C00055000,Sell,Filled,2,2,0.050,0.050,DAY,12/14/2021 10:21:19 EST,12/14/2021 12:41:39 EST
UBER211217C00039000,UBER211217C00039000,Buy,Filled,2,2,@0.420,0.420,DAY,12/14/2021 10:20:39 EST,12/14/2021 10:20:42 EST
NVDA211217P00270000,NVDA211217P00270000,Buy,Filled,1,1,@4.20,4.20,DAY,12/14/2021 10:05:59 EST,12/14/2021 10:06:00 EST
NVDA211217P00270000,NVDA211217P00270000,Buy,Cancelled,0,1,@3.05,,DAY,12/14/2021 09:59:36 EST,
NVDA211217P00270000,NVDA211217P00270000,Sell,Filled,1,1,@3.50,3.50,DAY,12/14/2021 09:59:04 EST,12/14/2021 09:59:13 EST
NVDA211217P00270000,NVDA211217P00270000,Sell,Cancelled,0,1,@4.25,,DAY,12/14/2021 09:53:26 EST,
AMD211217P00130000,AMD211217P00130000,Buy,Filled,1,1,@1.78,1.78,DAY,12/14/2021 09:52:43 EST,12/14/2021 09:52:43 EST
CVS211217C00102000,CVS211217C00102000,Sell,Filled,1,1,@0.600,0.600,DAY,12/14/2021 09:48:44 EST,12/14/2021 09:48:57 EST
AMD211217C00140000,AMD211217C00140000,Sell,Filled,1,1,1.30,1.30,DAY,12/14/2021 09:48:22 EST,12/14/2021 09:48:22 EST
CVS211217C00102000,CVS211217C00102000,Sell,Filled,1,1,@0.600,0.600,DAY,12/14/2021 09:48:06 EST,12/14/2021 09:48:19 EST
NVDA211217P00270000,NVDA211217P00270000,Buy,Filled,1,1,@3.25,3.25,DAY,12/14/2021 09:47:09 EST,12/14/2021 09:47:09 EST
AMD211217C00140000,AMD211217C00140000,Buy,Filled,1,1,@1.42,1.42,DAY,12/14/2021 09:44:56 EST,12/14/2021 09:45:13 EST
FDX211217C00260000,FDX211217C00260000,Buy,Cancelled,0,1,@1.40,,DAY,12/14/2021 09:43:51 EST,
AMD211217C00135000,AMD211217C00135000,Sell,Filled,1,1,@2.95,2.95,DAY,12/14/2021 09:42:09 EST,12/14/2021 09:42:57 EST
CVS211217C00102000,CVS211217C00102000,Buy,Filled,2,2,@0.470,0.470,DAY,12/14/2021 09:39:04 EST,12/14/2021 09:39:04 EST
AMD211217C00135000,AMD211217C00135000,Buy,Filled,1,1,@2.76,2.76,DAY,12/14/2021 09:37:30 EST,12/14/2021 09:37:30 EST
RBLX211217C00130000,RBLX211217C00130000,Sell,Filled,1,1,0.180,0.180,DAY,12/14/2021 09:35:51 EST,12/14/2021 09:35:51 EST
AMD211217P00130000,AMD211217P00130000,Sell,Filled,1,1,2.30,2.30,DAY,12/14/2021 09:31:44 EST,12/14/2021 09:31:44 EST
TSLA211217P00860000,TSLA211217P00860000,Buy,Cancelled,0,1,@2.00,,DAY,12/14/2021 09:22:08 EST,
AMD211217P00130000,AMD211217P00130000,Sell,Cancelled,0,1,@0.600,,DAY,12/13/2021 15:17:37 EST,
FB211217C00355000,FB211217C00355000,Sell,Filled,1,1,@0.500,0.500,DAY,12/13/2021 15:11:09 EST,12/13/2021 15:54:44 EST
PATH211217C00055000,PATH211217C00055000,Sell,Cancelled,0,2,@Market,,DAY,12/13/2021 15:10:19 EST,
COST211217C00600000,COST211217C00600000,Sell,Filled,2,2,0.200,0.200,DAY,12/13/2021 15:04:54 EST,12/13/2021 15:04:54 EST
TSLA211217C01090000,TSLA211217C01090000,Sell,Filled,1,1,@1.74,1.74,DAY,12/13/2021 15:04:22 EST,12/13/2021 15:44:49 EST
TSLA211217C01090000,TSLA211217C01090000,Buy,Filled,1,1,@2.24,2.24,DAY,12/13/2021 15:04:03 EST,12/13/2021 15:04:03 EST
TSLA211217C01015000,TSLA211217C01015000,Buy,Cancelled,0,1,@9.60,,DAY,12/13/2021 15:02:18 EST,
TSLA211217P00860000,TSLA211217P00860000,Sell,Filled,1,1,1.76,1.76,DAY,12/13/2021 15:01:04 EST,12/13/2021 15:01:05 EST
AMD211217P00130000,AMD211217P00130000,Buy,Filled,1,1,@1.33,1.33,DAY,12/13/2021 14:56:50 EST,12/13/2021 14:56:53 EST
TSLA211217P00860000,TSLA211217P00860000,Buy,Filled,1,1,@4.10,4.10,DAY,12/13/2021 11:21:12 EST,12/13/2021 11:21:12 EST
TSLA211217P00860000,TSLA211217P00860000,Buy,Cancelled,0,1,@3.40,,DAY,12/13/2021 11:18:10 EST,
TSLA211217P00860000,TSLA211217P00860000,Sell,Filled,1,1,@2.44,2.44,DAY,12/13/2021 10:49:12 EST,12/13/2021 10:52:13 EST
TSLA211217P00860000,TSLA211217P00860000,Buy,Filled,1,1,@3.00,3.00,DAY,12/13/2021 10:28:04 EST,12/13/2021 10:28:43 EST
FB211217C00355000,FB211217C00355000,Buy,Filled,1,1,@1.33,1.33,DAY,12/13/2021 10:14:19 EST,12/13/2021 10:14:19 EST
AMD211217C00140000,AMD211217C00140000,Sell,Filled,1,1,@2.36,2.36,DAY,12/13/2021 09:59:05 EST,12/13/2021 10:02:50 EST
AMD211217C00140000,AMD211217C00140000,Buy,Filled,1,1,@2.95,2.95,DAY,12/13/2021 09:57:55 EST,12/13/2021 09:58:23 EST
QCOM211217C00190000,QCOM211217C00190000,Buy,Cancelled,0,1,@2.46,,DAY,12/13/2021 09:54:45 EST,
QCOM211217C00195000,QCOM211217C00195000,Sell,Filled,1,1,1.05,1.05,DAY,12/13/2021 09:53:56 EST,12/13/2021 09:53:56 EST
QCOM211217C00195000,QCOM211217C00195000,Sell,Cancelled,0,1,@0.800,,DAY,12/13/2021 09:52:59 EST,
QCOM211217C00195000,QCOM211217C00195000,Buy,Filled,1,1,@1.65,1.65,DAY,12/13/2021 09:40:22 EST,12/13/2021 09:40:23 EST
AAPL211210P00170000,AAPL211210P00170000,Sell,Cancelled,0,1,@Market,,DAY,12/10/2021 15:57:07 EST,
AAPL211210P00170000,AAPL211210P00170000,Sell,Cancelled,0,1,@Market,,DAY,12/10/2021 15:56:33 EST,
AAPL211210C00180000,AAPL211210C00180000,Sell,Filled,1,1,0.010,0.010,DAY,12/10/2021 15:56:15 EST,12/10/2021 15:56:52 EST
AAPL211210P00170000,AAPL211210P00170000,Sell,Cancelled,0,1,@Market,,DAY,12/10/2021 12:21:44 EST,
TSLA211210P00950000,TSLA211210P00950000,Sell,Filled,1,1,0.180,0.180,DAY,12/10/2021 11:43:08 EST,12/10/2021 11:43:08 EST
MARA211217C00100000,MARA211217C00100000,Sell,Filled,1,1,0.010,0.010,DAY,12/10/2021 10:28:34 EST,12/10/2021 10:28:34 EST
IWM211217C00240000,IWM211217C00240000,Sell,Filled,3,3,0.050,0.050,DAY,12/10/2021 10:26:50 EST,12/10/2021 10:26:50 EST
COST211210C00550000,COST211210C00550000,Sell,Filled,1,1,@1.65,1.65,DAY,12/10/2021 10:25:20 EST,12/10/2021 10:25:20 EST
COST211210C00550000,COST211210C00550000,Buy,Filled,1,1,@0.800,0.800,DAY,12/10/2021 10:19:19 EST,12/10/2021 10:22:04 EST
TSLA211210P00950000,TSLA211210P00950000,Sell,Cancelled,0,1,@2.60,,DAY,12/10/2021 10:14:49 EST,
NFLX211210C00620000,NFLX211210C00620000,Sell,Filled,1,1,@1.00,1.00,DAY,12/10/2021 10:14:12 EST,12/10/2021 10:14:18 EST
TSLA211210P00950000,TSLA211210P00950000,Buy,Filled,1,1,@1.70,1.70,DAY,12/10/2021 10:11:32 EST,12/10/2021 10:11:34 EST
NFLX211210C00620000,NFLX211210C00620000,Buy,Filled,1,1,@0.630,0.630,DAY,12/10/2021 10:08:08 EST,12/10/2021 10:08:09 EST
TSLA211210P00950000,TSLA211210P00950000,Sell,Filled,1,1,@2.00,2.00,DAY,12/10/2021 10:07:01 EST,12/10/2021 10:09:14 EST
TSLA211210P00950000,TSLA211210P00950000,Buy,Filled,1,1,@2.73,2.73,DAY,12/10/2021 10:02:26 EST,12/10/2021 10:03:38 EST
GOOGL211210C03020000,GOOGL211210C03020000,Sell,Filled,1,1,@1.00,1.00,DAY,12/09/2021 14:15:15 EST,12/09/2021 14:56:16 EST
GOOGL211210C03020000,GOOGL211210C03020000,Sell,Cancelled,0,1,@7.00,,DAY,12/09/2021 12:53:55 EST,
GOOGL211210C03020000,GOOGL211210C03020000,Sell,Cancelled,0,1,@1.80,,DAY,12/09/2021 12:09:14 EST,
AAPL211210P00170000,AAPL211210P00170000,Buy,Filled,1,1,@0.390,0.390,DAY,12/09/2021 11:59:24 EST,12/09/2021 11:59:24 EST
GOOGL211210C03020000,GOOGL211210C03020000,Buy,Filled,1,1,@2.50,2.50,DAY,12/09/2021 11:56:50 EST,12/09/2021 12:07:30 EST
RBLX211217C00130000,RBLX211217C00130000,Sell,Cancelled,0,1,@2.10,,DAY,12/09/2021 11:46:39 EST,
SQ211217C00200000,SQ211217C00200000,Sell,Filled,1,1,@2.00,2.00,DAY,12/09/2021 11:45:54 EST,12/09/2021 11:59:51 EST
GOOGL211210C03020000,GOOGL211210C03020000,Sell,Filled,1,1,3.00,3.00,DAY,12/09/2021 11:33:35 EST,12/09/2021 11:33:36 EST
AAPL211210C00180000,AAPL211210C00180000,Buy,Filled,1,1,@0.240,0.240,DAY,12/09/2021 11:20:47 EST,12/09/2021 11:20:47 EST
COST211217C00600000,COST211217C00600000,Buy,Filled,1,1,@0.520,0.520,DAY,12/09/2021 10:09:06 EST,12/09/2021 10:09:07 EST
SQ211217C00200000,SQ211217C00200000,Buy,Filled,1,1,@2.54,2.54,DAY,12/09/2021 10:06:57 EST,12/09/2021 10:06:57 EST
AMC211210C00033000,AMC211210C00033000,Sell,Filled,2,2,0.930,0.930,DAY,12/09/2021 10:05:42 EST,12/09/2021 10:05:42 EST
AMC211210C00033000,AMC211210C00033000,Buy,Filled,1,1,@0.900,0.900,DAY,12/09/2021 10:05:13 EST,12/09/2021 10:05:13 EST
AMC211210C00033000,AMC211210C00033000,Buy,Filled,1,1,@0.830,0.830,DAY,12/09/2021 10:03:05 EST,12/09/2021 10:03:05 EST
SQ211217C00200000,SQ211217C00200000,Sell,Filled,1,1,@2.15,2.15,DAY,12/09/2021 09:54:36 EST,12/09/2021 09:55:16 EST
SQ211217C00200000,SQ211217C00200000,Buy,Filled,1,1,@2.50,2.50,DAY,12/09/2021 09:52:08 EST,12/09/2021 09:52:40 EST
LCID211217C00044000,LCID211217C00044000,Sell,Filled,1,1,1.55,1.55,DAY,12/09/2021 09:50:41 EST,12/09/2021 09:50:41 EST
LCID211217C00044000,LCID211217C00044000,Buy,Filled,1,1,@1.88,1.88,DAY,12/09/2021 09:44:09 EST,12/09/2021 09:44:09 EST
DOCU211210C00170000,DOCU211210C00170000,Buy,Cancelled,0,1,@2.10,,DAY,12/09/2021 09:41:48 EST,
TSLA211210C01130000,TSLA211210C01130000,Sell,Filled,1,1,@2.96,2.96,DAY,12/08/2021 13:24:10 EST,12/08/2021 13:38:49 EST
TSLA211210C01130000,TSLA211210C01130000,Buy,Filled,1,1,@3.25,3.25,DAY,12/08/2021 13:22:48 EST,12/08/2021 13:23:09 EST
TSLA211210C01130000,TSLA211210C01130000,Buy,Cancelled,0,1,@3.00,,DAY,12/08/2021 13:12:47 EST,
PATH211217C00055000,PATH211217C00055000,Sell,Cancelled,0,2,@1.25,,DAY,12/08/2021 13:02:38 EST,
PATH211217C00055000,PATH211217C00055000,Buy,Filled,2,2,@1.27,1.27,DAY,12/08/2021 13:01:36 EST,12/08/2021 13:01:36 EST
LOVE211217C00085000,LOVE211217C00085000,Sell,Filled,1,1,@1.19,1.19,DAY,12/08/2021 12:58:03 EST,12/08/2021 12:58:03 EST
MSFT220218C00400000,MSFT220218C00400000,Sell,Filled,4,4,@0.740,0.740,DAY,12/08/2021 12:46:37 EST,12/08/2021 12:46:38 EST
GOOGL211210C03020000,GOOGL211210C03020000,Sell,Cancelled,0,1,@1.05,,DAY,12/08/2021 12:34:53 EST,
GOOGL211210C03020000,GOOGL211210C03020000,Buy,Filled,1,1,@1.55,1.55,DAY,12/08/2021 12:34:24 EST,12/08/2021 12:34:24 EST
XEL211217C00070000,XEL211217C00070000,Sell,Filled,5,5,@0.050,0.050,DAY,12/08/2021 12:25:35 EST,12/08/2021 13:57:30 EST
DOCU211210C00160000,DOCU211210C00160000,Sell,Filled,1,1,@1.72,1.72,DAY,12/08/2021 12:07:53 EST,12/08/2021 12:07:54 EST
SNAP211217C00057000,SNAP211217C00057000,Sell,Filled,1,1,@0.840,0.840,DAY,12/08/2021 11:59:44 EST,12/08/2021 14:26:03 EST
DOCU211210C00160000,DOCU211210C00160000,Buy,Filled,1,1,@1.00,1.00,DAY,12/08/2021 11:56:33 EST,12/08/2021 11:56:33 EST
SPY211208C00467000,SPY211208C00467000,Sell,Filled,1,1,@1.26,1.26,DAY,12/08/2021 11:32:18 EST,12/08/2021 11:32:20 EST
SNAP211217C00057000,SNAP211217C00057000,Buy,Filled,1,1,@1.05,1.05,DAY,12/08/2021 11:27:32 EST,12/08/2021 11:27:33 EST
AAPL211210P00170000,AAPL211210P00170000,Sell,Filled,2,2,@0.660,0.660,DAY,12/08/2021 11:19:23 EST,12/08/2021 13:33:03 EST
AAPL211210P00170000,AAPL211210P00170000,Buy,Filled,2,2,@0.760,0.760,DAY,12/08/2021 11:18:47 EST,12/08/2021 11:18:47 EST
SPY211208C00467000,SPY211208C00467000,Sell,Cancelled,0,1,@1.00,,GTC,12/08/2021 11:09:29 EST,
SPY211208C00467000,SPY211208C00467000,Buy,Filled,1,1,@1.05,1.05,DAY,12/08/2021 11:03:00 EST,12/08/2021 11:03:00 EST
AAPL211210P00170000,AAPL211210P00170000,Sell,Filled,2,2,@0.840,0.840,DAY,12/08/2021 10:37:56 EST,12/08/2021 10:37:56 EST
AAPL211210P00170000,AAPL211210P00170000,Buy,Filled,2,2,@0.750,0.750,DAY,12/08/2021 10:25:12 EST,12/08/2021 10:25:12 EST
FB211210C00330000,FB211210C00330000,Sell,Filled,1,1,@3.85,3.85,DAY,12/08/2021 10:11:31 EST,12/08/2021 10:21:15 EST
FB211210C00330000,FB211210C00330000,Buy,Filled,1,1,@2.86,2.86,DAY,12/08/2021 10:07:53 EST,12/08/2021 10:07:53 EST
ROKU211210C00255000,ROKU211210C00255000,Sell,Filled,1,1,@1.58,1.58,DAY,12/08/2021 10:04:27 EST,12/08/2021 10:04:27 EST
LOVE211217C00085000,LOVE211217C00085000,Buy,Filled,1,1,@0.600,0.600,DAY,12/08/2021 09:39:04 EST,12/08/2021 09:41:58 EST
TSM211210C00123000,TSM211210C00123000,Sell,Filled,1,1,@0.470,0.470,DAY,12/08/2021 09:33:42 EST,12/08/2021 09:33:42 EST
ROKU211210C00255000,ROKU211210C00255000,Buy,Filled,1,1,@2.83,2.83,DAY,12/08/2021 09:33:36 EST,12/08/2021 09:44:02 EST
COST211217C00600000,COST211217C00600000,Buy,Filled,1,1,@0.650,0.650,DAY,12/07/2021 12:52:40 EST,12/07/2021 12:52:40 EST
LOVE211217C00085000,LOVE211217C00085000,Buy,Cancelled,0,1,@1.15,,DAY,12/07/2021 12:13:20 EST,
COST211217C00600000,COST211217C00600000,Sell,Filled,1,1,@0.600,0.600,DAY,12/07/2021 10:19:57 EST,12/07/2021 11:26:33 EST
TSM211210C00123000,TSM211210C00123000,Sell,Cancelled,0,1,@0.800,,DAY,12/07/2021 10:19:35 EST,
FB211210C00325000,FB211210C00325000,Sell,Filled,1,1,@4.22,4.22,DAY,12/07/2021 10:11:42 EST,12/07/2021 10:11:42 EST
FB211210C00325000,FB211210C00325000,Sell,Cancelled,0,1,@3.20,,DAY,12/07/2021 10:07:39 EST,
FB211210C00325000,FB211210C00325000,Buy,Filled,1,1,@3.65,3.65,DAY,12/07/2021 09:59:45 EST,12/07/2021 10:00:08 EST
AAPL211210C00170000,AAPL211210C00170000,Sell,Filled,1,1,@2.36,2.36,DAY,12/07/2021 09:48:38 EST,12/07/2021 09:48:38 EST
TSM211210C00123000,TSM211210C00123000,Buy,Filled,1,1,@1.09,1.09,DAY,12/07/2021 09:48:19 EST,12/07/2021 09:48:19 EST
AAPL211210C00170000,AAPL211210C00170000,Buy,Filled,1,1,@0.880,0.880,DAY,12/06/2021 13:43:54 EST,12/06/2021 13:43:54 EST
COUP211217C00225000,COUP211217C00225000,Buy,Filled,1,1,@1.65,1.65,DAY,12/06/2021 13:42:19 EST,12/06/2021 13:42:20 EST
AMD211210C00145000,AMD211210C00145000,Sell,Filled,1,1,@0.990,0.990,DAY,12/06/2021 11:34:54 EST,12/06/2021 11:34:54 EST
AMD211210C00145000,AMD211210C00145000,Buy,Filled,1,1,@0.990,0.990,DAY,12/06/2021 11:34:31 EST,12/06/2021 11:34:31 EST
QQQ211206C00385000,QQQ211206C00385000,Sell,Filled,1,1,@0.640,0.640,DAY,12/06/2021 11:12:44 EST,12/06/2021 11:12:47 EST
QQQ211206C00385000,QQQ211206C00385000,Buy,Filled,1,1,@0.950,0.950,DAY,12/06/2021 10:59:05 EST,12/06/2021 10:59:06 EST
SNDL220121C00001500,SNDL220121C00001500,Sell,Filled,10,10,@0.020,0.020,DAY,12/06/2021 10:29:02 EST,12/06/2021 10:29:02 EST
SNDL211231C00001500,SNDL211231C00001500,Sell,Filled,5,5,@0.010,0.010,DAY,12/06/2021 10:28:55 EST,12/06/2021 13:41:15 EST
COST211217C00600000,COST211217C00600000,Buy,Filled,1,1,@0.800,0.800,DAY,12/06/2021 10:04:22 EST,12/06/2021 10:04:23 EST
RBLX211210P00100000,RBLX211210P00100000,Sell,Filled,1,1,@2.21,2.21,DAY,12/06/2021 09:44:33 EST,12/06/2021 09:44:33 EST
TSLA211203C01050000,TSLA211203C01050000,Sell,Filled,1,1,@0.190,0.190,DAY,12/03/2021 14:47:44 EST,12/03/2021 14:47:48 EST
TSLA211203C01050000,TSLA211203C01050000,Sell,Cancelled,0,1,@1.90,,DAY,12/03/2021 13:38:56 EST,
TSLA211203C01050000,TSLA211203C01050000,Sell,Cancelled,0,1,@2.20,,DAY,12/03/2021 13:15:20 EST,
TSLA211203C01050000,TSLA211203C01050000,Buy,Filled,1,1,@1.20,1.20,DAY,12/03/2021 13:02:20 EST,12/03/2021 13:02:20 EST
SPY211203P00449000,SPY211203P00449000,Sell,Filled,1,1,@1.48,1.48,DAY,12/03/2021 12:02:21 EST,12/03/2021 12:02:21 EST
LCID211203C00060000,LCID211203C00060000,Sell,Filled,1,1,@0.010,0.010,DAY,12/03/2021 11:36:19 EST,12/03/2021 11:39:09 EST
RBLX211210P00100000,RBLX211210P00100000,Buy,Filled,1,1,@2.07,2.07,DAY,12/03/2021 11:18:01 EST,12/03/2021 11:18:02 EST
SPY211203P00449000,SPY211203P00449000,Buy,Filled,1,1,@0.970,0.970,DAY,12/03/2021 11:11:55 EST,12/03/2021 11:11:55 EST
TSM211203C00124000,TSM211203C00124000,Sell,Filled,1,1,@0.010,0.010,DAY,12/03/2021 10:21:47 EST,12/03/2021 10:21:47 EST
BABA211203P00115000,BABA211203P00115000,Sell,Filled,1,1,@5.25,5.25,DAY,12/03/2021 10:07:35 EST,12/03/2021 10:07:35 EST
BIDU211203P00143000,BIDU211203P00143000,Sell,Filled,1,1,@8.30,8.30,DAY,12/03/2021 10:07:30 EST,12/03/2021 10:07:30 EST
SPY211203C00465000,SPY211203C00465000,Sell,Filled,4,4,@0.300,0.300,DAY,12/02/2021 15:36:34 EST,12/02/2021 15:36:34 EST
BIDU211203P00143000,BIDU211203P00143000,Buy,Filled,1,1,@0.800,0.800,DAY,12/02/2021 13:24:22 EST,12/02/2021 15:01:11 EST
BABA211203P00115000,BABA211203P00115000,Buy,Filled,1,1,@1.17,1.17,DAY,12/02/2021 13:23:08 EST,12/02/2021 13:23:08 EST
TSLA211203C01200000,TSLA211203C01200000,Sell,Filled,1,1,@0.470,0.470,DAY,12/02/2021 10:20:50 EST,12/02/2021 10:20:50 EST
TSM211203C00124000,TSM211203C00124000,Buy,Filled,1,1,@1.15,1.15,DAY,12/02/2021 09:45:19 EST,12/02/2021 09:45:19 EST
SPY211203C00465000,SPY211203C00465000,Sell,Cancelled,0,4,@0.500,,DAY,12/02/2021 09:44:10 EST,
SPY211203C00465000,SPY211203C00465000,Buy,Filled,4,4,@0.230,0.230,DAY,12/02/2021 09:43:44 EST,12/02/2021 09:43:45 EST
TSLA211203C01200000,TSLA211203C01200000,Buy,Filled,1,1,@1.09,1.09,DAY,12/02/2021 09:32:32 EST,12/02/2021 09:32:32 EST
RBLX211203P00110000,RBLX211203P00110000,Sell,Filled,1,1,@2.81,2.81,DAY,12/01/2021 15:24:09 EST,12/01/2021 15:24:09 EST
RBLX211203P00110000,RBLX211203P00110000,Buy,Filled,1,1,@3.11,3.11,DAY,12/01/2021 15:20:49 EST,12/01/2021 15:20:50 EST
MRNA211203P00300000,MRNA211203P00300000,Sell,Filled,1,1,@3.65,3.65,DAY,12/01/2021 12:44:17 EST,12/01/2021 12:44:18 EST
MRNA211203P00300000,MRNA211203P00300000,Sell,Cancelled,0,1,@4.95,,DAY,12/01/2021 11:44:30 EST,
MRNA211203P00300000,MRNA211203P00300000,Buy,Filled,1,1,@2.50,2.50,DAY,12/01/2021 09:35:03 EST,12/01/2021 09:35:05 EST
AAPL211203P00165000,AAPL211203P00165000,Buy,Cancelled,0,1,@1.03,,DAY,12/01/2021 09:32:30 EST,
AAPL211203C00162500,AAPL211203C00162500,Sell,Filled,1,1,@2.90,2.90,DAY,11/30/2021 12:43:55 EST,11/30/2021 12:44:02 EST
AAPL211203C00162500,AAPL211203C00162500,Sell,Cancelled,0,1,@2.63,,DAY,11/30/2021 10:48:55 EST,
LCID211203C00060000,LCID211203C00060000,Buy,Filled,1,1,@1.42,1.42,DAY,11/30/2021 09:54:41 EST,11/30/2021 09:54:59 EST
TWTR211203C00053000,TWTR211203C00053000,Sell,Filled,2,2,@0.050,0.050,DAY,11/30/2021 09:49:29 EST,11/30/2021 09:49:30 EST
AAPL211203C00162500,AAPL211203C00162500,Buy,Filled,1,1,@1.01,1.01,DAY,11/29/2021 12:15:45 EST,11/29/2021 12:15:45 EST
TWTR211203C00053000,TWTR211203C00053000,Buy,Filled,2,2,@0.600,0.600,DAY,11/29/2021 09:36:38 EST,11/29/2021 09:36:38 EST
TWTR220121C00050000,TWTR220121C00050000,Sell,Filled,1,1,@4.39,4.39,DAY,11/29/2021 09:31:20 EST,11/29/2021 09:31:21 EST
NVDA211126C00335000,NVDA211126C00335000,Sell,Cancelled,0,1,@0.010,,DAY,11/26/2021 11:59:08 EST,
AMD211126C00160000,AMD211126C00160000,Sell,Filled,1,1,@0.020,0.020,DAY,11/26/2021 11:34:05 EST,11/26/2021 11:34:05 EST
NVDA211126C00335000,NVDA211126C00335000,Buy,Filled,1,1,@0.890,0.890,DAY,11/24/2021 13:44:46 EST,11/24/2021 13:44:46 EST
RBLX211217C00130000,RBLX211217C00130000,Buy,Filled,1,1,@9.00,9.00,DAY,11/24/2021 10:08:23 EST,11/24/2021 10:11:46 EST
AMD211126C00150000,AMD211126C00150000,Sell,Filled,1,1,@3.65,3.65,DAY,11/24/2021 10:06:10 EST,11/24/2021 10:06:48 EST
AAPL211126P00155000,AAPL211126P00155000,Sell,Filled,4,4,@0.300,0.300,DAY,11/23/2021 12:16:40 EST,11/23/2021 12:17:02 EST
AAPL211126P00155000,AAPL211126P00155000,Sell,Cancelled,0,4,@0.340,,DAY,11/23/2021 12:01:34 EST,
IWM211217C00240000,IWM211217C00240000,Buy,Filled,1,1,@1.70,1.70,DAY,11/23/2021 11:58:01 EST,11/23/2021 11:58:01 EST
AMD211126C00150000,AMD211126C00150000,Buy,Filled,1,1,@1.78,1.78,DAY,11/23/2021 11:28:03 EST,11/23/2021 11:28:03 EST
SU220318C00030000,SU220318C00030000,Buy,Cancelled,0,1,@0.800,,DAY,11/23/2021 11:15:31 EST,
SNAP211126C00060000,SNAP211126C00060000,Sell,Filled,2,2,@0.010,0.010,DAY,11/23/2021 10:15:36 EST,11/23/2021 10:15:36 EST
MSFT220218C00400000,MSFT220218C00400000,Buy,Filled,1,1,@1.49,1.49,DAY,11/23/2021 10:13:56 EST,11/23/2021 10:27:09 EST
MSFT220218C00400000,MSFT220218C00400000,Buy,Filled,3,3,@1.84,1.84,DAY,11/23/2021 09:59:50 EST,11/23/2021 09:59:51 EST
AAPL211126P00155000,AAPL211126P00155000,Sell,Cancelled,0,3,@1.00,,DAY,11/23/2021 09:55:00 EST,
AAPL211126P00155000,AAPL211126P00155000,Buy,Filled,4,4,@0.2575,0.2575,DAY,11/22/2021 15:57:55 EST,11/22/2021 15:57:55 EST
IWM211217C00240000,IWM211217C00240000,Buy,Filled,2,2,@2.36,2.36,DAY,11/22/2021 15:42:43 EST,11/22/2021 15:43:07 EST
IWM211217C00240000,IWM211217C00240000,Buy,Cancelled,0,2,@2.30,,DAY,11/22/2021 15:41:58 EST,
TWTR220121C00050000,TWTR220121C00050000,Buy,Filled,1,1,@2.11,2.11,DAY,11/22/2021 15:31:32 EST,11/22/2021 15:31:32 EST
NVDA211126C00365000,NVDA211126C00365000,Sell,Filled,1,1,@0.430,0.430,DAY,11/22/2021 12:05:31 EST,11/22/2021 12:05:31 EST
SPY211122C00475000,SPY211122C00475000,Sell,Filled,10,10,@0.020,0.020,DAY,11/22/2021 11:47:32 EST,11/22/2021 11:47:32 EST
AMD211126C00165000,AMD211126C00165000,Sell,Filled,5,5,@0.900,0.900,DAY,11/22/2021 11:30:43 EST,11/22/2021 11:30:46 EST
AMD211126C00165000,AMD211126C00165000,Buy,Filled,2,2,@1.27,1.27,DAY,11/22/2021 11:03:48 EST,11/22/2021 11:03:48 EST
LCID211126P00051000,LCID211126P00051000,Sell,Filled,1,1,@1.67,1.67,DAY,11/22/2021 10:53:47 EST,11/22/2021 10:53:55 EST
LCID211126P00051000,LCID211126P00051000,Buy,Filled,1,1,@1.63,1.63,DAY,11/22/2021 10:40:04 EST,11/22/2021 10:40:05 EST
AAPL211126C00167500,AAPL211126C00167500,Sell,Filled,1,1,@0.860,0.860,DAY,11/22/2021 10:36:18 EST,11/22/2021 10:36:18 EST
AMD211126C00165000,AMD211126C00165000,Buy,Filled,3,3,@1.77,1.77,DAY,11/22/2021 10:10:42 EST,11/22/2021 10:10:42 EST
AAPL211126C00167500,AAPL211126C00167500,Buy,Filled,1,1,@1.25,1.25,DAY,11/22/2021 10:03:51 EST,11/22/2021 10:03:51 EST
AMD211126C00160000,AMD211126C00160000,Sell,Cancelled,0,1,@4.20,,DAY,11/22/2021 10:03:15 EST,
SPY211122C00475000,SPY211122C00475000,Buy,Filled,10,10,@0.130,0.130,DAY,11/22/2021 10:02:33 EST,11/22/2021 10:02:33 EST
AAPL211126C00165000,AAPL211126C00165000,Sell,Filled,1,1,@1.85,1.85,DAY,11/22/2021 09:57:17 EST,11/22/2021 09:57:17 EST
SPY211122C00474000,SPY211122C00474000,Sell,Filled,5,5,@0.200,0.200,DAY,11/22/2021 09:55:39 EST,11/22/2021 09:55:39 EST
AMD211126C00160000,AMD211126C00160000,Buy,Filled,1,1,@2.94,2.94,DAY,11/22/2021 09:48:11 EST,11/22/2021 09:48:11 EST
TSLA211126C01290000,TSLA211126C01290000,Sell,Filled,1,1,@8.95,8.95,DAY,11/22/2021 09:38:42 EST,11/22/2021 09:38:49 EST
SPY211122C00474000,SPY211122C00474000,Buy,Filled,5,5,@0.100,0.100,DAY,11/22/2021 09:37:11 EST,11/22/2021 09:37:11 EST
ABNB211126C00210000,ABNB211126C00210000,Sell,Filled,1,1,@0.350,0.350,DAY,11/22/2021 09:31:38 EST,11/22/2021 09:31:40 EST
ABNB211126C00210000,ABNB211126C00210000,Sell,Cancelled,0,1,@0.850,,GTC,11/22/2021 09:09:23 EST,
TSLA211126C01290000,TSLA211126C01290000,Buy,Filled,1,1,@4.00,4.00,DAY,11/19/2021 15:39:00 EST,11/19/2021 15:39:01 EST
ABNB211126C00210000,ABNB211126C00210000,Buy,Filled,1,1,@1.02,1.02,DAY,11/19/2021 14:17:58 EST,11/19/2021 14:17:58 EST
NVDA211119C00340000,NVDA211119C00340000,Sell,Filled,1,1,@0.070,0.070,DAY,11/19/2021 13:18:07 EST,11/19/2021 13:18:07 EST
NVDA211119C00340000,NVDA211119C00340000,Sell,Cancelled,0,1,@0.070,,DAY,11/19/2021 13:16:41 EST,
LCID211119C00055000,LCID211119C00055000,Sell,Filled,1,1,@0.120,0.120,DAY,11/19/2021 13:16:20 EST,11/19/2021 13:16:23 EST
LCID211119C00055000,LCID211119C00055000,Sell,Cancelled,0,1,@0.140,,DAY,11/19/2021 13:15:46 EST,
AAPL211126C00165000,AAPL211126C00165000,Buy,Filled,1,1,@0.780,0.780,DAY,11/19/2021 12:49:43 EST,11/19/2021 12:49:43 EST
SHOP211119C01800000,SHOP211119C01800000,Sell,Filled,2,2,@2.50,2.50,DAY,11/19/2021 11:40:23 EST,11/19/2021 11:41:26 EST
SHOP211119C01800000,SHOP211119C01800000,Sell,Filled,8,8,@2.50,2.50,DAY,11/19/2021 11:18:18 EST,11/19/2021 11:23:32 EST
SHOP211119C01800000,SHOP211119C01800000,Sell,Cancelled,0,5,@2.50,,DAY,11/19/2021 11:09:31 EST,
SHOP211119C01800000,SHOP211119C01800000,Buy,Filled,10,10,@2.35,2.35,DAY,11/19/2021 11:06:32 EST,11/19/2021 11:06:32 EST
RBLX211119C00140000,RBLX211119C00140000,Sell,Filled,1,1,@0.800,0.800,DAY,11/19/2021 11:00:12 EST,11/19/2021 11:00:45 EST
CSCO211119C00058000,CSCO211119C00058000,Sell,Cancelled,0,1,@0.010,,DAY,11/19/2021 10:46:53 EST,
AMD211119C00155000,AMD211119C00155000,Sell,Filled,1,1,@1.90,1.90,DAY,11/19/2021 09:55:10 EST,11/19/2021 09:56:42 EST
RBLX211119C00140000,RBLX211119C00140000,Buy,Filled,1,1,@0.750,0.750,DAY,11/19/2021 09:47:36 EST,11/19/2021 09:47:36 EST
LCID211126P00045000,LCID211126P00045000,Sell,Filled,1,1,@2.58,2.58,DAY,11/18/2021 10:03:45 EST,11/18/2021 10:03:51 EST
AMD211119C00155000,AMD211119C00155000,Sell,Cancelled,0,1,@3.90,,DAY,11/18/2021 10:03:21 EST,
NVDA211126C00365000,NVDA211126C00365000,Buy,Filled,1,1,@2.35,2.35,DAY,11/18/2021 09:54:40 EST,11/18/2021 09:54:40 EST
AMD211119C00160000,AMD211119C00160000,Buy,Filled,1,1,@1.80,1.80,DAY,11/18/2021 09:41:41 EST,11/18/2021 09:41:57 EST
CSCO211119C00058000,CSCO211119C00058000,Sell,Cancelled,0,1,@0.010,,DAY,11/18/2021 09:39:43 EST,
NVDA211119C00340000,NVDA211119C00340000,Buy,Filled,1,1,@2.11,2.11,DAY,11/18/2021 09:35:20 EST,11/18/2021 09:35:20 EST
SHOP211119C01750000,SHOP211119C01750000,Buy,Cancelled,0,1,@2.20,,DAY,11/17/2021 14:05:21 EST,
CSCO211119C00058000,CSCO211119C00058000,Buy,Filled,1,1,@0.930,0.930,DAY,11/17/2021 13:56:26 EST,11/17/2021 13:56:26 EST
LCID211119C00055000,LCID211119C00055000,Buy,Filled,1,1,@1.64,1.64,DAY,11/17/2021 13:52:10 EST,11/17/2021 13:52:10 EST
AFRM211119C00170000,AFRM211119C00170000,Sell,Filled,1,1,@0.200,0.200,DAY,11/17/2021 12:54:51 EST,11/17/2021 12:54:51 EST
LCID211126P00045000,LCID211126P00045000,Buy,Filled,1,1,@1.64,1.64,DAY,11/17/2021 11:52:30 EST,11/17/2021 11:52:30 EST
AAPL211119C00155000,AAPL211119C00155000,Sell,Filled,4,4,@0.520,0.520,DAY,11/17/2021 11:09:39 EST,11/17/2021 11:09:39 EST
AAPL211119C00155000,AAPL211119C00155000,Buy,Filled,4,4,@0.250,0.250,DAY,11/17/2021 10:59:11 EST,11/17/2021 10:59:12 EST
LCID211119C00060000,LCID211119C00060000,Sell,Filled,1,1,@1.84,1.84,DAY,11/17/2021 10:18:45 EST,11/17/2021 10:19:13 EST
PLUG211119C00044000,PLUG211119C00044000,Sell,Filled,4,4,@1.90,1.90,DAY,11/17/2021 09:48:49 EST,11/17/2021 09:49:09 EST
AFRM211119C00170000,AFRM211119C00170000,Buy,Filled,1,1,@1.15,1.15,DAY,11/17/2021 09:43:01 EST,11/17/2021 09:43:01 EST
LCID211119C00060000,LCID211119C00060000,Buy,Filled,1,1,@1.46,1.46,DAY,11/17/2021 09:42:24 EST,11/17/2021 09:42:26 EST
SPY211117C00469000,SPY211117C00469000,Buy,Cancelled,0,1,@0.490,,DAY,11/17/2021 09:36:38 EST,
NFLX211119C00710000,NFLX211119C00710000,Sell,Filled,1,1,@3.80,3.80,DAY,11/17/2021 09:32:24 EST,11/17/2021 09:32:57 EST
AMD211119C00155000,AMD211119C00155000,Buy,Filled,1,1,@1.76,1.76,DAY,11/16/2021 14:37:25 EST,11/16/2021 14:37:26 EST
AMC211119C00045000,AMC211119C00045000,Sell,Filled,1,1,@1.19,1.19,DAY,11/16/2021 13:08:39 EST,11/16/2021 13:09:05 EST
LCID211119C00055000,LCID211119C00055000,Sell,Filled,1,1,@2.98,2.98,DAY,11/16/2021 13:03:32 EST,11/16/2021 13:03:34 EST
AAPL211119C00152500,AAPL211119C00152500,Sell,Filled,1,1,@0.590,0.590,DAY,11/16/2021 12:56:47 EST,11/16/2021 12:56:47 EST
LCID211119P00040000,LCID211119P00040000,Sell,Filled,1,1,@0.110,0.110,DAY,11/16/2021 11:47:24 EST,11/16/2021 11:47:24 EST
RBLX211217C00115000,RBLX211217C00115000,Sell,Filled,1,1,@11.80,11.80,DAY,11/16/2021 11:43:44 EST,11/16/2021 11:43:51 EST
ATVI211119P00066000,ATVI211119P00066000,Sell,Filled,2,2,@0.530,0.530,DAY,11/16/2021 11:12:41 EST,11/16/2021 11:12:41 EST
ATVI211119P00066000,ATVI211119P00066000,Buy,Filled,2,2,@0.710,0.710,DAY,11/16/2021 11:11:38 EST,11/16/2021 11:11:38 EST
PTON211126C00052000,PTON211126C00052000,Sell,Filled,1,1,@1.17,1.17,DAY,11/16/2021 10:12:22 EST,11/16/2021 10:12:22 EST
BA211119C00240000,BA211119C00240000,Sell,Filled,1,1,@0.410,0.410,DAY,11/16/2021 10:07:11 EST,11/16/2021 10:07:11 EST
PTON211126C00052000,PTON211126C00052000,Buy,Filled,1,1,@1.57,1.57,DAY,11/16/2021 09:53:28 EST,11/16/2021 09:53:28 EST
HD211119C00385000,HD211119C00385000,Sell,Filled,1,1,@5.70,5.70,DAY,11/16/2021 09:50:25 EST,11/16/2021 09:50:25 EST
PINS211119C00050000,PINS211119C00050000,Sell,Filled,2,2,@0.710,0.710,DAY,11/16/2021 09:46:34 EST,11/16/2021 09:46:34 EST
HD211119C00385000,HD211119C00385000,Buy,Filled,1,1,@4.35,4.35,DAY,11/16/2021 09:45:09 EST,11/16/2021 09:45:26 EST
PROG211119C00004000,PROG211119C00004000,Sell,Filled,1,1,@0.550,0.550,DAY,11/16/2021 09:44:16 EST,11/16/2021 09:44:16 EST
PROG211119C00004500,PROG211119C00004500,Sell,Filled,2,2,@0.470,0.470,DAY,11/16/2021 09:43:35 EST,11/16/2021 09:43:35 EST
PROG211119C00004500,PROG211119C00004500,Buy,Filled,2,2,@0.520,0.520,DAY,11/16/2021 09:40:41 EST,11/16/2021 09:40:41 EST
PROG211119C00004000,PROG211119C00004000,Buy,Filled,1,1,@0.550,0.550,DAY,11/16/2021 09:36:08 EST,11/16/2021 09:36:09 EST
BABA211126C00185000,BABA211126C00185000,Sell,Filled,1,1,@1.60,1.60,DAY,11/16/2021 09:33:10 EST,11/16/2021 09:33:11 EST
LCID211119C00055000,LCID211119C00055000,Buy,Filled,1,1,@0.970,0.970,DAY,11/15/2021 15:57:47 EST,11/15/2021 15:58:17 EST
PINS211119C00050000,PINS211119C00050000,Buy,Filled,2,2,@0.620,0.620,DAY,11/15/2021 15:43:35 EST,11/15/2021 15:43:35 EST
MARA211217C00100000,MARA211217C00100000,Buy,Filled,1,1,@2.57,2.57,DAY,11/15/2021 15:41:19 EST,11/15/2021 15:41:19 EST
AAPL211119C00152500,AAPL211119C00152500,Buy,Filled,1,1,@0.520,0.520,DAY,11/15/2021 15:32:10 EST,11/15/2021 15:32:37 EST
AMC211119C00045000,AMC211119C00045000,Buy,Filled,1,1,@1.15,1.15,DAY,11/15/2021 14:27:31 EST,11/15/2021 14:27:31 EST
LCID211119P00040000,LCID211119P00040000,Buy,Filled,1,1,@1.23,1.23,DAY,11/15/2021 13:36:48 EST,11/15/2021 13:36:48 EST
SOFI211119C00025000,SOFI211119C00025000,Sell,Filled,3,3,@0.170,0.170,DAY,11/15/2021 13:24:28 EST,11/15/2021 13:24:28 EST
SU220318C00030000,SU220318C00030000,Buy,Filled,1,1,@0.900,0.900,DAY,11/15/2021 13:21:21 EST,11/15/2021 13:21:21 EST
XEL211217C00070000,XEL211217C00070000,Buy,Filled,5,5,@0.150,0.150,DAY,11/15/2021 13:12:09 EST,11/15/2021 13:12:09 EST
BABA211126C00185000,BABA211126C00185000,Buy,Filled,1,1,@1.19,1.19,DAY,11/15/2021 13:09:03 EST,11/15/2021 13:09:03 EST
RIOT211119C00046000,RIOT211119C00046000,Sell,Filled,1,1,@1.63,1.63,DAY,11/15/2021 12:28:41 EST,11/15/2021 12:28:41 EST
BA211119C00240000,BA211119C00240000,Buy,Filled,1,1,@1.70,1.70,DAY,11/15/2021 12:11:08 EST,11/15/2021 12:11:34 EST
TTD211119C00110000,TTD211119C00110000,Sell,Filled,1,1,@2.73,2.73,DAY,11/15/2021 11:36:13 EST,11/15/2021 11:36:13 EST
RBLX211217C00115000,RBLX211217C00115000,Buy,Filled,1,1,@6.25,6.25,DAY,11/15/2021 10:37:42 EST,11/15/2021 10:37:42 EST
RIOT211119C00046000,RIOT211119C00046000,Buy,Filled,1,1,@2.80,2.80,DAY,11/15/2021 10:23:45 EST,11/15/2021 10:23:45 EST
TTD211119C00110000,TTD211119C00110000,Sell,Filled,1,1,@1.75,1.75,DAY,11/15/2021 10:20:41 EST,11/15/2021 10:20:41 EST
TTD211119C00110000,TTD211119C00110000,Sell,Cancelled,0,1,@1.75,,DAY,11/15/2021 09:57:39 EST,
SNAP211126C00060000,SNAP211126C00060000,Buy,Filled,2,2,@0.790,0.790,DAY,11/15/2021 09:53:34 EST,11/15/2021 09:53:34 EST
SOFI211119C00025000,SOFI211119C00025000,Buy,Filled,3,3,@0.360,0.360,DAY,11/15/2021 09:48:30 EST,11/15/2021 09:48:30 EST
FB211203C00395000,FB211203C00395000,Buy,Cancelled,0,1,@1.00,,DAY,11/15/2021 09:43:57 EST,
QCOM211119C00170000,QCOM211119C00170000,Sell,Filled,1,1,@2.94,2.94,DAY,11/15/2021 09:34:10 EST,11/15/2021 09:34:10 EST
SNDL211231C00001500,SNDL211231C00001500,Buy,Filled,5,5,@0.110,0.110,GTC,11/14/2021 20:51:09 EST,11/15/2021 09:30:08 EST
SNDL220121C00001500,SNDL220121C00001500,Buy,Filled,10,10,@0.130,0.130,GTC,11/14/2021 20:49:11 EST,11/15/2021 09:30:05 EST
TTD211119C00115000,TTD211119C00115000,Buy,Cancelled,0,3,@0.500,,GTC,11/14/2021 20:42:07 EST,
TTD211119C00110000,TTD211119C00110000,Buy,Filled,2,2,@0.750,0.750,GTC,11/14/2021 20:41:58 EST,11/15/2021 09:30:03 EST
NFLX211119C00710000,NFLX211119C00710000,Buy,Filled,1,1,@2.60,2.60,DAY,11/12/2021 15:28:09 EST,11/12/2021 15:28:09 EST
AMD211112C00165000,AMD211112C00165000,Sell,Cancelled,0,1,@0.010,,DAY,11/12/2021 13:56:35 EST,
AMD211112C00150000,AMD211112C00150000,Sell,Filled,1,1,@0.070,0.070,DAY,11/12/2021 13:56:24 EST,11/12/2021 13:56:24 EST
PLUG211119C00044000,PLUG211119C00044000,Buy,Filled,2,2,@1.21,1.21,DAY,11/12/2021 10:02:45 EST,11/12/2021 10:02:45 EST
AMD211112C00150000,AMD211112C00150000,Buy,Filled,1,1,@0.560,0.560,DAY,11/11/2021 14:01:53 EST,11/11/2021 14:01:54 EST
QCOM211119C00170000,QCOM211119C00170000,Buy,Filled,1,1,@1.77,1.77,DAY,11/11/2021 11:40:18 EST,11/11/2021 11:42:38 EST
AMC211112C00048000,AMC211112C00048000,Sell,Filled,2,2,@0.060,0.060,DAY,11/11/2021 11:39:29 EST,11/11/2021 11:39:29 EST
SU220318C00030000,SU220318C00030000,Buy,Filled,2,2,@0.950,0.950,DAY,11/11/2021 11:29:42 EST,11/11/2021 11:33:26 EST
RBLX211112C00105000,RBLX211112C00105000,Sell,Filled,1,1,@1.25,1.25,DAY,11/11/2021 10:58:03 EST,11/11/2021 11:10:36 EST
PLUG211119C00044000,PLUG211119C00044000,Buy,Filled,2,2,@2.00,2.00,DAY,11/11/2021 10:45:17 EST,11/11/2021 10:45:17 EST
RBLX211112C00105000,RBLX211112C00105000,Buy,Filled,1,1,@1.05,1.05,DAY,11/11/2021 10:42:36 EST,11/11/2021 10:42:37 EST
RBLX211119C00110000,RBLX211119C00110000,Buy,Cancelled,0,1,@3.00,,DAY,11/09/2021 12:15:57 EST,
RBLX211119C00130000,RBLX211119C00130000,Buy,Cancelled,0,2,@1.35,,DAY,11/09/2021 09:33:15 EST,
AMC211112C00048000,AMC211112C00048000,Buy,Filled,2,2,@0.830,0.830,DAY,11/09/2021 09:31:36 EST,11/09/2021 09:31:36 EST
RBLX211112C00100000,RBLX211112C00100000,Buy,Cancelled,0,50,@0.250,,GTC,11/08/2021 17:49:17 EST,
AMD211112C00165000,AMD211112C00165000,Sell,Filled,4,4,@1.85,1.85,DAY,11/08/2021 11:45:48 EST,11/08/2021 11:48:20 EST
AMD211112C00165000,AMD211112C00165000,Buy,Filled,5,5,@1.12,1.12,DAY,11/08/2021 11:22:26 EST,11/08/2021 11:22:26 EST
AMD211112C00150000,AMD211112C00150000,Buy,Cancelled,0,1,@2.86,,DAY,11/08/2021 11:08:56 EST,
LCID211112P00042000,LCID211112P00042000,Sell,Filled,1,1,@2.10,2.10,DAY,11/08/2021 10:47:03 EST,11/08/2021 10:47:03 EST
LCID211112P00042000,LCID211112P00042000,Buy,Filled,1,1,@2.25,2.25,DAY,11/08/2021 10:41:58 EST,11/08/2021 10:41:58 EST
LCID211112C00045000,LCID211112C00045000,Sell,Filled,1,1,@2.75,2.75,DAY,11/08/2021 10:38:59 EST,11/08/2021 10:38:59 EST
LCID211112C00045000,LCID211112C00045000,Buy,Filled,1,1,@3.30,3.30,DAY,11/08/2021 10:31:01 EST,11/08/2021 10:31:04 EST
SOFI211015C00020000,SOFI211015C00020000,Sell,Filled,1,1,@0.110,0.110,DAY,10/12/2021 09:28:33 EDT,10/12/2021 09:30:13 EDT
LCID210917C00020000,LCID210917C00020000,Buy,Cancelled,0,1,@0.900,,DAY,09/07/2021 15:22:23 EDT,
AAPL210813C00149000,AAPL210813C00149000,Buy,Cancelled,0,2,@0.470,,DAY,08/13/2021 09:44:19 EDT,
AMD210813C00113000,AMD210813C00113000,Buy,Cancelled,0,1,@0.780,,DAY,08/10/2021 09:47:58 EDT,
CVS210820C00084000,CVS210820C00084000,Sell,Filled,1,1,@0.310,0.310,DAY,08/09/2021 10:10:56 EDT,08/09/2021 10:10:56 EDT
GLD210813C00165500,GLD210813C00165500,Sell,Filled,2,2,@0.360,0.360,DAY,08/09/2021 10:08:13 EDT,08/09/2021 10:08:14 EDT
MSFT210813C00297500,MSFT210813C00297500,Sell,Filled,1,1,@0.230,0.230,DAY,08/09/2021 10:04:48 EDT,08/09/2021 10:04:48 EDT
MVIS210820C00018000,MVIS210820C00018000,Buy,Filled,3,3,@0.680,0.680,DAY,08/09/2021 09:57:51 EDT,08/09/2021 09:57:52 EDT
X210827C00026500,X210827C00026500,Buy,Cancelled,0,1,@1.24,,DAY,08/09/2021 09:51:14 EDT,
MSFT210813C00297500,MSFT210813C00297500,Buy,Filled,1,1,@0.250,0.250,DAY,08/09/2021 09:47:43 EDT,08/09/2021 09:47:43 EDT
GLD210813C00165500,GLD210813C00165500,Buy,Filled,2,2,@0.480,0.480,DAY,08/09/2021 09:38:45 EDT,08/09/2021 09:38:45 EDT
NIO210806C00047000,NIO210806C00047000,Sell,Cancelled,0,1,@0.060,,DAY,08/06/2021 09:14:53 EDT,
SOFI211015C00020000,SOFI211015C00020000,Buy,Filled,1,1,@1.23,1.23,DAY,08/04/2021 13:50:51 EDT,08/04/2021 13:50:51 EDT
NIO210806C00047000,NIO210806C00047000,Sell,Cancelled,0,1,@0.420,,DAY,08/04/2021 10:13:20 EDT,
SPY210804C00441000,SPY210804C00441000,Sell,Cancelled,0,1,@0.400,,DAY,08/04/2021 10:09:48 EDT,
SPY210804C00441000,SPY210804C00441000,Sell,Cancelled,0,2,@0.020,,DAY,08/04/2021 10:02:51 EDT,
SPY210804C00441000,SPY210804C00441000,Sell,Filled,1,1,@0.320,0.320,DAY,08/04/2021 09:59:04 EDT,08/04/2021 10:02:25 EDT
SPY210804C00441000,SPY210804C00441000,Buy,Filled,1,1,@0.250,0.250,DAY,08/04/2021 09:53:38 EDT,08/04/2021 09:53:51 EDT
SPY210804C00441000,SPY210804C00441000,Buy,Filled,2,2,@0.310,0.310,DAY,08/04/2021 09:52:12 EDT,08/04/2021 09:52:12 EDT
NIO210806C00047000,NIO210806C00047000,Sell,Filled,1,1,@0.440,0.440,DAY,08/04/2021 09:49:32 EDT,08/04/2021 10:12:58 EDT
NIO210806C00047000,NIO210806C00047000,Buy,Filled,2,2,@0.400,0.400,DAY,08/04/2021 09:48:28 EDT,08/04/2021 09:48:29 EDT
QQQ210730C00370000,QQQ210730C00370000,Sell,Filled,1,1,@0.200,0.200,DAY,07/29/2021 15:31:24 EDT,07/29/2021 15:31:24 EDT
UBER210730C00044500,UBER210730C00044500,Sell,Filled,1,1,@0.660,0.660,DAY,07/29/2021 10:53:38 EDT,07/29/2021 10:53:39 EDT
WKHS210806C00013500,WKHS210806C00013500,Sell,Filled,5,5,@0.340,0.340,DAY,07/29/2021 10:48:06 EDT,07/29/2021 10:48:06 EDT
WKHS210806C00013500,WKHS210806C00013500,Sell,Cancelled,0,5,@0.320,,DAY,07/29/2021 10:30:32 EDT,
WKHS210806C00013500,WKHS210806C00013500,Sell,Cancelled,0,5,@0.350,,DAY,07/29/2021 10:27:43 EDT,
NIO210730C00044000,NIO210730C00044000,Sell,Filled,5,5,@0.250,0.250,DAY,07/29/2021 10:18:28 EDT,07/29/2021 10:18:29 EDT
UBER210730C00044500,UBER210730C00044500,Buy,Filled,1,1,@0.560,0.560,DAY,07/29/2021 10:14:30 EDT,07/29/2021 10:14:30 EDT
PYPL210730C00295000,PYPL210730C00295000,Sell,Filled,1,1,@0.560,0.560,DAY,07/29/2021 10:13:28 EDT,07/29/2021 10:13:29 EDT
LULU210806C00405000,LULU210806C00405000,Buy,Cancelled,0,1,@3.60,,DAY,07/29/2021 09:48:22 EDT,
PYPL210730C00295000,PYPL210730C00295000,Buy,Filled,1,1,@0.880,0.880,DAY,07/29/2021 09:45:24 EDT,07/29/2021 09:45:24 EDT
NIO210730C00044000,NIO210730C00044000,Buy,Filled,5,5,@0.360,0.360,DAY,07/29/2021 09:44:00 EDT,07/29/2021 09:44:00 EDT
QQQ210730C00370000,QQQ210730C00370000,Buy,Filled,1,1,@0.540,0.540,DAY,07/29/2021 09:41:20 EDT,07/29/2021 09:41:20 EDT
FB210820C00400000,FB210820C00400000,Buy,Filled,1,1,@1.15,1.15,DAY,07/29/2021 09:35:23 EDT,07/29/2021 09:35:23 EDT
AAPL210730C00155000,AAPL210730C00155000,Sell,Filled,6,6,@0.020,0.020,DAY,07/28/2021 13:59:04 EDT,07/28/2021 13:59:04 EDT
AAPL210730C00155000,AAPL210730C00155000,Buy,Filled,1,1,@0.570,0.570,DAY,07/27/2021 15:51:35 EDT,07/27/2021 15:51:38 EDT
QQQ210728C00364000,QQQ210728C00364000,Sell,Filled,1,1,@1.49,1.49,DAY,07/27/2021 15:40:53 EDT,07/27/2021 15:40:53 EDT
QQQ210728C00364000,QQQ210728C00364000,Sell,Cancelled,0,1,@1.70,,DAY,07/27/2021 15:39:07 EDT,
MLCO220121C00015000,MLCO220121C00015000,Buy,Cancelled,0,1,@1.30,,DAY,07/27/2021 15:35:03 EDT,
QQQ210728C00364000,QQQ210728C00364000,Buy,Filled,1,1,@1.67,1.67,DAY,07/27/2021 15:18:20 EDT,07/27/2021 15:18:20 EDT
PFE210820C00041000,PFE210820C00041000,Sell,Filled,2,2,@1.37,1.37,DAY,07/27/2021 14:29:04 EDT,07/27/2021 14:29:04 EDT
WKHS210806C00013500,WKHS210806C00013500,Buy,Filled,5,5,@0.270,0.270,DAY,07/27/2021 11:12:52 EDT,07/27/2021 11:12:54 EDT
AAPL210730C00155000,AAPL210730C00155000,Buy,Filled,2,2,@0.620,0.620,DAY,07/27/2021 10:49:22 EDT,07/27/2021 10:49:48 EDT
AAPL210730C00155000,AAPL210730C00155000,Buy,Filled,3,3,@0.880,0.880,DAY,07/27/2021 09:47:09 EDT,07/27/2021 09:47:09 EDT
TAL210820C00005000,TAL210820C00005000,Sell,Filled,2,2,@1.15,1.15,DAY,07/27/2021 09:45:49 EDT,07/27/2021 09:45:49 EDT
TAL210820C00005000,TAL210820C00005000,Sell,Cancelled,0,2,@1.20,,DAY,07/27/2021 09:44:01 EDT,
TAL210820C00005000,TAL210820C00005000,Buy,Cancelled,0,1,@1.25,,DAY,07/27/2021 09:39:44 EDT,
TAL210820C00005000,TAL210820C00005000,Buy,Filled,2,2,@1.30,1.30,DAY,07/27/2021 09:39:23 EDT,07/27/2021 09:40:00 EDT
GE210917C00014000,GE210917C00014000,Sell,Filled,10,10,@0.430,0.430,DAY,07/27/2021 09:31:26 EDT,07/27/2021 09:32:36 EDT
GE210917C00014000,GE210917C00014000,Buy,Filled,5,5,@0.290,0.290,DAY,07/23/2021 10:46:08 EDT,07/23/2021 10:46:09 EDT
QS210723C00025000,QS210723C00025000,Sell,Filled,1,1,@0.010,0.010,DAY,07/23/2021 10:17:58 EDT,07/23/2021 10:17:58 EDT
QQQ210723C00365000,QQQ210723C00365000,Sell,Filled,1,1,@1.05,1.05,DAY,07/23/2021 10:17:25 EDT,07/23/2021 10:17:29 EDT
CVS210820C00084000,CVS210820C00084000,Buy,Filled,1,1,@1.91,1.91,DAY,07/23/2021 10:09:35 EDT,07/23/2021 10:16:59 EDT
PFE210820C00041000,PFE210820C00041000,Buy,Filled,2,2,@1.27,1.27,DAY,07/23/2021 10:04:34 EDT,07/23/2021 10:04:36 EDT
QQQ210723C00365000,QQQ210723C00365000,Buy,Filled,1,1,@0.770,0.770,DAY,07/23/2021 09:56:23 EDT,07/23/2021 09:56:27 EDT
DKNG210730C00049000,DKNG210730C00049000,Sell,Filled,1,1,@1.52,1.52,DAY,07/23/2021 09:51:55 EDT,07/23/2021 09:51:56 EDT
SPY210723P00436000,SPY210723P00436000,Sell,Filled,10,10,@0.410,0.410,DAY,07/23/2021 09:44:55 EDT,07/23/2021 09:57:23 EDT
SPY210723P00436000,SPY210723P00436000,Buy,Filled,10,10,@0.320,0.320,DAY,07/23/2021 09:34:06 EDT,07/23/2021 09:34:06 EDT
QS210723C00025000,QS210723C00025000,Buy,Filled,1,1,@0.260,0.260,DAY,07/21/2021 13:53:17 EDT,07/21/2021 13:53:17 EDT
GE210917C00014000,GE210917C00014000,Buy,Filled,5,5,@0.370,0.370,DAY,07/21/2021 13:41:35 EDT,07/21/2021 13:41:35 EDT
UBER210723C00047500,UBER210723C00047500,Buy,Cancelled,0,1,@0.700,,DAY,07/21/2021 13:13:48 EDT,
SPY210721C00434000,SPY210721C00434000,Sell,Filled,4,4,@0.290,0.290,DAY,07/21/2021 12:56:26 EDT,07/21/2021 12:56:26 EDT
SPY210721C00434000,SPY210721C00434000,Sell,Cancelled,0,4,@0.320,,DAY,07/21/2021 12:55:47 EDT,
DKNG210730C00049000,DKNG210730C00049000,Buy,Filled,1,1,@1.28,1.28,DAY,07/21/2021 10:27:41 EDT,07/21/2021 10:27:41 EDT
SPY210721C00434000,SPY210721C00434000,Buy,Cancelled,0,1,@0.390,,DAY,07/21/2021 10:19:23 EDT,
SPY210721C00434000,SPY210721C00434000,Buy,Filled,1,1,@0.410,0.410,DAY,07/21/2021 10:18:43 EDT,07/21/2021 10:18:44 EDT
SPY210721C00434000,SPY210721C00434000,Buy,Filled,1,1,@0.520,0.520,DAY,07/21/2021 10:18:05 EDT,07/21/2021 10:18:06 EDT
SPY210721C00434000,SPY210721C00434000,Buy,Filled,2,2,@0.550,0.550,DAY,07/21/2021 10:17:05 EDT,07/21/2021 10:17:46 EDT
DKNG210723P00046000,DKNG210723P00046000,Sell,Filled,1,1,@0.290,0.290,DAY,07/21/2021 10:04:24 EDT,07/21/2021 10:04:24 EDT
SPY210721C00434000,SPY210721C00434000,Sell,Filled,2,2,@0.700,0.700,DAY,07/21/2021 09:56:04 EDT,07/21/2021 09:56:04 EDT
DKNG210723P00046000,DKNG210723P00046000,Buy,Cancelled,0,1,@0.430,,DAY,07/21/2021 09:50:40 EDT,
SPY210721C00434000,SPY210721C00434000,Buy,Filled,2,2,@0.560,0.560,DAY,07/21/2021 09:49:43 EDT,07/21/2021 09:51:33 EDT
DKNG210723P00046000,DKNG210723P00046000,Buy,Cancelled,0,1,@0.430,,DAY,07/21/2021 09:47:50 EDT,
DKNG210723P00046000,DKNG210723P00046000,Buy,Filled,1,1,@0.460,0.460,DAY,07/21/2021 09:47:29 EDT,07/21/2021 09:47:33 EDT
DKNG210723C00047500,DKNG210723C00047500,Sell,Filled,1,1,@0.800,0.800,DAY,07/21/2021 09:44:01 EDT,07/21/2021 09:44:02 EDT
DKNG210723C00047500,DKNG210723C00047500,Buy,Filled,1,1,@0.840,0.840,DAY,07/21/2021 09:37:12 EDT,07/21/2021 09:37:52 EDT
SOS210820C00015000,SOS210820C00015000,Sell,Filled,3,3,@0.010,0.010,DAY,07/21/2021 09:34:44 EDT,07/21/2021 09:34:44 EDT
SQ210820C00280000,SQ210820C00280000,Sell,Filled,1,1,@3.45,3.45,DAY,07/21/2021 09:34:26 EDT,07/21/2021 09:34:26 EDT
CCIV210820C00060000,CCIV210820C00060000,Sell,Filled,5,5,@0.260,0.260,DAY,07/21/2021 09:34:20 EDT,07/21/2021 09:34:21 EDT
DKNG210730C00048000,DKNG210730C00048000,Buy,Cancelled,0,2,@0.660,,DAY,07/21/2021 09:24:14 EDT,
SQ210820C00280000,SQ210820C00280000,Buy,Filled,1,1,@2.65,2.65,DAY,07/20/2021 12:57:07 EDT,07/20/2021 12:57:39 EDT
DKNG210730C00046000,DKNG210730C00046000,Buy,Cancelled,0,1,@1.00,,DAY,07/20/2021 10:38:36 EDT,
SPY210721C00431000,SPY210721C00431000,Sell,Filled,1,1,@0.870,0.870,DAY,07/20/2021 10:31:26 EDT,07/20/2021 10:31:26 EDT
SPY210721C00431000,SPY210721C00431000,Buy,Filled,1,1,@1.01,1.01,DAY,07/20/2021 10:23:09 EDT,07/20/2021 10:23:10 EDT
FCEL210716C00010000,FCEL210716C00010000,Sell,Cancelled,0,8,@0.010,,DAY,07/16/2021 12:17:43 EDT,
NIO210716C00046000,NIO210716C00046000,Sell,Filled,4,4,@1.19,1.19,DAY,07/12/2021 11:40:42 EDT,07/12/2021 11:40:42 EDT
SPY210712P00436000,SPY210712P00436000,Sell,Filled,10,10,@0.392,0.392,DAY,07/12/2021 11:33:32 EDT,07/12/2021 11:33:32 EDT
SPY210712P00436000,SPY210712P00436000,Buy,Filled,10,10,@0.330,0.330,DAY,07/12/2021 11:28:35 EDT,07/12/2021 11:28:35 EDT
NIO210716C00046000,NIO210716C00046000,Buy,Filled,1,1,@1.06,1.06,DAY,07/12/2021 11:04:01 EDT,07/12/2021 11:04:02 EDT
NIO210716C00046000,NIO210716C00046000,Buy,Filled,3,3,@1.06,1.06,DAY,07/12/2021 11:02:33 EDT,07/12/2021 11:02:33 EDT
SPY210707P00432000,SPY210707P00432000,Sell,Filled,2,2,@0.310,0.310,DAY,07/07/2021 10:28:21 EDT,07/07/2021 10:28:21 EDT
AAPL210716C00145000,AAPL210716C00145000,Sell,Filled,1,1,@1.64,1.64,DAY,07/07/2021 10:25:18 EDT,07/07/2021 10:25:19 EDT
SPY210707P00432000,SPY210707P00432000,Buy,Filled,2,2,@0.210,0.210,DAY,07/07/2021 10:22:17 EDT,07/07/2021 10:22:19 EDT
AAPL210716C00145000,AAPL210716C00145000,Buy,Filled,1,1,@1.85,1.85,DAY,07/07/2021 10:17:43 EDT,07/07/2021 10:18:23 EDT
WMT210820C00145000,WMT210820C00145000,Buy,Cancelled,0,1,@1.74,,DAY,07/07/2021 10:07:52 EDT,
CCIV210820C00060000,CCIV210820C00060000,Buy,Filled,5,5,@0.810,0.810,DAY,07/01/2021 12:42:01 EDT,07/01/2021 12:44:56 EDT
SRNE210716C00011000,SRNE210716C00011000,Sell,Filled,5,5,@0.650,0.650,DAY,07/01/2021 10:28:04 EDT,07/01/2021 10:28:04 EDT
SRNE210716C00011000,SRNE210716C00011000,Sell,Cancelled,0,5,@0.730,,DAY,07/01/2021 10:26:45 EDT,
MARA210702P00032000,MARA210702P00032000,Sell,Filled,1,1,@1.33,1.33,DAY,06/29/2021 11:48:04 EDT,06/29/2021 11:48:05 EDT
FCEL210716C00010000,FCEL210716C00010000,Buy,Filled,3,3,@0.580,0.580,DAY,06/29/2021 10:13:17 EDT,06/29/2021 10:13:17 EDT
MARA210702P00032000,MARA210702P00032000,Buy,Filled,1,1,@0.930,0.930,DAY,06/29/2021 10:10:16 EDT,06/29/2021 10:10:17 EDT
FCEL210716C00010000,FCEL210716C00010000,Buy,Filled,5,5,@0.680,0.680,DAY,06/29/2021 09:59:07 EDT,06/29/2021 09:59:29 EDT
BSY210716C00065000,BSY210716C00065000,Buy,Cancelled,0,1,@1.25,,DAY,06/29/2021 09:57:22 EDT,
SRNE210716C00011000,SRNE210716C00011000,Buy,Filled,5,5,@0.530,0.530,DAY,06/29/2021 09:53:57 EDT,06/29/2021 09:53:57 EDT
LUV210716C00054000,LUV210716C00054000,Buy,Cancelled,0,1,@0.950,,DAY,06/29/2021 09:44:56 EDT,
SPY210618C00418000,SPY210618C00418000,Sell,Filled,1,1,@0.330,0.330,DAY,06/18/2021 11:14:34 EDT,06/18/2021 11:14:35 EDT
AMC210618C00082000,AMC210618C00082000,Sell,Filled,2,2,@0.120,0.120,DAY,06/18/2021 11:14:13 EDT,06/18/2021 11:14:13 EDT
NVDA210618C00795000,NVDA210618C00795000,Sell,Filled,2,2,@0.220,0.220,DAY,06/18/2021 11:14:04 EDT,06/18/2021 11:14:05 EDT
GE210702C00013500,GE210702C00013500,Buy,Cancelled,1,10,@0.110,0.110,DAY,06/18/2021 10:51:47 EDT,06/18/2021 15:59:30 EDT
SPY210618C00418000,SPY210618C00418000,Buy,Filled,1,1,@0.650,0.650,DAY,06/18/2021 10:37:23 EDT,06/18/2021 10:40:27 EDT
CLOV210716P00012000,CLOV210716P00012000,Sell,Filled,2,2,@1.67,1.67,DAY,06/18/2021 10:13:55 EDT,06/18/2021 10:13:56 EDT
NVDA210618C00795000,NVDA210618C00795000,Buy,Filled,1,1,@0.670,0.670,DAY,06/18/2021 10:11:55 EDT,06/18/2021 10:11:55 EDT
CLOV210716P00012000,CLOV210716P00012000,Sell,Cancelled,0,2,@1.80,,DAY,06/18/2021 10:00:55 EDT,
NVDA210618C00795000,NVDA210618C00795000,Buy,Filled,1,1,@1.06,1.06,DAY,06/18/2021 09:58:46 EDT,06/18/2021 09:58:47 EDT
AMC210618C00082000,AMC210618C00082000,Buy,Filled,2,2,@0.350,0.350,DAY,06/18/2021 09:54:40 EDT,06/18/2021 09:54:40 EDT
RCL210618C00105000,RCL210618C00105000,Sell,Filled,4,4,@0.010,0.010,DAY,06/18/2021 09:51:53 EDT,06/18/2021 10:26:10 EDT
TLRY210618C00030000,TLRY210618C00030000,Sell,Cancelled,0,1,@0.010,,DAY,06/18/2021 09:51:11 EDT,
UWMC210618C00012000,UWMC210618C00012000,Sell,Cancelled,0,2,@0.050,,DAY,06/18/2021 09:51:04 EDT,
HEPA210618C00002500,HEPA210618C00002500,Sell,Cancelled,0,5,@0.050,,DAY,06/18/2021 09:49:50 EDT,
AMC210618C00080000,AMC210618C00080000,Buy,Cancelled,0,3,@0.350,,DAY,06/18/2021 09:42:09 EDT,
SPY210616C00424000,SPY210616C00424000,Buy,Filled,1,1,@0.830,0.830,DAY,06/16/2021 12:27:19 EDT,06/16/2021 12:27:19 EDT
BARK210618P00010000,BARK210618P00010000,Sell,Cancelled,0,1,@0.050,,DAY,06/16/2021 10:18:04 EDT,
NIO210618P00041000,NIO210618P00041000,Sell,Filled,2,2,@0.100,0.100,DAY,06/14/2021 09:39:03 EDT,06/14/2021 09:39:03 EDT
MNMD210917C00005000,MNMD210917C00005000,Buy,Cancelled,0,2,@0.800,,DAY,06/11/2021 13:25:17 EDT,
AMC210611C00050000,AMC210611C00050000,Sell,Filled,1,1,@0.580,0.580,DAY,06/11/2021 13:09:40 EDT,06/11/2021 13:09:40 EDT
AMC210611C00045000,AMC210611C00045000,Sell,Filled,1,1,@1.33,1.33,DAY,06/11/2021 12:55:45 EDT,06/11/2021 12:55:45 EDT
AMC210611C00045000,AMC210611C00045000,Buy,Filled,1,1,@1.06,1.06,DAY,06/11/2021 12:43:39 EDT,06/11/2021 12:43:39 EDT
NIO210618P00041000,NIO210618P00041000,Buy,Filled,2,2,@0.330,0.330,DAY,06/11/2021 09:59:34 EDT,06/11/2021 09:59:58 EDT
AMC210611C00050000,AMC210611C00050000,Buy,Filled,1,1,@0.380,0.380,DAY,06/11/2021 09:58:17 EDT,06/11/2021 09:58:18 EDT
SQ210611P00217500,SQ210611P00217500,Buy,Filled,1,1,@0.650,0.650,DAY,06/11/2021 09:45:52 EDT,06/11/2021 09:45:52 EDT
SPY210611P00422500,SPY210611P00422500,Sell,Filled,1,1,@0.200,0.200,DAY,06/11/2021 09:34:56 EDT,06/11/2021 09:34:56 EDT
SPY210611P00422500,SPY210611P00422500,Sell,Cancelled,0,1,@0.460,,DAY,06/10/2021 16:00:03 EDT,
SPY210611P00422500,SPY210611P00422500,Buy,Filled,1,1,@0.530,0.530,DAY,06/10/2021 15:13:01 EDT,06/10/2021 15:14:20 EDT
CVX210716C00115000,CVX210716C00115000,Buy,Filled,2,2,@1.11,1.11,DAY,06/10/2021 14:57:28 EDT,06/10/2021 14:57:28 EDT
PINS210618C00068000,PINS210618C00068000,Sell,Filled,2,2,@1.52,1.52,DAY,06/10/2021 14:33:23 EDT,06/10/2021 14:33:23 EDT
PINS210618C00068000,PINS210618C00068000,Buy,Filled,2,2,@1.38,1.38,DAY,06/10/2021 12:27:06 EDT,06/10/2021 12:27:17 EDT
UPS210611C00205000,UPS210611C00205000,Sell,Filled,1,1,@0.410,0.410,DAY,06/10/2021 11:32:46 EDT,06/10/2021 11:32:46 EDT
UPS210611C00205000,UPS210611C00205000,Buy,Filled,1,1,@0.460,0.460,DAY,06/10/2021 11:23:18 EDT,06/10/2021 11:23:18 EDT
CVX210716C00115000,CVX210716C00115000,Buy,Filled,1,1,@1.11,1.11,DAY,06/10/2021 11:19:01 EDT,06/10/2021 11:44:11 EDT
TSLA210611C00620000,TSLA210611C00620000,Sell,Filled,1,1,@2.50,2.50,DAY,06/10/2021 10:48:38 EDT,06/10/2021 10:48:50 EDT
FCX210618C00043000,FCX210618C00043000,Sell,Filled,3,3,@0.290,0.290,DAY,06/10/2021 10:46:49 EDT,06/10/2021 10:46:49 EDT
FCX210611C00041000,FCX210611C00041000,Sell,Filled,1,1,@0.240,0.240,DAY,06/10/2021 10:43:36 EDT,06/10/2021 10:43:37 EDT
FCX210611C00041000,FCX210611C00041000,Buy,Filled,1,1,@0.440,0.440,DAY,06/10/2021 10:32:56 EDT,06/10/2021 10:32:56 EDT
CLF210611C00024000,CLF210611C00024000,Sell,Filled,2,2,@0.680,0.680,DAY,06/10/2021 10:22:21 EDT,06/10/2021 10:22:21 EDT
TSLA210611C00620000,TSLA210611C00620000,Sell,Cancelled,0,1,@5.60,,DAY,06/10/2021 10:11:19 EDT,
CVX210716C00115000,CVX210716C00115000,Buy,Filled,4,4,@1.20,1.20,DAY,06/10/2021 10:07:13 EDT,06/10/2021 10:11:07 EDT
NET210611C00091000,NET210611C00091000,Sell,Filled,2,2,@1.50,1.50,DAY,06/10/2021 09:49:13 EDT,06/10/2021 09:49:13 EDT
UWMC210618P00009000,UWMC210618P00009000,Buy,Cancelled,0,5,@0.150,,DAY,06/10/2021 09:42:52 EDT,
UWMC210618C00012000,UWMC210618C00012000,Buy,Filled,2,2,@0.650,0.650,DAY,06/10/2021 09:41:05 EDT,06/10/2021 09:41:05 EDT
TSLA210611C00620000,TSLA210611C00620000,Buy,Filled,1,1,@4.50,4.50,DAY,06/10/2021 09:35:32 EDT,06/10/2021 09:35:36 EDT
NET210611C00091000,NET210611C00091000,Buy,Filled,2,2,@0.970,0.970,DAY,06/10/2021 09:34:49 EDT,06/10/2021 09:34:49 EDT
BARK210618P00010000,BARK210618P00010000,Buy,Filled,1,1,@0.350,0.350,DAY,06/09/2021 15:01:47 EDT,06/09/2021 15:09:37 EDT
TLRY210618C00030000,TLRY210618C00030000,Buy,Filled,1,1,@1.26,1.26,DAY,06/09/2021 14:51:52 EDT,06/09/2021 14:51:53 EDT
SPY210609P00422000,SPY210609P00422000,Sell,Filled,4,4,@0.140,0.140,DAY,06/09/2021 13:02:15 EDT,06/09/2021 13:02:15 EDT
HEPA210618C00002500,HEPA210618C00002500,Buy,Filled,5,5,@0.100,0.100,DAY,06/09/2021 12:58:42 EDT,06/09/2021 12:58:42 EDT
SNAP210618C00063000,SNAP210618C00063000,Sell,Filled,3,3,@1.92,1.92,DAY,06/09/2021 12:53:08 EDT,06/09/2021 12:53:08 EDT
CLF210611C00024000,CLF210611C00024000,Sell,Filled,3,3,@1.00,1.00,DAY,06/09/2021 12:48:43 EDT,06/09/2021 12:48:43 EDT
CLF210611C00025000,CLF210611C00025000,Buy,Cancelled,0,3,@0.330,,DAY,06/09/2021 12:05:16 EDT,
CLF210611C00024500,CLF210611C00024500,Buy,Cancelled,0,3,@0.350,,DAY,06/09/2021 12:03:22 EDT,
CLF210618C00025000,CLF210618C00025000,Buy,Cancelled,0,1,@0.620,,DAY,06/09/2021 12:02:55 EDT,
CLF210611C00024000,CLF210611C00024000,Buy,Filled,5,5,@0.380,0.380,DAY,06/09/2021 12:02:02 EDT,06/09/2021 12:02:03 EDT
CLSK210618C00020000,CLSK210618C00020000,Sell,Filled,3,3,@1.26,1.26,DAY,06/09/2021 11:58:16 EDT,06/09/2021 11:58:16 EDT
CLSK210618C00020000,CLSK210618C00020000,Buy,Filled,3,3,@1.50,1.50,DAY,06/09/2021 11:30:24 EDT,06/09/2021 11:47:49 EDT
SPY210609P00422000,SPY210609P00422000,Buy,Filled,3,3,@0.250,0.250,DAY,06/09/2021 10:52:33 EDT,06/09/2021 10:54:03 EDT
SPY210609P00422000,SPY210609P00422000,Buy,Filled,1,1,@0.240,0.240,DAY,06/09/2021 10:52:05 EDT,06/09/2021 10:52:05 EDT
SPY210609P00422000,SPY210609P00422000,Buy,Cancelled,0,1,@0.240,,DAY,06/09/2021 10:50:34 EDT,
CLOV210716P00012000,CLOV210716P00012000,Buy,Filled,1,1,@1.40,1.40,DAY,06/09/2021 10:19:38 EDT,06/09/2021 10:19:41 EDT
CLOV210716P00012000,CLOV210716P00012000,Buy,Filled,2,2,@1.45,1.45,DAY,06/09/2021 10:17:13 EDT,06/09/2021 10:17:13 EDT
CLOV210716P00012000,CLOV210716P00012000,Sell,Filled,1,1,@1.35,1.35,DAY,06/09/2021 10:13:32 EDT,06/09/2021 10:13:32 EDT
CAN210618C00010000,CAN210618C00010000,Sell,Filled,1,1,@1.40,1.40,DAY,06/09/2021 10:08:51 EDT,06/09/2021 10:08:52 EDT
CAN210618C00010000,CAN210618C00010000,Buy,Cancelled,0,1,@0.900,,DAY,06/09/2021 10:01:59 EDT,
CAN210618C00010000,CAN210618C00010000,Buy,Filled,1,1,@0.960,0.960,DAY,06/09/2021 10:01:16 EDT,06/09/2021 10:01:16 EDT
MNMD210716C00005000,MNMD210716C00005000,Buy,Cancelled,0,5,@0.400,,DAY,06/09/2021 09:51:00 EDT,
SNAP210618C00063000,SNAP210618C00063000,Buy,Filled,1,1,@0.800,0.800,DAY,06/08/2021 11:16:38 EDT,06/08/2021 11:17:21 EDT
FCX210618C00043000,FCX210618C00043000,Buy,Filled,3,3,@0.600,0.600,DAY,06/08/2021 10:56:32 EDT,06/08/2021 11:10:19 EDT
SNAP210618C00063000,SNAP210618C00063000,Buy,Filled,1,1,@0.900,0.900,DAY,06/08/2021 10:54:13 EDT,06/08/2021 10:55:11 EDT
SNAP210618C00063000,SNAP210618C00063000,Buy,Filled,1,1,@0.940,0.940,DAY,06/08/2021 10:53:23 EDT,06/08/2021 10:53:29 EDT
MSFT210618C00260000,MSFT210618C00260000,Buy,Cancelled,0,1,@1.17,,DAY,06/08/2021 09:41:08 EDT,
CLOV210618C00018000,CLOV210618C00018000,Buy,Cancelled,0,3,@0.950,,DAY,06/08/2021 09:13:34 EDT,
NIO210604C00042500,NIO210604C00042500,Sell,Filled,1,1,@0.350,0.350,DAY,06/03/2021 11:18:58 EDT,06/03/2021 11:19:06 EDT
NIO210604C00042500,NIO210604C00042500,Buy,Filled,1,1,@0.540,0.540,DAY,06/03/2021 11:01:40 EDT,06/03/2021 11:01:40 EDT
RCL210618C00105000,RCL210618C00105000,Buy,Filled,4,4,@0.720,0.720,DAY,06/03/2021 11:00:33 EDT,06/03/2021 11:00:33 EDT
BB210604C00020000,BB210604C00020000,Buy,Cancelled,0,1,@1.63,,DAY,06/03/2021 08:52:32 EDT,
BB210604C00020000,BB210604C00020000,Buy,Cancelled,0,1,@1.63,,DAY,06/03/2021 08:50:32 EDT,
ITP210416C00001000,ITP210416C00001000,Sell,Cancelled,0,1,@0.050,,DAY,04/16/2021 09:03:29 EDT,
ITP210416C00001000,ITP210416C00001000,Sell,Cancelled,0,1,@0.050,,DAY,04/16/2021 09:03:02 EDT,
SOS210820C00015000,SOS210820C00015000,Buy,Filled,1,1,@2.05,2.05,DAY,03/15/2021 11:36:18 EDT,03/15/2021 11:36:18 EDT
SOS210820C00015000,SOS210820C00015000,Buy,Filled,2,2,@2.05,2.05,DAY,03/15/2021 11:24:57 EDT,03/15/2021 11:37:42 EDT
SOS210820C00015000,SOS210820C00015000,Buy,Cancelled,0,2,@2.00,,DAY,03/15/2021 11:24:25 EDT,
AAL210312C00023000,AAL210312C00023000,Sell,Filled,1,1,@0.640,0.640,DAY,03/03/2021 10:00:20 EST,03/03/2021 10:00:20 EST
AAL210312C00023000,AAL210312C00023000,Buy,Filled,1,1,@0.560,0.560,DAY,03/03/2021 09:49:51 EST,03/03/2021 09:49:52 EST
DIS210226C00200000,DIS210226C00200000,Sell,Filled,1,1,@0.310,0.310,DAY,02/25/2021 11:51:59 EST,02/25/2021 11:51:59 EST
SBE210226C00040000,SBE210226C00040000,Sell,Filled,1,1,@0.150,0.150,DAY,02/25/2021 11:51:51 EST,02/25/2021 11:51:52 EST
DIS210226C00200000,DIS210226C00200000,Buy,Filled,1,1,@0.810,0.810,DAY,02/25/2021 11:21:09 EST,02/25/2021 11:21:09 EST
SBUX210305C00106000,SBUX210305C00106000,Sell,Filled,1,1,@1.30,1.30,DAY,02/25/2021 10:44:09 EST,02/25/2021 10:44:09 EST
SBE210226C00040000,SBE210226C00040000,Buy,Filled,1,1,@0.900,0.900,DAY,02/25/2021 10:21:59 EST,02/25/2021 10:24:47 EST
SBUX210305C00106000,SBUX210305C00106000,Buy,Filled,1,1,@1.25,1.25,DAY,02/25/2021 10:19:58 EST,02/25/2021 10:19:58 EST
SPY210303P00385000,SPY210303P00385000,Buy,Cancelled,0,1,@1.93,,DAY,02/25/2021 10:11:31 EST,
ITP210416C00001000,ITP210416C00001000,Buy,Filled,2,2,@0.270,0.270,DAY,02/25/2021 09:47:13 EST,02/25/2021 09:47:13 EST
SBE210319C00040000,SBE210319C00040000,Sell,Filled,1,1,@4.00,4.00,DAY,02/16/2021 12:38:22 EST,02/16/2021 12:38:22 EST
SBE210319C00040000,SBE210319C00040000,Buy,Filled,1,1,@4.65,4.65,DAY,02/12/2021 12:10:12 EST,02/12/2021 12:10:12 EST
SBE210319C00040000,SBE210319C00040000,Buy,Cancelled,0,1,@4.55,,DAY,02/12/2021 12:08:25 EST,
BNGO210319C00015000,BNGO210319C00015000,Buy,Cancelled,0,1,@2.35,,DAY,02/12/2021 11:37:14 EST,
