nearest_level,wick_favor,level_sweep_favor,hold_bars,structure_align,event_recency,body_favor,vwap_streak,touch_count,ribbon_slope_favor,abs_level_dist,episode_id,entry_ts,bias,pnl,qty,spy_entry,spy_exit,dir_ok,year,is_test
PDH,0.0,0.0,6.0,1.0,0.0,0.6744186046511567,-5.0,4.0,-0.005921905656158799,0.07561615350079043,13,2021-06-09 10:52:05,bear,-42.99999999999999,4,422.87,422.74,1,2021,False
PDH,0.0,0.0,0.0,-1.0,-0.06666666666666667,-0.7037037037037427,-1.0,10.0,0.005257236834432799,0.09687175125223657,26,2021-06-10 15:14:20,bear,-33.0,1,423.65,423.54,1,2021,False
PDL,0.0,0.0,0.0,-1.0,-0.25,-0.9750000000000213,-7.0,1.0,-0.03941497059646304,0.018887524789867882,31,2021-06-16 12:27:19,bull,-83.0,1,423.48,422.04,0,2021,False
PDL,0.06521739130429141,0.0,0.0,0.0,0.0,0.8695652173914171,1.0,0.0,0.08257367242788805,0.5198521521402211,34,2021-06-18 10:40:27,bull,-32.0,1,417.17,416.04,0,2021,False
PDH,0.8387096774191656,0.0,6.0,0.0,0.0,0.16129032258083445,6.0,5.0,0.024163048619785243,0.08409944471325925,40,2021-07-07 10:22:19,bear,20.0,2,433.645,433.45,1,2021,False
PDH,0.0588235294117057,0.0,0.0,0.0,0.0,0.5882352941177257,-12.0,5.0,0.016521623398868535,0.15144909245277116,42,2021-07-12 11:28:35,bear,61.999999999999964,10,436.45,436.37,1,2021,False
PDH,0.0,0.0,6.0,1.0,1.0,1.0,10.0,1.0,0.013124282181897762,0.5742142639510561,43,2021-07-20 10:23:10,bull,-14.000000000000002,1,429.12,429.0,0,2021,False
PDH,0.3750000000000222,0.0,4.0,0.0,0.0,0.3593750000000361,4.0,1.0,0.06587643584869962,0.18154066742210873,47,2021-07-21 09:51:33,bull,27.99999999999998,2,433.195,433.38,1,2021,False
PDH,0.29411764705886284,0.0,6.0,0.0,0.0,0.2352941176468228,9.0,1.0,0.0035063499490339822,0.2590134363219976,48,2021-07-21 10:17:46,bull,-87.00000000000003,4,433.53,433.63,1,2021,False
PDH,0.1388888888889152,0.0,0.0,0.0,0.0,0.6944444444444181,1.0,0.0,-0.059430486376621516,0.294624240775998,66,2021-08-04 09:52:12,bull,-55.00000000000001,3,439.94,439.01,0,2021,False
PDH,0.3030303030302143,0.0,6.0,0.0,0.0,0.15151515151519326,6.0,1.0,0.1037545625588221,0.36738160968359246,119,2021-11-22 10:02:33,bull,-110.0,10,472.63,471.83,0,2021,False
PDL,0.0249999999999775,0.0,0.0,1.0,0.16666666666666666,0.37499999999999406,12.0,0.0,0.0050795319714302956,0.34416910915711085,140,2021-12-03 11:11:55,bear,51.0,1,451.91,450.48,1,2021,False
PDC,0.10227272727276397,0.0,0.0,-1.0,-0.5,-0.7386363636363417,-7.0,10.0,-0.0325495062474368,0.2615900403596161,155,2021-12-08 11:03:00,bull,21.0,1,467.065,467.9,1,2021,False
PDC,0.12328767123284898,0.0,0.0,1.0,0.5,-0.6575342465754022,-12.0,10.0,0.03093146477383124,0.42925751200645346,212,2021-12-16 13:58:57,bull,-73.0,1,468.56,463.26,0,2021,False
PDL,0.0,0.0,0.0,0.0,0.0,-0.8275862068965162,-5.0,0.0,0.06169612798867519,1.1613945466850017,217,2021-12-20 10:29:03,bull,-88.00000000000001,2,452.75,452.36,0,2021,False
PDC,0.06451612903226003,1.0,3.0,0.0,0.0,-0.1935483870967801,11.0,10.0,0.04814681362061979,0.12166488794023156,274,2022-01-06 11:20:21,bull,-5.0,1,469.07,468.86,0,2022,False
PDL,0.018348623853194742,0.0,0.0,-1.0,-0.3333333333333333,0.7247706422018703,-12.0,0.0,0.05309321734967565,1.5493867010974771,280,2022-01-10 10:59:09,bull,144.0,4,457.5,458.99,1,2022,False
PDC,0.0,0.0,0.0,0.0,0.0,-0.41228070175441484,2.0,1.0,0.023046736543563817,0.34796056446936285,286,2022-01-11 10:13:13,bull,-17.999999999999993,2,463.95,464.22,1,2022,False
PDH,0.3882352941176439,0.0,6.0,0.0,0.0,0.6117647058823561,5.0,0.0,0.03440100460172513,0.6597850377780157,290,2022-01-12 10:13:00,bull,-59.99999999999999,3,472.95,472.66,0,2022,False
PDC,0.1499999999999929,1.0,1.0,1.0,0.25,0.7749999999999396,3.0,7.0,0.07833826854724002,0.036085756739545616,293,2022-01-13 11:40:44,bull,-46.0,1,471.27,470.91,0,2022,False
PDL,0.2083333333333728,0.0,6.0,1.0,0.125,-0.6874999999999408,12.0,3.0,0.011223765440693256,0.38167125098617083,295,2022-01-13 14:59:28,bear,92.0,1,467.2,464.48,1,2022,False
PDL,0.08928571428573423,0.0,0.0,0.0,0.0,-0.0982142857142975,3.0,0.0,-0.003322550810591629,0.14025245441794398,298,2022-01-14 09:52:25,bull,-100.0,10,462.8,463.23,1,2022,False
PDL,0.21052631578943432,0.0,0.0,-1.0,-0.06666666666666667,0.2894736842105657,-2.0,8.0,0.003364544522765911,0.19635343618512602,300,2022-01-14 12:24:28,bull,-0.9999999999999996,1,462.54,460.91,0,2022,False
PDL,0.4405940594059378,0.0,6.0,0.0,0.0,0.5594059405940622,1.0,1.0,-0.02631528093610669,0.3109236388937231,304,2022-01-18 10:15:28,bear,15.999999999999991,2,458.49,458.36,1,2022,False
PDL,0.02777777777783041,0.0,0.0,1.0,0.25,0.6388888888888362,-12.0,1.0,0.034167496562420574,0.6196729866063677,307,2022-01-18 14:04:06,bull,-38.0,2,457.07,456.5,0,2022,False
PDC,0.26470588235294856,0.0,6.0,0.0,0.0,-0.38235294117645335,11.0,4.0,0.013768402781066946,0.03943044906900006,309,2022-01-19 11:04:54,bear,-68.00000000000001,2,456.32,456.07,1,2022,False
PDL,0.003937007874012224,0.0,6.0,0.0,0.0,0.7362204724409572,8.0,2.0,0.010756845587012176,0.9691333818833692,317,2022-01-21 10:16:18,bear,-9.0,1,441.95,442.42,0,2022,False
PDL,0.0416666666666542,0.0,0.0,0.0,0.0,-0.4057017543859748,-5.0,0.0,-0.15454680519831898,2.241021074502836,319,2022-01-24 10:09:34,bull,-10.0,1,428.155,429.07,1,2022,False
PDH,0.012383900928798836,0.0,6.0,1.0,1.0,0.6099071207430391,8.0,8.0,0.06464907206084058,0.7004616679175069,324,2022-01-26 14:08:44,bull,-103.0,7,442.79,437.57,0,2022,False
PDL,0.20645161290319078,0.0,0.0,1.0,1.0,0.7935483870968092,5.0,0.0,0.13453947192241245,0.12029311790933139,334,2022-02-03 10:31:47,bull,-4.000000000000004,1,452.515,452.44,0,2022,False
PDL,0.3636363636364388,0.0,6.0,-1.0,-0.14285714285714285,0.45454545454544515,-11.0,0.0,-0.032537832567935965,0.2427934489913075,337,2022-02-03 11:02:10,bear,-26.0,1,451.96,452.27,0,2022,False
PDL,0.07142857142857142,0.0,6.0,1.0,0.3333333333333333,0.8214285714285376,12.0,1.0,0.06096196668513576,0.9579305169293173,340,2022-02-03 14:40:42,bear,10.999999999999988,1,448.72,447.74,1,2022,False
PDC,0.0,0.0,4.0,1.0,0.2,0.18978102189780294,4.0,10.0,0.12140546485061021,0.13439354910964596,350,2022-02-04 11:51:47,bull,-25.0,1,447.05,447.41,1,2022,False
PDC,0.5937500000000056,0.0,0.0,-1.0,-0.3333333333333333,0.15625000000003886,-6.0,6.0,-0.10688288475191321,0.15875145335837448,357,2022-02-08 11:03:58,bear,-35.999999999999986,1,447.95,449.65,0,2022,False
PDH,0.4800000000000182,0.0,0.0,1.0,0.5,0.026666666666642413,12.0,0.0,0.032895253680065295,0.29049139613269714,358,2022-02-08 11:44:05,bull,36.999999999999964,5,449.65,449.97,1,2022,False
PDH,0.023255813953599047,0.0,0.0,1.0,0.07692307692307693,0.9069767441860004,12.0,5.0,-0.04695504584757426,0.159659393294298,359,2022-02-08 13:35:33,bull,-22.00000000000002,1,450.24,449.87,0,2022,False
PDH,0.3565891472867718,0.0,3.0,0.0,0.0,0.19379844961240858,3.0,0.0,0.29652972139389,0.9073606869384188,360,2022-02-09 09:46:14,bull,-75.99999999999997,3,455.96,455.2,0,2022,False
PDH,0.31481481481480833,0.0,0.0,1.0,1.0,0.6851851851851917,2.0,0.0,0.06686772440418487,0.7391669986278826,362,2022-02-09 10:20:54,bear,-27.0,1,455.2,455.9,0,2022,False
PDL,0.33043478260869824,1.0,0.0,0.0,0.0,0.0,-4.0,2.0,-0.2120781586661069,0.2647298398045006,367,2022-02-17 10:02:13,bull,-21.0,3,440.79,440.85,1,2022,False
PDL,0.14666666666668485,0.0,0.0,0.0,0.0,0.839999999999994,-7.0,2.0,-0.022206748711062207,0.08145533532445404,368,2022-02-17 10:15:49,bull,-32.00000000000001,1,441.6,440.46,0,2022,False
PDL,0.0,1.0,6.0,-1.0,-0.25,-0.3333333333333333,-1.0,5.0,-0.015372524760526307,0.10860711376594612,370,2022-02-17 12:09:52,bear,-40.000000000000014,2,441.48,441.43,1,2022,False
PDL,0.18487394957984638,1.0,1.0,0.0,0.0,0.7983193277310463,1.0,1.0,0.024752423835527892,0.08592541673827503,373,2022-02-18 09:46:26,bear,-98.0,2,436.05,437.12,0,2022,False
PDC,0.10256410256410506,1.0,1.0,0.0,0.0,0.8974358974358949,1.0,3.0,-0.003979110308849343,0.03203807954597071,374,2022-02-18 09:54:43,bull,-49.00000000000004,10,437.12,438.38,1,2022,False
PDL,0.5267857142857406,0.0,5.0,1.0,0.5,-0.0982142857142975,7.0,5.0,0.046193763038115954,0.15122873345936316,376,2022-02-18 10:59:22,bear,37.0,1,435.765,433.93,1,2022,False
PDL,0.4533333333333758,0.0,6.0,1.0,1.0,0.4799999999999424,12.0,5.0,-0.026215107795835024,0.4617059059403128,378,2022-02-18 11:51:00,bear,62.000000000000014,3,434.41,433.815,1,2022,False
PDL,0.0,0.0,6.0,1.0,0.2,-1.0,12.0,5.0,0.03246708408608523,0.5980409004983755,379,2022-02-18 12:12:31,bear,34.999999999999986,1,433.815,432.9,1,2022,False
PDL,0.0,0.0,6.0,1.0,0.2,0.7714285714286132,12.0,10.0,-0.009022003447090032,0.7919049714034343,383,2022-02-22 13:40:01,bear,247.99999999999997,10,428.45,426.805,1,2022,False
PDC,0.020618556701012803,0.0,0.0,0.0,0.0,0.6391752577319829,6.0,0.0,0.11352184809603205,0.0675077983146366,386,2022-02-23 10:12:28,bear,220.00000000000003,1,429.87,429.11,1,2022,False
PDL,0.42857142857142855,0.0,6.0,-1.0,-0.2,0.0,-12.0,0.0,-0.005072020393126486,0.29114815684432305,387,2022-02-23 11:27:18,bull,39.99999999999999,10,427.14,428.09,1,2022,False
PDL,0.0,0.0,6.0,-1.0,-0.25,0.8636363636363737,-5.0,0.0,-0.191025775726561,1.4073142368939418,393,2022-02-24 10:32:00,bear,-68.00000000000001,2,415.44,415.67,0,2022,False
PDL,0.0,0.0,0.0,1.0,1.0,0.8619791666666453,12.0,0.0,0.12253227463714378,0.7629873982485824,395,2022-02-24 11:12:24,bull,-59.999999999999964,10,418.155,418.14,0,2022,False
PDL,0.0,0.0,0.0,1.0,0.07142857142857142,-0.9068322981366576,12.0,0.0,-0.05295711728131591,1.2222037639129435,397,2022-02-24 12:19:07,bull,245.00000000000003,1,416.22,426.23,1,2022,False
PDC,0.0,0.0,6.0,1.0,0.125,-0.6000000000000227,12.0,1.0,0.024544673026993813,0.5188958654187781,399,2022-02-24 15:10:00,bull,4.000000000000001,1,424.24,430.905,1,2022,False
PDH,0.0,0.0,6.0,1.0,0.5,0.9192546583850967,12.0,4.0,-0.0062492642533884535,1.8707284644631672,403,2022-02-25 12:02:56,bull,-40.0,1,436.73,436.42,0,2022,False
PDC,0.8952380952381318,0.0,0.0,0.0,0.0,0.04761904761900637,3.0,0.0,-0.25565609989233185,0.9573860390723166,404,2022-02-28 09:46:19,bull,-170.00000000000003,1,433.46,432.47,0,2022,False
PDC,0.4310344827586114,0.0,0.0,0.0,0.0,0.1508620689655238,4.0,0.0,-0.1477355560916993,0.9471038501085327,405,2022-02-28 09:53:46,bull,-21.0,1,433.505,431.97,0,2022,False
PDL,0.03333333333330302,0.0,6.0,-1.0,-1.0,-0.9533333333333379,-12.0,0.0,-0.054840043881776435,0.13466449965171545,407,2022-03-01 11:37:32,bull,-21.0,3,431.28,431.09,0,2022,False
PDH,0.0,0.0,0.0,0.0,0.0,0.8719512195121719,1.0,0.0,0.24880229977913837,0.7571771703076768,408,2022-03-02 09:49:54,bull,-19.000000000000018,1,433.84,434.1,1,2022,False
PDC,0.024390243902417043,0.0,0.0,1.0,0.5,0.6097560975609807,7.0,0.0,0.06505281614854752,0.1324836108636429,411,2022-03-03 10:21:47,bear,57.00000000000001,1,438.37,434.81,1,2022,False
PDL,0.4657534246575247,0.0,0.0,0.0,0.0,-0.3287671232877011,8.0,2.0,0.07631654306257118,0.08412197686646916,415,2022-03-07 10:13:20,bear,81.99999999999999,2,428.31,425.27,1,2022,False
PDL,0.09933774834435641,0.0,0.0,-1.0,-1.0,-0.9006622516556436,-12.0,4.0,-0.008736162077294107,0.8867858394672301,416,2022-03-07 12:04:00,bull,-80.0,10,424.155,422.25,0,2022,False
PDL,0.1925925925925826,1.0,6.0,-1.0,-1.0,-0.5592592592592465,-2.0,4.0,-0.19744963558051554,0.023844154605490164,420,2022-03-08 11:03:18,bear,72.0,1,419.29,416.72,1,2022,False
PDL,0.5789473684210815,0.0,6.0,-1.0,-0.1,-0.026315789473660593,5.0,7.0,0.086635999847684,0.8202389184291503,421,2022-03-08 11:48:47,bear,-59.00000000000001,1,415.95,417.93,0,2022,False
PDC,0.015624999999986122,1.0,2.0,1.0,1.0,0.6875000000000111,4.0,8.0,0.19401807258495607,0.2789234033423016,422,2022-03-08 12:11:21,bull,106.0,1,420.64,422.97,1,2022,False
PDC,0.004237288135589342,1.0,3.0,1.0,0.5,0.9915254237288214,5.0,8.0,0.29435204997350084,0.8343862493146004,423,2022-03-08 12:19:04,bull,-11.000000000000032,1,422.97,424.18,1,2022,False
PDC,0.0,0.0,0.0,-1.0,-0.16666666666666666,0.4962406015037202,-12.0,8.0,0.011526714113374581,1.3600495863828055,424,2022-03-08 13:02:30,bear,85.99999999999999,1,425.175,423.665,1,2022,False
PDH,0.31746031746030173,0.0,6.0,-1.0,-0.14285714285714285,0.6746031746031975,-9.0,0.0,0.05282235974248817,0.36165730337078816,429,2022-03-09 10:48:30,bear,-4.999999999999993,1,425.655,426.65,0,2022,False
PDH,0.23834196891192808,0.0,0.0,0.0,0.0,-0.13989637305698077,3.0,0.0,-0.15348490688253946,0.330663789969865,438,2022-03-11 09:49:42,bear,267.99999999999994,4,427.825,425.025,1,2022,False
PDC,0.26415094339618594,0.0,0.0,0.0,0.0,-0.5283018867924791,-3.0,2.0,-0.10932869037473258,0.33327778703551303,444,2022-03-14 09:58:00,bear,-115.0,5,421.47,421.02,1,2022,False
PDC,0.0694444444444576,0.0,6.0,1.0,0.14285714285714285,0.4444444444444181,12.0,2.0,0.026168223553058034,0.673697240936022,445,2022-03-14 10:40:26,bull,-100.0,1,422.9,423.61,1,2022,False
PDC,0.6842105263157054,0.0,0.0,-1.0,-0.16666666666666666,-0.1929824561403579,-12.0,2.0,0.051601309312543364,0.7367819649106266,446,2022-03-14 11:20:26,bear,500.0,1,423.165,421.7,1,2022,False
PDC,0.10256410256410506,0.0,0.0,1.0,0.5,0.6666666666666828,2.0,2.0,0.11325047989049208,0.16901944913942923,447,2022-03-14 11:46:09,bear,90.00000000000001,1,420.78,419.69,1,2022,False
PDL,0.14516129032255254,0.0,0.0,1.0,0.1,-0.18548387096777225,10.0,6.0,0.005955347998332083,0.04767012275055382,448,2022-03-14 12:25:53,bear,-3.9999999999999982,1,419.75,419.86,0,2022,False
PDC,0.11650485436893311,0.0,6.0,0.0,0.0,0.6504854368932007,1.0,0.0,-0.034588574180105525,0.7483091092243432,449,2022-03-15 10:21:39,bull,20.000000000000018,1,420.06,420.96,1,2022,False
PDH,0.6702127659574031,0.0,0.0,0.0,0.0,-0.12765957446808254,-4.0,0.0,-0.2558351068137732,1.2826970609251864,455,2022-03-16 09:54:59,bear,-71.99999999999997,6,432.31,430.89,1,2022,False
PDH,0.03278688524587414,0.0,6.0,1.0,0.25,0.7213114754098834,5.0,0.0,0.00030344327623943457,1.6645776471001739,457,2022-03-16 10:35:43,bull,-105.0,1,433.94,433.685,0,2022,False
PDH,0.0,0.0,0.0,-1.0,-0.2,0.3315217391304365,-6.0,0.0,0.03704544400033871,1.604835592207765,458,2022-03-16 10:43:18,bear,-155.00000000000003,1,433.685,433.29,1,2022,False
PDH,0.2168674698795156,0.0,0.0,0.0,0.0,0.6746987951806923,-9.0,2.0,-0.024860259465886436,0.11706107833910906,461,2022-03-17 10:17:08,bear,-39.99999999999999,1,436.18,435.98,1,2022,False
PDH,0.1212121212120925,0.0,6.0,0.0,0.0,0.8030303030303174,11.0,2.0,-0.041776007328109266,0.21575963458579928,462,2022-03-17 10:28:31,bull,-170.00000000000003,2,436.61,435.45,0,2022,False
PDH,0.054794520547971876,0.0,4.0,1.0,0.2,-0.9178082191780033,3.0,6.0,0.14261469514120773,0.20428305827806525,463,2022-03-17 11:03:42,bear,-140.0,1,434.78,435.78,0,2022,False
PDH,0.29487179487175563,0.0,0.0,0.0,0.0,-0.7051282051282444,9.0,0.0,0.05258996550988604,0.3332955447228225,465,2022-03-18 10:22:52,bull,9.999999999999986,2,439.58,439.7,1,2022,False
PDH,0.39285714285719,0.0,0.0,1.0,1.0,0.31250000000001904,12.0,0.0,0.05198003009050378,0.18705362203831344,468,2022-03-18 11:13:42,bull,-20.0,1,440.225,439.76,0,2022,False
PDC,0.3582089552238857,1.0,3.0,0.0,0.0,0.6417910447761144,4.0,3.0,0.13530273427078132,0.1732868234499918,471,2022-03-21 10:05:22,bear,-295.0,2,443.58,444.44,0,2022,False
PDC,0.024390243902553996,1.0,1.0,-1.0,-0.16666666666666666,0.975609756097446,-12.0,4.0,0.05352360656570854,0.020254304039601934,473,2022-03-21 10:57:56,bull,-64.99999999999999,1,444.44,444.75,1,2022,False
PDH,0.4000000000000413,0.0,0.0,-1.0,-0.08333333333333333,0.4363636363636439,-12.0,2.0,0.05215865143894938,0.5174035747883332,474,2022-03-22 11:02:17,bear,-100.0,2,448.77,448.99,0,2022,False
PDH,0.35000000000002274,0.0,6.0,1.0,0.07142857142857142,0.57000000000005,12.0,2.0,-0.06415973396949326,0.5666801057205628,475,2022-03-22 11:12:33,bull,-44.000000000000014,4,448.99,449.34,1,2022,False
PDL,0.22047244094486357,1.0,1.0,0.0,0.0,0.7165354330708513,-5.0,1.0,-0.10483382294255161,0.07624344082162171,477,2022-03-23 09:58:37,bull,-55.00000000000001,1,446.28,447.12,1,2022,False
PDL,0.7619047619047516,0.0,6.0,1.0,0.2,-0.21904761904764586,12.0,4.0,0.006434201554661456,0.4058841996681162,478,2022-03-23 11:45:07,bull,-60.00000000000001,5,447.75,447.91,1,2022,False
PDL,0.057142857142801456,0.0,6.0,-1.0,-0.25,-0.6999999999999675,2.0,4.0,-0.02955049331102577,0.2690944970175302,479,2022-03-23 12:27:26,bull,-40.0,1,447.14,447.1,0,2022,False
PDC,0.2236842105264142,0.0,6.0,1.0,0.16666666666666666,-0.5,7.0,4.0,0.07108363987962107,0.22645530837885897,486,2022-03-25 11:44:19,bear,-34.0,2,449.4,450.34,0,2022,False
PDH,0.0,0.0,6.0,0.0,0.0,-0.4384615384615923,-1.0,7.0,0.034397637475880316,0.03311550688801512,489,2022-03-28 10:34:16,bear,-3.0,1,452.81,452.69,1,2022,False
PDH,0.010309278350505798,0.0,6.0,0.0,0.0,0.32989690721653714,-9.0,0.0,-0.14344724164594425,0.3970430166494898,490,2022-03-29 10:23:17,bull,30.000000000000004,1,457.68,458.63,1,2022,False
PDH,0.3968253968253997,0.0,6.0,0.0,0.0,-0.14285714285710419,-12.0,0.0,-0.043123826232771556,0.6032421523679998,491,2022-03-29 10:35:59,bull,-50.0,1,458.62,458.53,0,2022,False
PDC,0.3088235294117315,0.0,0.0,0.0,0.0,0.5147058823529694,3.0,0.0,-0.006498115109909719,0.15381615719577413,493,2022-03-30 10:02:14,bull,-80.0,1,460.88,459.82,0,2022,False
PDC,0.031249999999972244,0.0,6.0,0.0,0.0,-0.9609375000000347,-1.0,0.0,-0.016200193174731314,0.13736563242701116,497,2022-03-31 10:01:35,bear,-29.999999999999982,5,458.0,456.67,1,2022,False
PDL,0.5319148936170547,0.0,0.0,0.0,0.0,-0.021276595744662837,4.0,1.0,0.009471942063332683,0.15992288649855357,498,2022-03-31 10:23:11,bear,-25.0,10,457.2,457.125,1,2022,False
PDL,0.06521739130440693,0.0,6.0,1.0,0.5,-0.7173913043477348,2.0,2.0,0.036367498106415486,0.23440751856638187,499,2022-03-31 10:44:39,bull,63.99999999999997,4,457.54,458.34,1,2022,False
PDC,0.0,0.0,0.0,1.0,0.25,0.9508196721311002,4.0,0.0,0.05248831412971722,0.06323179905370901,501,2022-03-31 10:54:58,bull,10.000000000000009,2,458.34,458.6,1,2022,False
PDC,0.3243243243243326,0.0,6.0,-1.0,-0.1111111111111111,0.2297297297296716,-9.0,2.0,-0.00016802243731905975,0.12319298781152677,502,2022-03-31 11:17:52,bear,-60.00000000000001,1,458.065,457.58,1,2022,False
PDC,0.5256410256410032,0.0,0.0,1.0,0.07142857142857142,0.2179487179486731,1.0,2.0,-0.03529809901818837,0.22894272071168897,503,2022-03-31 11:42:08,bull,-7.000000000000001,1,457.58,457.88,1,2022,False
PDC,0.19108280254774948,0.0,0.0,0.0,0.0,-0.8089171974522505,-1.0,4.0,-0.04124914942289504,0.1837096060203658,505,2022-04-01 10:19:59,bear,119.99999999999996,1,452.63,451.67,1,2022,False
PDL,0.0,1.0,3.0,1.0,0.3333333333333333,-1.0,4.0,5.0,0.006834793362642255,0.0155007861112888,506,2022-04-01 10:39:41,bear,-190.0,2,451.52,452.18,0,2022,False
PDL,0.0,1.0,2.0,1.0,0.0625,0.7377049180328449,3.0,10.0,0.026385127918326923,0.15279346309705621,509,2022-04-01 11:40:11,bear,-40.0,1,450.9,450.18,1,2022,False
PDL,0.3750000000001184,0.0,0.0,1.0,0.25,-0.5833333333332544,-12.0,10.0,0.043095283717553556,0.2856573440510157,510,2022-04-01 13:58:58,bull,59.99999999999999,1,450.3,451.29,1,2022,False
PDH,0.8245614035088297,0.0,6.0,0.0,0.0,-0.17543859649117033,8.0,3.0,-0.01375502232288106,0.12129766446860035,512,2022-04-04 10:21:39,bull,20.0,2,453.98,454.795,1,2022,False
PDH,0.0,0.0,6.0,1.0,1.0,0.9137931034481643,12.0,4.0,-0.02648572635999269,0.35176322695895657,513,2022-04-04 11:06:50,bull,-80.00000000000003,1,455.025,455.57,1,2022,False
PDH,0.5161290322580527,0.0,6.0,-1.0,-0.1,-0.4838709677419473,12.0,4.0,0.0014778188814679183,0.3771254658933021,516,2022-04-04 13:28:50,bull,100.0,1,455.14,455.63,1,2022,False
PDH,0.5161290322580527,0.0,6.0,-1.0,-0.1,-0.4838709677419473,12.0,4.0,0.0014778188814679183,0.3771254658933021,517,2022-04-04 13:29:29,bull,16.000000000000004,2,455.14,455.75,1,2022,False
PDC,0.08955223880604866,0.0,6.0,-1.0,-0.3333333333333333,0.8059701492535896,11.0,7.0,-0.0715201896435369,0.36127958660856496,523,2022-04-05 11:04:28,bear,120.0,1,455.06,453.85,1,2022,False
PDL,0.6530612244897699,0.0,6.0,-1.0,-0.3333333333333333,0.2448979591836782,-12.0,0.0,-0.023995446277580434,0.29405912136017953,525,2022-04-05 12:05:59,bull,-105.00000000000004,1,453.62,453.1,0,2022,False
PDL,0.24999999999978684,0.0,0.0,1.0,0.25,0.6250000000000355,-12.0,0.0,0.005874517777071375,1.041342520560129,534,2022-04-06 13:15:57,bull,220.00000000000003,1,445.215,446.69,1,2022,False
PDL,0.20312499999997918,0.0,0.0,1.0,0.16666666666666666,0.5468749999999987,5.0,0.0,0.06066879674857528,0.7134918870860152,536,2022-04-06 13:48:26,bull,-18.0,2,446.69,446.195,0,2022,False
PDL,0.18999999999994088,0.0,0.0,1.0,0.1111111111111111,-0.7899999999999636,8.0,0.0,0.010716305017188787,0.8235163369637699,537,2022-04-06 14:01:15,bull,-1.9999999999999991,1,446.195,447.34,1,2022,False
PDC,0.7812500000000167,0.0,6.0,1.0,0.25,0.09375000000009437,12.0,10.0,0.028936901093767897,0.33360200608991697,540,2022-04-07 11:02:16,bear,70.00000000000001,1,445.15,445.01,1,2022,False
PDL,0.9090909090908903,0.0,0.0,1.0,0.2,-0.07272727272720508,12.0,0.0,-0.005367441037118503,0.2074548447470903,541,2022-04-07 11:50:13,bear,-150.0,2,444.39,444.66,0,2022,False
PDL,0.3859649122806545,0.0,6.0,-1.0,-0.2,-0.05263157894742091,-12.0,0.0,0.042748567295147755,0.2931427154035049,542,2022-04-07 12:15:16,bull,330.0,1,444.77,447.65,1,2022,False
PDC,0.045112781954848656,0.0,6.0,0.0,0.0,-0.015037593984949553,2.0,0.0,-0.02178751989801997,0.42566468320295314,545,2022-04-08 10:21:25,bear,-105.0,2,446.8,447.4,0,2022,False
PDC,0.0,1.0,1.0,1.0,1.0,0.988304093567262,7.0,0.0,0.058304939149311785,0.051258050856906046,547,2022-04-08 10:56:21,bull,270.0,1,448.94,449.68,1,2022,False
PDC,0.0,0.0,6.0,1.0,0.07692307692307693,0.11111111111113918,12.0,3.0,-0.022161582759827603,0.1470883198502415,548,2022-04-08 11:58:01,bull,0.0,3,449.37,449.94,1,2022,False
PDC,0.6491228070174949,0.0,0.0,1.0,0.3333333333333333,-0.2807017543858844,-12.0,3.0,0.049603087348071284,0.16045998529117256,549,2022-04-08 13:29:26,bear,79.99999999999999,1,449.43,449.035,1,2022,False
PDH,0.4565217391304106,0.0,6.0,0.0,0.0,-0.021739130434763804,4.0,4.0,0.09959600746640707,0.4539325842696562,554,2022-04-12 10:48:35,bear,-70.00000000000001,2,442.98,443.36,0,2022,False
PDH,0.22988505747131543,0.0,6.0,0.0,0.0,0.7241379310344738,2.0,4.0,0.023307802429117785,0.3775280898876465,557,2022-04-12 12:08:27,bear,123.99999999999996,3,443.32,439.85,1,2022,False
PDL,0.0,0.0,0.0,1.0,0.25,0.6309523809523245,12.0,0.0,0.07840349701682126,0.03072301495186114,558,2022-04-12 14:02:25,bear,-23.0,1,439.545,439.95,0,2022,False
PDC,0.06666666666666306,0.0,0.0,0.0,0.0,0.9142857142857344,1.0,1.0,-0.04132783944519325,0.16199689696085873,561,2022-04-13 10:02:18,bear,-390.0,1,438.99,439.85,0,2022,False
PDC,0.7837837837839831,0.0,0.0,-1.0,-0.16666666666666666,-0.05405405405400423,-10.0,3.0,-0.04021669700515762,0.7381126220680878,562,2022-04-13 11:34:40,bear,10.000000000000009,2,441.515,441.47,1,2022,False
PDC,0.522388059701514,0.0,6.0,1.0,0.3333333333333333,-0.17910447761194284,9.0,1.0,0.0999555757024373,0.509778269009542,567,2022-04-14 10:24:09,bear,10.000000000000009,1,441.07,440.74,1,2022,False
PDL,0.04807692307688103,0.0,6.0,-1.0,-0.125,0.951923076923119,-12.0,0.0,0.0034055033249602573,0.4932520380900085,570,2022-04-14 13:00:15,bull,59.99999999999999,1,440.07,441.19,1,2022,False
PDC,0.2708333333333136,0.0,6.0,0.0,0.0,-0.375,7.0,7.0,0.048885126677955526,0.2740038817216517,573,2022-04-18 10:45:24,bull,-29.999999999999996,2,439.15,438.52,0,2022,False
PDH,0.6483516483516251,0.0,6.0,1.0,0.125,0.351648351648375,12.0,3.0,-0.057629497801259255,0.7970981533703236,578,2022-04-19 11:08:27,bull,35.00000000000001,1,443.225,443.87,1,2022,False
PDH,0.2549019607843924,0.0,6.0,-1.0,-0.2,0.7450980392156076,12.0,3.0,-0.0004807785395799513,0.825525334303645,579,2022-04-19 13:52:50,bull,-125.00000000000004,1,443.35,443.31,0,2022,False
PDH,0.0,0.0,0.0,1.0,1.0,1.0,1.0,3.0,0.03567123369634384,0.6549622487037166,580,2022-04-19 14:22:56,bear,-79.99999999999999,1,442.6,442.84,0,2022,False
PDH,0.46987951807224954,0.0,6.0,1.0,0.25,0.3734939759036673,12.0,3.0,0.08347170243325763,1.265578095151465,581,2022-04-19 15:25:05,bull,-7.000000000000006,1,445.285,445.47,1,2022,False
PDH,0.0,1.0,1.0,0.0,0.0,0.9572649572649481,3.0,0.0,-0.06577376679557378,0.011216043428519118,582,2022-04-20 09:48:36,bear,-330.0,3,445.74,446.2,0,2022,False
PDH,0.19166666666667456,0.0,5.0,0.0,0.0,0.674999999999929,6.0,5.0,0.04326336906756989,0.27815787702729633,584,2022-04-20 10:56:33,bull,-36.00000000000001,4,447.03,446.9,0,2022,False
PDH,0.6013986013985841,0.0,0.0,0.0,0.0,0.39860139860141586,3.0,0.0,0.09395613148162063,0.13182590043792075,590,2022-04-21 10:20:47,bear,190.0,1,448.15,445.98,1,2022,False
PDL,0.1397849462365447,0.0,6.0,1.0,0.16666666666666666,-0.7311827956989432,12.0,4.0,0.01633775173207619,0.24238734625313674,591,2022-04-21 13:17:54,bear,-44.000000000000014,1,442.43,441.52,1,2022,False
PDL,0.0,0.0,6.0,1.0,1.0,0.7222222222222924,12.0,5.0,-0.010502994882821692,0.39120190302252,593,2022-04-21 14:01:09,bear,13.99999999999999,1,441.77,440.6,1,2022,False
PDL,0.035714285714253814,0.0,6.0,1.0,0.5,0.7071428571428752,3.0,1.0,0.020540347849995477,0.8933269279161715,595,2022-04-22 10:26:07,bear,354.9999999999999,3,433.225,430.54,1,2022,False
PDL,0.07547169811314279,0.0,6.0,1.0,1.0,0.8301886792452142,12.0,1.0,0.0007178376451921764,1.7363255782032794,597,2022-04-22 13:40:06,bear,15.999999999999998,1,429.54,428.505,1,2022,False
PDL,0.5537190082644593,0.0,6.0,0.0,0.0,0.16528925619833273,7.0,0.0,-0.011523408707525551,1.0811827198796475,602,2022-04-25 10:16:09,bear,-135.0,1,420.86,422.26,0,2022,False
PDL,0.07920792079200788,0.0,0.0,0.0,0.0,0.5346534653465035,2.0,0.0,0.18148776592739058,0.6299064541907651,603,2022-04-25 10:31:59,bull,-144.99999999999997,1,422.78,423.14,1,2022,False
PDL,0.0,0.0,0.0,1.0,1.0,0.9108280254777154,3.0,0.0,0.23889026383736578,0.3337564048324082,604,2022-04-25 10:37:37,bull,-110.0,2,424.04,422.37,0,2022,False
PDL,0.46583850931678267,0.0,6.0,-1.0,-0.1111111111111111,-0.29192546583849877,5.0,0.0,0.00900777480632442,1.0271235838856807,605,2022-04-25 11:15:33,bear,-19.000000000000007,1,421.09,421.27,0,2022,False
PDC,0.7403846153845833,0.0,4.0,0.0,0.0,-0.07692307692306011,4.0,0.0,0.23091307077951484,0.9940265073735244,608,2022-04-26 09:50:55,bear,29.999999999999982,2,424.3,422.19,1,2022,False
PDL,0.08433734939757799,0.0,0.0,0.0,0.0,-0.915662650602422,8.0,0.0,0.02413727696064516,0.6589628497755795,609,2022-04-26 10:53:50,bear,100.0,1,421.6,420.49,1,2022,False
PDL,0.5555555555555468,0.0,6.0,1.0,0.3333333333333333,-0.2777777777777734,-12.0,2.0,0.07074709653519529,0.35574443701651415,610,2022-04-26 14:36:08,bull,-100.00000000000004,1,420.33,420.61,1,2022,False
PDL,0.051948051948005926,0.0,6.0,1.0,0.14285714285714285,0.9350649350649926,-12.0,2.0,-0.026534023846669363,0.3366440645592661,611,2022-04-26 14:56:02,bull,-60.0,1,420.25,420.29,1,2022,False
PDL,0.0,0.0,0.0,-1.0,-1.0,-0.23529411764703634,-12.0,4.0,-0.024459131507714726,0.4154331009454615,612,2022-04-26 15:55:36,bull,-70.00000000000001,1,417.1,416.09,0,2022,False
PDH,0.27192982456140874,0.0,4.0,0.0,0.0,-0.5614035087719246,-4.0,0.0,-0.2383649630583129,1.0986173384351816,613,2022-04-27 09:50:25,bear,170.00000000000003,1,421.31,419.47,1,2022,False
PDC,0.05932203389829896,0.0,0.0,0.0,0.0,0.9406779661017011,1.0,4.0,-0.11992541352262576,0.48787521930351296,614,2022-04-27 10:59:11,bear,-165.0,1,418.12,419.46,0,2022,False
PDC,0.6374999999999795,0.0,0.0,-1.0,-0.1,0.23749999999999377,-12.0,4.0,0.001900882889871447,0.8940373476892027,615,2022-04-27 12:24:52,bear,-44.99999999999999,1,419.81,421.6,0,2022,False
PDH,0.08000000000000303,0.0,0.0,1.0,0.16666666666666666,-0.9199999999999969,12.0,0.0,0.021770880465665776,0.9624639076034724,616,2022-04-27 12:51:47,bull,-150.0,1,421.89,420.76,0,2022,False
PDC,0.02325581395353295,0.0,0.0,-1.0,-0.16666666666666666,0.8372093023255337,-12.0,4.0,0.0445244240093956,1.0887067701699227,617,2022-04-27 14:23:07,bear,-170.00000000000003,1,420.62,421.15,0,2022,False
PDH,0.2588235294117899,0.0,6.0,1.0,0.25,-0.6235294117646571,-12.0,0.0,0.01331944933493645,1.1361769055611703,618,2022-04-27 14:48:45,bear,240.0,1,421.15,419.66,1,2022,False
PDH,0.2015503875968801,0.0,6.0,0.0,0.0,0.5271317829457542,6.0,1.0,-0.06595729061837918,0.6147734796179027,619,2022-04-28 10:02:30,bear,-284.99999999999994,2,420.32,419.78,1,2022,False
PDH,0.5576923076922572,0.0,6.0,-1.0,-0.125,0.40384615384623795,-9.0,1.0,0.029452386652528695,0.6691572874302554,620,2022-04-28 11:45:23,bear,-189.99999999999997,1,420.09,421.32,0,2022,False
PDH,0.391061452513975,0.0,6.0,1.0,1.0,0.4525139664803969,12.0,2.0,0.03732730193022338,0.7932942400453946,622,2022-04-28 13:12:36,bull,-40.000000000000014,1,426.275,427.1,1,2022,False
PDL,0.25396825396826544,0.0,0.0,1.0,0.08333333333333333,-0.0317460317460031,12.0,0.0,-0.04873115584549392,0.6537356321838939,629,2022-04-29 11:19:34,bear,-29.000000000000004,2,420.33,420.51,0,2022,False
PDL,0.3956521739130375,0.0,0.0,-1.0,-1.0,-0.5217391304348127,12.0,0.0,-0.11181501671982952,0.9027777777777635,630,2022-04-29 11:36:17,bear,-100.0,1,421.37,421.59,0,2022,False
PDL,0.031249999999972244,0.0,6.0,1.0,0.1111111111111111,0.9687500000000278,12.0,9.0,0.04738987579391285,0.5459770114942586,632,2022-04-29 14:51:05,bear,14.000000000000002,1,415.32,415.52,0,2022,False
PDC,0.350253807106593,1.0,2.0,1.0,1.0,0.6192893401015281,2.0,8.0,0.0893173280642312,0.36901264839406256,635,2022-05-02 10:25:28,bull,660.0,2,413.43,415.22,1,2022,False
PDH,0.1041666666666864,0.0,0.0,0.0,0.0,-0.8958333333333136,-3.0,0.0,-0.0026082760778756153,0.02885517108712765,636,2022-05-03 10:08:36,bear,120.00000000000011,2,415.99,414.32,1,2022,False
PDC,0.040178571428585476,1.0,1.0,1.0,0.2,0.6919642857142626,-3.0,10.0,-0.12662228007762621,0.06994693680655306,637,2022-05-03 10:57:31,bull,105.0,1,414.89,416.28,1,2022,False
PDC,0.12857142857147613,1.0,2.0,0.0,0.0,0.642857142857137,3.0,5.0,0.04919146675865793,0.18014555761054485,640,2022-05-04 10:06:48,bear,-29.999999999999982,2,415.58,414.3,1,2022,False
PDL,0.057971014492705863,0.0,6.0,-1.0,-0.3333333333333333,0.46376811594214123,-12.0,0.0,0.004269878331775168,0.24674036624012796,641,2022-05-04 11:48:47,bull,250.0,1,414.41,417.6,1,2022,False
PDH,0.01102941176469574,0.0,6.0,1.0,0.09090909090909091,0.9374999999999739,12.0,6.0,0.1093203724584546,2.2343168146662817,642,2022-05-04 15:38:46,bull,-152.0,2,428.28,422.71,0,2022,False
PDC,0.6944444444444181,0.0,5.0,0.0,0.0,0.12499999999996053,5.0,0.0,0.37050751625409273,1.6710170597557417,644,2022-05-05 09:57:58,bear,179.99999999999997,1,421.91,420.22,1,2022,False
PDL,0.0,0.0,0.0,0.0,0.0,-0.8901098901099237,12.0,0.0,0.029594775847074928,0.7360050275548646,645,2022-05-05 11:01:30,bear,440.00000000000006,2,416.765,415.74,1,2022,False
PDL,0.3586956521739117,0.0,6.0,1.0,0.08333333333333333,-0.4456521739130287,12.0,5.0,-0.012535421030068772,1.08692973159491,651,2022-05-09 11:07:01,bear,160.00000000000014,3,401.32,400.125,1,2022,False
PDC,0.044117647058812055,1.0,3.0,1.0,0.1111111111111111,-0.8333333333333426,12.0,3.0,0.12903901044121202,0.035152915181035915,655,2022-05-10 11:22:18,bear,189.99999999999983,2,398.12,396.77,1,2022,False
PDL,0.5864661654135204,1.0,3.0,-1.0,-0.09090909090909091,0.33834586466169236,-12.0,2.0,-0.009574174090209997,0.17905780288511863,656,2022-05-10 11:30:28,bull,44.99999999999999,1,397.23,398.57,1,2022,False
PDL,0.22395833333333504,1.0,4.0,1.0,1.0,0.510416666666672,12.0,10.0,0.030167485569287944,0.30011096539896975,657,2022-05-10 12:37:40,bear,-305.0,3,395.33,399.46,0,2022,False
PDC,0.008474576271178685,1.0,3.0,1.0,0.3333333333333333,0.9025423728813488,1.0,10.0,0.22533111615126167,0.5812785617435923,659,2022-05-10 13:44:07,bull,100.0,2,400.575,402.41,1,2022,False
PDC,0.07397959183673962,1.0,1.0,0.0,0.0,0.8979591836734611,1.0,1.0,-0.017020699450309706,0.34328956600180316,662,2022-05-11 09:48:51,bull,-79.99999999999999,1,400.45,402.32,1,2022,False
PDC,0.5611510791366945,0.0,0.0,0.0,0.0,-0.01438848920861956,-3.0,2.0,-0.2970158141487045,0.8269018743109147,663,2022-05-11 09:55:44,bear,-320.0000000000001,2,402.38,401.65,1,2022,False
PDH,0.23557692307692926,0.0,0.0,0.0,0.0,0.5697115384615166,3.0,0.0,0.06156696174923759,0.7806439697100376,664,2022-05-11 10:25:20,bull,-149.99999999999994,1,402.905,402.85,0,2022,False
PDL,0.5958188153310142,0.0,4.0,0.0,0.0,-0.19512195121951653,-2.0,0.0,0.12384023284314205,0.6173626878236749,667,2022-05-12 09:50:45,bear,-1380.0,6,389.57,394.64,0,2022,False
PDC,0.05454545454547271,0.0,0.0,-1.0,-0.25,0.9454545454545273,-12.0,5.0,-0.13932218226930804,0.34630270930942064,669,2022-05-12 11:16:15,bear,390.0,1,394.08,390.37,1,2022,False
PDH,0.18811881188118756,1.0,4.0,0.0,0.0,-0.5544554455445617,3.0,1.0,0.29861760124405556,0.33608773658806435,672,2022-05-13 09:51:37,bull,200.0,2,397.06,398.6,1,2022,False
PDH,0.7285714285714274,0.0,6.0,0.0,0.0,0.057142857142887304,9.0,1.0,-0.034993151433848624,1.028479013468786,673,2022-05-13 10:23:25,bull,-250.0,1,399.8,399.97,1,2022,False
PDH,0.0,0.0,0.0,0.0,0.0,1.0,3.0,0.0,-0.23994723780853544,0.23270782789523992,676,2022-05-17 09:51:32,bear,50.0,1,404.88,404.63,1,2022,False
PDH,0.4799999999999424,0.0,6.0,0.0,0.0,-0.5200000000000576,-1.0,0.0,-0.02015241379866861,0.36143981779470646,677,2022-05-17 10:28:37,bull,-65.00000000000003,1,405.4,404.18,0,2022,False
PDH,0.7254901960784532,0.0,0.0,1.0,0.5,-0.17647058823524822,3.0,0.0,0.10140602994752612,0.09902460761499476,678,2022-05-17 10:36:07,bear,-25.0,1,404.34,404.37,0,2022,False
PDH,0.24528301886800952,1.0,2.0,1.0,0.25,0.5660377358489392,5.0,1.0,0.1404870140840897,0.17576867851660793,679,2022-05-17 10:49:24,bear,-259.99999999999994,3,403.23,404.37,0,2022,False
PDH,0.3846153846153717,1.0,4.0,0.0,0.0,-0.36094674556213874,-2.0,0.0,-0.16208441555012332,0.002539618041441649,680,2022-05-23 09:53:45,bear,230.0,2,393.75,391.09,1,2022,False
PDH,0.3450704225352138,0.0,6.0,1.0,0.3333333333333333,-0.5633802816901425,4.0,2.0,0.18576755419910107,0.4342746850873547,681,2022-05-23 10:17:03,bear,-95.0,1,392.05,393.02,0,2022,False
PDH,0.10869565217392917,0.0,6.0,1.0,0.3333333333333333,0.8043478260869028,12.0,10.0,0.06408443983990653,0.7288703778951744,682,2022-05-23 14:01:58,bull,5.000000000000004,1,396.63,397.16,1,2022,False
PDL,0.5701754385964781,0.0,0.0,0.0,0.0,0.2543859649123017,4.0,0.0,0.2243353122242553,0.2715163934426279,684,2022-05-24 09:52:41,bear,180.00000000000006,2,391.46,390.75,1,2022,False
PDL,0.17721518987346782,0.0,0.0,0.0,0.0,0.7468354430379237,6.0,0.0,0.10757285962595953,0.08965163934426812,685,2022-05-24 10:01:51,bear,120.0,1,390.75,388.435,1,2022,False
PDH,0.4072398190045184,0.0,0.0,-1.0,-1.0,-0.42081447963801605,-1.0,10.0,-0.019450676780730092,0.08857395925598865,691,2022-05-25 14:09:20,bear,-59.99999999999999,1,395.5,394.0,1,2022,False
PDC,0.4220183486238542,0.0,0.0,1.0,0.5,-0.4648318042813426,-1.0,10.0,-0.00019539743085772443,0.010151253679835381,692,2022-05-25 14:11:22,bull,79.99999999999999,1,394.0,394.65,1,2022,False
PDH,0.0,0.0,5.0,0.0,0.0,0.8202247191011566,5.0,1.0,0.1486755338551582,0.7460631399744733,696,2022-05-26 09:56:16,bull,-89.99999999999994,3,402.41,403.315,1,2022,False
PDH,0.31067961165054225,0.0,6.0,0.0,0.0,-0.05825242718441458,7.0,1.0,0.09289947602937332,0.7936309240667905,697,2022-05-26 10:07:37,bull,230.0,2,402.6,404.67,1,2022,False
PDH,0.264957264957299,0.0,6.0,1.0,0.125,-0.05128205128200145,12.0,1.0,-0.07954412655746257,1.547204766792687,698,2022-05-26 13:34:35,bull,-130.0,1,405.61,405.92,1,2022,False
PDH,0.018518518518502145,0.0,4.0,0.0,0.0,0.855555555555557,4.0,0.0,0.22547540565314161,0.8598874775815002,701,2022-05-27 09:52:05,bull,50.0,1,410.53,411.005,1,2022,False
PDH,0.8110236220472511,0.0,0.0,0.0,0.0,0.007874015748023742,-6.0,0.0,-0.16627587931277166,0.9802717244429271,702,2022-05-27 10:01:21,bear,-39.99999999999999,1,411.02,411.25,0,2022,False
PDH,0.18867924528296423,0.0,6.0,0.0,0.0,0.4905660377359644,9.0,0.0,0.039516110215020994,1.1080264353978908,704,2022-05-27 10:16:10,bull,-135.0,2,411.54,411.47,0,2022,False
PDH,0.0,0.0,6.0,1.0,0.1,0.8539325842696658,12.0,0.0,-0.054859769282833426,1.3070289659238954,705,2022-05-27 12:33:46,bull,264.99999999999994,2,412.35,413.44,1,2022,False
PDL,0.0,0.0,0.0,0.0,0.0,0.7321428571428988,3.0,0.0,0.27949659641441915,0.6449714299727738,708,2022-05-31 09:49:25,bear,-180.00000000000006,3,410.4,411.8,0,2022,False
PDH,0.07246376811595874,0.0,6.0,1.0,0.3333333333333333,-0.8550724637681649,-1.0,0.0,-0.03349451417488103,0.8547008547008628,709,2022-05-31 10:24:32,bear,10.000000000000009,1,411.8,412.27,0,2022,False
PDH,0.3099415204678343,0.0,6.0,-1.0,-0.5,0.6900584795321657,-3.0,0.0,-0.10471688501629828,0.8859997592391977,710,2022-05-31 10:30:30,bear,-130.0,1,411.67,412.12,0,2022,False
PDC,0.24324324324323632,0.0,4.0,0.0,0.0,-0.6666666666667008,-4.0,0.0,0.027476863178532707,0.3269081751259284,711,2022-06-01 09:52:18,bull,-155.0,1,414.31,414.96,1,2022,False
PDH,0.17499999999998045,0.0,6.0,0.0,0.0,0.35000000000003195,6.0,0.0,-0.02857268464686591,0.3577860487453455,712,2022-06-01 10:01:11,bear,270.0,1,414.96,414.24,1,2022,False
PDC,0.2990654205607432,1.0,2.0,1.0,0.5,0.5514018691589118,9.0,1.0,0.14417976908497332,0.2252034095311939,713,2022-06-01 10:16:22,bear,80.00000000000007,2,412.03,410.75,1,2022,False
PDL,0.018518518518501947,0.0,6.0,-1.0,-0.3333333333333333,-0.981481481481498,-10.0,0.0,-0.2107519360864174,0.17559690754336277,714,2022-06-01 10:20:35,bull,-60.00000000000001,3,410.75,410.79,1,2022,False
PDL,0.8913043478260574,0.0,0.0,1.0,0.25,-0.1086956521739426,11.0,0.0,0.20137111111877548,0.18535229129577058,715,2022-06-01 10:28:07,bear,200.0,1,410.79,409.69,1,2022,False
PDL,0.04705882352943458,0.0,6.0,-1.0,-0.2,-0.5999999999999732,-12.0,0.0,-0.1869539815631982,0.06828768626685466,716,2022-06-01 10:31:52,bull,-80.0,1,410.31,409.69,0,2022,False
PDL,0.0,0.0,0.0,-1.0,-0.5,-0.13008130081299235,-12.0,8.0,-0.02914912275432391,0.6072726385874083,717,2022-06-01 11:51:33,bull,-6.0,1,407.54,407.67,1,2022,False
PDC,0.01724137931032962,0.0,0.0,0.0,0.0,-0.9482758620690112,-1.0,1.0,-0.06945540229272851,0.2856375576768211,719,2022-06-02 09:55:32,bull,379.9999999999999,2,408.44,408.31,0,2022,False
PDC,0.0,1.0,1.0,0.0,0.0,0.9267241379310274,1.0,1.0,0.0608247641972981,0.18798369180439423,720,2022-06-02 10:18:47,bull,390.0,4,410.38,410.94,1,2022,False
PDC,0.34210526315788686,0.0,6.0,1.0,0.14285714285714285,0.5789473684209818,12.0,6.0,-0.02086328046282393,0.742169380630342,721,2022-06-02 12:17:19,bull,165.0,2,412.65,414.55,1,2022,False
PDC,0.0,0.0,0.0,0.0,0.0,0.8571428571428654,1.0,0.0,-0.07727461979882833,1.0158851858063644,723,2022-06-03 10:02:48,bull,-270.0,1,413.13,413.19,1,2022,False
PDL,0.11250000000004619,0.0,6.0,-1.0,-0.2,-0.5124999999999893,-12.0,0.0,-0.019871965359230526,0.7013535755521216,726,2022-06-03 11:26:37,bull,740.0,4,409.925,412.16,1,2022,False
PDH,0.18085106382974414,1.0,6.0,0.0,0.0,0.7978723404255339,1.0,3.0,0.07373681218636463,0.25602627892371554,729,2022-06-06 10:03:32,bull,-535.0,4,415.08,415.88,1,2022,False
PDH,0.24390243902437841,0.0,0.0,1.0,1.0,0.7439024390244131,1.0,4.0,0.08198466618554168,0.3091638085116699,731,2022-06-06 11:11:12,bear,1159.9999999999998,4,415.3,414.43,1,2022,False
PDH,0.051401869158885206,0.0,0.0,1.0,1.0,0.7242990654205441,-12.0,10.0,0.06291469680343997,0.27293367470170304,732,2022-06-06 13:42:05,bull,-19.99999999999993,3,412.89,413.29,1,2022,False
PDH,0.7999999999999494,0.0,0.0,1.0,0.3333333333333333,-0.06666666666672562,-12.0,10.0,0.10133719205269731,0.16907395777981948,733,2022-06-06 13:51:03,bull,-99.99999999999996,1,413.32,413.21,0,2022,False
PDL,0.014705882352927654,0.0,3.0,0.0,0.0,-0.5588235294117524,-3.0,0.0,0.14746799233538166,0.26304893197262036,735,2022-06-07 09:49:53,bear,-185.00000000000009,4,409.49,409.41,1,2022,False
PDC,0.1316614420062592,0.0,0.0,1.0,1.0,0.7899686520376265,3.0,0.0,0.08172209774647277,0.08501542422697517,738,2022-06-07 10:32:36,bull,140.0,1,411.34,412.15,1,2022,False
PDC,0.1316614420062592,0.0,0.0,1.0,1.0,0.7899686520376265,3.0,0.0,0.08172209774647277,0.08501542422697517,739,2022-06-07 10:34:00,bull,275.0,2,411.34,412.15,1,2022,False
PDC,0.2205882352941656,1.0,3.0,1.0,0.25,0.26470588235286496,6.0,1.0,0.20047797937153833,0.34006169690785626,740,2022-06-07 10:48:38,bull,-110.0,2,413.09,413.445,1,2022,False
PDC,0.0,1.0,3.0,1.0,1.0,0.2857142857142548,5.0,10.0,0.05376854248555496,0.10930554543466808,741,2022-06-07 12:48:16,bull,45.000000000000014,2,412.14,413.37,1,2022,False
PDC,0.09999999999991474,0.0,0.0,-1.0,-0.09090909090909091,0.9000000000000853,-12.0,10.0,-0.0042434299838189915,0.34977774539095563,742,2022-06-07 13:37:46,bear,-55.00000000000001,1,413.13,413.26,0,2022,False
PDC,0.29411764705886284,0.0,6.0,1.0,0.07142857142857142,-0.132352941176505,12.0,10.0,-0.014785121820048985,0.3643518181155825,743,2022-06-07 13:53:03,bull,-95.0,1,413.19,413.2,1,2022,False
PDH,0.14795918367345667,0.0,0.0,1.0,1.0,0.8418367346938992,12.0,0.0,0.016459682036717993,0.5569158384944095,744,2022-06-07 14:10:52,bull,119.99999999999991,2,414.26,414.55,1,2022,False
PDH,0.46969696969690966,0.0,0.0,1.0,0.2,0.34848484848489286,12.0,0.0,0.0087797864464223,0.5161073503288649,745,2022-06-07 14:32:15,bull,40.000000000000014,2,414.43,414.74,1,2022,False
PDC,0.3333333333333684,0.0,0.0,0.0,0.0,0.6111111111111228,5.0,0.0,0.008493383380292485,0.031268791340943736,747,2022-06-08 09:59:26,bull,-370.0,2,415.62,415.15,0,2022,False
PDC,0.1750000000000515,0.0,0.0,-1.0,0.0,0.81249999999996,1.0,2.0,-0.0020259370389519304,0.21166566446181312,748,2022-06-08 11:17:11,bull,-125.0,2,414.87,415.32,1,2022,False
PDC,0.0,0.0,6.0,1.0,0.07142857142857142,0.6578947368420147,12.0,3.0,-0.01640132013638329,0.9092002405291622,750,2022-06-08 13:33:00,bear,-819.9999999999999,8,411.97,411.59,1,2022,False
PDC,0.5666666666666983,0.0,0.0,-1.0,-0.2,-0.2833333333332544,-12.0,3.0,0.04477589364384471,0.9813589897775032,751,2022-06-08 13:56:23,bull,-145.00000000000003,1,411.67,411.71,1,2022,False
PDC,0.0,1.0,1.0,0.0,0.0,0.9294117647058768,-4.0,2.0,-0.10497347626363673,0.09238998298078949,754,2022-06-09 10:07:36,bear,140.00000000000003,1,410.92,409.77,1,2022,False
PDL,0.06722689075628928,1.0,1.0,0.0,0.0,0.9075630252101201,1.0,4.0,-0.028752788907859816,0.15107580594069248,755,2022-06-09 10:11:45,bear,-284.99999999999994,3,409.77,409.75,1,2022,False
PDL,0.0,1.0,0.0,0.0,0.0,-0.75,-3.0,7.0,-0.027381825312122743,0.07310119642292001,758,2022-06-09 10:32:48,bear,55.00000000000001,1,410.69,410.94,0,2022,False
PDL,0.4052044609665635,0.0,5.0,0.0,0.0,0.5576208178438784,1.0,0.0,0.17909399539841608,2.0376136505168785,761,2022-06-10 09:56:00,bear,169.99999999999994,3,393.27,390.39,1,2022,False
PDL,0.6323529411764742,0.0,6.0,0.0,0.0,-0.02205882352939148,12.0,0.0,-0.2393917183917127,2.351475899862998,762,2022-06-10 10:58:28,bear,20.000000000000018,2,392.01,389.92,1,2022,False
PDL,0.03529411764709266,0.0,6.0,1.0,0.3333333333333333,-0.8941176470587889,12.0,0.0,-0.06862937713744133,2.6777930003736405,763,2022-06-10 11:48:53,bear,-95.0,3,390.7,391.52,0,2022,False
PDL,0.6266666666666273,0.0,6.0,0.0,0.0,0.2400000000000091,5.0,0.0,0.21499784784981824,2.5579844006568098,764,2022-06-13 10:04:47,bear,94.99999999999996,1,379.79,378.5,1,2022,False
PDL,0.0,0.0,6.0,1.0,0.5,0.8389830508474527,9.0,0.0,0.00015460498783426146,3.168616584564854,765,2022-06-13 10:24:59,bear,-50.0,2,377.41,377.505,0,2022,False
PDL,0.5853658536584656,0.0,6.0,1.0,0.08333333333333333,0.04878048780497611,12.0,0.0,-0.09638766481577798,3.717672413793105,767,2022-06-13 11:10:32,bear,-340.00000000000006,2,375.27,375.9,0,2022,False
PDL,0.03496503496500439,0.0,6.0,-1.0,-1.0,-0.9370629370629922,12.0,0.0,-0.18866203369038992,3.214798850574707,768,2022-06-13 11:21:43,bear,-65.00000000000001,1,377.23,378.19,0,2022,False
PDC,0.006578947368452299,1.0,1.0,0.0,0.0,0.9934210526315477,2.0,0.0,-0.10402241956897207,0.14930148235042795,769,2022-06-14 09:49:15,bear,-660.0000000000001,3,374.52,377.55,0,2022,False
PDC,0.0,1.0,3.0,0.0,0.0,0.9587628865979744,2.0,3.0,0.16212140315957635,0.6585261810813758,770,2022-06-14 10:00:38,bull,-670.0000000000001,1,377.55,375.38,0,2022,False
PDL,0.028571428571481934,0.0,0.0,-1.0,-0.045454545454545456,-0.5999999999999838,-12.0,3.0,-0.07321686180222775,0.008035786033799841,771,2022-06-14 12:17:58,bull,-25.0,1,373.3,373.47,1,2022,False
PDH,0.33695652173916807,0.0,0.0,-1.0,-0.5,-0.597826086956425,-5.0,10.0,-0.09463047700316585,0.45910401947554247,773,2022-06-15 13:02:28,bull,0.0,1,376.175,376.78,1,2022,False
PDC,0.7179487179487265,0.0,6.0,-1.0,-0.5,-0.014652014652001229,-2.0,0.0,-0.06647636371033272,0.5109274269052833,774,2022-06-15 14:12:02,bull,-35.0,1,375.74,374.83,0,2022,False
PDC,0.5742971887549979,0.0,0.0,1.0,0.16666666666666666,0.4257028112450021,6.0,1.0,0.06852996507680231,0.2675012706310431,775,2022-06-15 14:33:52,bear,-125.0,1,374.83,373.58,1,2022,False
PDH,0.03399433427761121,0.0,0.0,1.0,1.0,0.760151085930135,1.0,10.0,-0.008995623538421427,0.11113757243789157,776,2022-06-15 14:44:23,bull,-135.0,1,377.49,380.39,1,2022,False
PDL,0.6969696969696882,0.0,6.0,0.0,0.0,-0.17171717171718623,2.0,0.0,0.21250086128626888,0.897511689149233,778,2022-06-16 10:04:49,bear,-135.0,1,368.8,367.67,1,2022,False
PDC,0.3225806451612998,0.0,5.0,1.0,0.5,0.2709677419354654,12.0,10.0,0.030756984465152293,0.30511060259343914,781,2022-06-17 14:23:47,bull,-26.0,2,368.2,368.34,1,2022,False
PDC,0.06666666666668182,0.0,0.0,-1.0,-0.25,0.8933333333332788,-12.0,10.0,-0.007322628843375867,0.17707311757655386,782,2022-06-17 14:32:22,bear,-15.000000000000002,3,367.73,367.41,1,2022,False
PDC,0.024000000000023648,0.0,0.0,-1.0,-0.1,-0.5239999999999781,-2.0,10.0,-0.0782558700730629,0.3459736297264815,783,2022-06-17 16:06:43,bull,100.0,1,365.81,374.84,1,2022,False
PDH,0.14285714285720086,0.0,6.0,1.0,1.0,0.6071428571428499,12.0,0.0,-0.06292001922523216,1.7867778439547344,784,2022-06-21 10:56:15,bull,-89.99999999999999,2,375.98,375.87,0,2022,False
PDH,0.6126126126125601,0.0,0.0,-1.0,-0.16666666666666666,-0.3243243243243326,-12.0,0.0,0.1191623538782105,1.6676593210244173,785,2022-06-21 11:23:09,bear,-74.99999999999997,1,375.54,375.465,1,2022,False
PDH,0.24698795180721447,0.0,0.0,-1.0,-0.1,0.7530120481927856,-12.0,0.0,0.105515215234675,1.467323623368899,786,2022-06-21 11:40:39,bear,100.0,1,374.8,374.08,1,2022,False
PDH,0.0,0.0,6.0,1.0,0.2,0.8877551020408045,12.0,0.0,-0.021977335664735698,1.6933780930207254,788,2022-06-21 13:37:13,bull,-150.0,1,375.635,375.06,0,2022,False
PDL,0.3604651162790667,1.0,2.0,0.0,0.0,0.313953488372133,4.0,3.0,-0.1518455134248642,0.19094747599710526,790,2022-06-22 09:54:46,bull,250.00000000000017,3,372.54,373.97,1,2022,False
PDC,0.0,0.0,0.0,1.0,1.0,0.8571428571428223,6.0,0.0,0.05983595125236274,0.22172949002219333,792,2022-06-23 12:02:46,bear,129.99999999999997,2,375.16,374.05,1,2022,False
PDC,0.11111111111110109,1.0,1.0,1.0,0.5,0.8571428571428507,7.0,0.0,0.11409732501612702,0.07480030988699093,793,2022-06-23 12:06:22,bear,115.00000000000004,3,374.05,374.07,0,2022,False
PDH,0.11764705882355302,0.0,3.0,0.0,0.0,0.8235294117646482,3.0,0.0,0.3256494718837821,1.2090334332061747,801,2022-06-24 09:49:14,bull,-50.0,2,383.395,383.76,1,2022,False
PDH,0.41818181818184263,0.0,6.0,0.0,0.0,-0.45454545454544515,6.0,0.0,0.11346222788082283,1.3053865343241489,802,2022-06-24 10:03:23,bull,-275.0,1,383.76,386.14,1,2022,False
PDH,0.02912621359226087,1.0,3.0,0.0,0.0,0.7184466019417358,3.0,1.0,0.01825199733629379,0.3666008665111353,805,2022-06-27 09:47:45,bear,-310.0,2,388.64,387.92,1,2022,False
PDH,0.3541666666666864,0.0,0.0,0.0,0.0,-0.588541666666642,-4.0,1.0,-0.06916043089117974,0.5511831209782825,806,2022-06-27 09:54:39,bull,-309.99999999999994,2,387.92,388.81,1,2022,False
PDH,0.10218978102188751,0.0,6.0,0.0,0.0,0.6277372262773802,1.0,1.0,0.007588835358363077,0.3230189453175103,807,2022-06-27 10:14:25,bear,-430.00000000000006,3,388.81,389.87,0,2022,False
PDH,0.06428571428573807,0.0,0.0,0.0,0.0,-0.6714285714285807,-2.0,1.0,-0.041759999362156464,0.08433427038078145,811,2022-06-28 10:08:34,bull,-150.0,2,390.97,390.15,0,2022,False
PDC,0.2278481012658419,0.0,0.0,1.0,1.0,0.2911392405062936,6.0,0.0,0.12509386755799046,0.3061723312836051,812,2022-06-28 10:29:38,bear,250.00000000000009,1,389.86,389.105,1,2022,False
PDC,0.22522522522522245,1.0,0.0,-1.0,-0.16666666666666666,-0.7747747747747775,-11.0,3.0,-0.09482998541081589,0.12349808320684108,813,2022-06-28 10:53:39,bull,-9.0,1,388.19,383.91,0,2022,False
PDC,0.26760563380282143,1.0,2.0,0.0,0.0,-0.7323943661971786,2.0,2.0,0.11666561844476675,0.06302024525379757,818,2022-06-29 10:04:40,bull,-200.0,1,381.07,381.11,1,2022,False
PDL,0.26373626373628295,0.0,4.0,0.0,0.0,-0.2087912087912136,4.0,0.0,0.3202521296824301,1.035803937111912,819,2022-06-30 09:54:17,bear,140.00000000000003,1,374.53,373.38,1,2022,False
PDL,0.638655462184837,0.0,6.0,0.0,0.0,-0.18487394957984638,8.0,0.0,0.09308717708172987,1.479719910159849,820,2022-06-30 10:11:06,bear,-225.0,1,372.85,373.56,0,2022,False
PDL,0.0,0.0,0.0,1.0,0.5,-0.829268292682942,2.0,0.0,0.15809788055124452,1.1414982164090315,821,2022-06-30 10:43:42,bull,24.00000000000001,1,374.13,374.2,1,2022,False
PDH,0.04729729729730612,0.0,0.0,0.0,0.0,0.7229729729729651,2.0,0.0,0.11292146198037534,0.43614198260687465,824,2022-07-01 09:52:26,bull,-120.0,1,378.95,378.81,0,2022,False
PDH,0.12389380530982355,0.0,0.0,1.0,0.3333333333333333,-0.8672566371680606,12.0,0.0,0.058239196616982625,0.43088725992485033,825,2022-07-01 14:32:02,bull,95.0,1,378.97,379.59,1,2022,False
PDL,0.6913580246913589,1.0,0.0,0.0,0.0,-0.22222222222223,3.0,1.0,0.5609672957955669,0.016048359055287342,826,2022-07-05 09:46:40,bear,284.99999999999994,2,373.93,373.93,0,2022,False
PDL,0.5199999999999818,1.0,3.0,1.0,0.3333333333333333,0.4700000000000273,3.0,10.0,0.16040039143317975,0.46673977585791615,828,2022-07-05 11:55:05,bull,250.0,1,375.615,376.85,1,2022,False
PDH,0.5306122448979308,0.0,5.0,1.0,0.5,-0.36734693877551733,5.0,10.0,0.07426042812183065,0.358657521336192,831,2022-07-06 11:10:37,bear,-90.00000000000001,1,380.61,380.4,1,2022,False
PDH,0.018348623853193784,0.0,0.0,-1.0,-0.3333333333333333,-0.3394495412843979,-12.0,10.0,-0.019987994031411827,0.48300958165349295,832,2022-07-06 11:58:47,bull,130.00000000000006,2,380.135,381.56,1,2022,False
PDH,0.3661971830986186,0.0,0.0,1.0,0.5,0.1549295774648248,11.0,10.0,0.01362609196382536,0.015707628671657314,833,2022-07-06 14:03:47,bull,-50.0,1,381.92,382.24,1,2022,False
PDH,0.8521739130434688,1.0,0.0,-1.0,-0.25,-0.14782608695653118,-12.0,10.0,-0.006326083533281235,0.06806639091052613,834,2022-07-06 14:12:32,bear,-240.00000000000003,1,382.24,381.55,1,2022,False
PDH,0.37671232876713634,1.0,2.0,1.0,1.0,0.3082191780821883,3.0,10.0,0.09972018820123552,0.4817006125975132,835,2022-07-06 14:35:16,bull,-55.00000000000001,1,383.82,385.31,1,2022,False
PDH,0.37671232876713634,1.0,2.0,1.0,1.0,0.3082191780821883,3.0,10.0,0.09972018820123552,0.4817006125975132,836,2022-07-06 14:36:54,bull,7.999999999999999,1,383.82,385.31,1,2022,False
PDL,0.3333333333333544,0.0,5.0,0.0,0.0,-0.6666666666666456,-2.0,0.0,-0.1177078250976793,0.2674282746981671,843,2022-07-08 09:58:11,bull,225.0,1,386.18,387.94,1,2022,False
PDL,0.30303030303027434,0.0,6.0,-1.0,-0.1111111111111111,-0.43939393939395377,-8.0,0.0,-0.0414785498745851,0.45177203686874723,844,2022-07-08 13:08:02,bull,100.0,1,386.89,387.625,1,2022,False
PDL,0.43181818181825227,0.0,5.0,1.0,0.16666666666666666,-0.06818181818174772,7.0,6.0,0.030148467114310407,0.09722078191434225,848,2022-07-11 13:34:49,bull,-465.00000000000006,3,386.095,385.92,0,2022,False
PDL,0.4390243902438923,0.0,0.0,1.0,0.5,0.5609756097561077,-12.0,6.0,0.06280616353226964,0.012962770921909339,849,2022-07-11 14:10:08,bear,-109.99999999999996,2,385.77,385.23,1,2022,False
PDC,0.0,0.0,0.0,0.0,0.0,1.0,1.0,1.0,-0.0912550571249171,0.10932090892528112,851,2022-07-12 09:51:14,bear,190.00000000000003,1,384.61,383.77,1,2022,False
PDC,0.06249999999993339,0.0,0.0,-1.0,-0.2,0.3125000000000222,-7.0,10.0,0.0005520028810490629,0.028631666623291085,852,2022-07-12 13:42:23,bull,-89.99999999999999,1,384.08,384.21,1,2022,False
PDC,0.48387096774204197,1.0,0.0,-1.0,-0.14285714285714285,0.1935483870967801,-9.0,10.0,0.011032145761435963,0.0078086363518026225,853,2022-07-12 13:54:21,bull,-35.00000000000001,1,384.16,384.37,1,2022,False
PDL,0.13750000000001836,0.0,6.0,1.0,0.058823529411764705,-0.7624999999999769,12.0,10.0,-0.0722984062914267,0.6857619649818125,854,2022-07-12 15:58:53,bear,51.0,1,380.885,380.9,0,2022,False
PDL,0.5199999999999818,0.0,0.0,0.0,0.0,0.0,-2.0,0.0,-0.015657281414660495,0.9248143115344498,857,2022-07-13 10:27:08,bull,150.0,1,375.49,376.52,1,2022,False
PDL,0.26851851851847464,1.0,2.0,1.0,0.058823529411764705,0.6203703703704142,12.0,9.0,0.021202058441205374,0.20976530033378626,858,2022-07-13 12:32:33,bull,170.00000000000003,1,379.79,380.82,1,2022,False
PDC,0.2020547945205617,1.0,1.0,1.0,0.3333333333333333,0.46917808219178897,12.0,2.0,0.06387480918033095,0.13651877133107337,859,2022-07-13 13:08:06,bull,-95.0,1,381.42,381.63,1,2022,False
PDL,0.16176470588237138,0.0,0.0,-1.0,-0.25,-0.5588235294117524,-10.0,0.0,0.029420108099653675,0.9074894571077907,862,2022-07-14 10:23:25,bull,300.0,2,371.26,373.59,1,2022,False
PDL,0.08196721311468536,0.0,6.0,-1.0,-0.1111111111111111,0.8278688524590676,-7.0,0.0,-0.10150004176555649,0.23354508087332082,863,2022-07-14 11:36:51,bear,-125.0,2,373.785,374.14,0,2022,False
PDL,0.4387096774193766,0.0,0.0,1.0,0.1,0.4387096774193033,8.0,0.0,0.07951952613640678,0.1387925052047323,864,2022-07-14 11:43:58,bull,-44.99999999999999,1,374.14,375.53,1,2022,False
PDH,0.0,0.0,0.0,0.0,0.0,0.6250000000000205,4.0,0.0,-0.150712559280608,0.7898768954403668,866,2022-07-15 09:50:56,bear,-260.0,1,381.53,382.8,0,2022,False
PDH,0.0,0.0,6.0,0.0,0.0,0.5325203252032574,1.0,0.0,0.0061029943142942855,1.1253764463464933,867,2022-07-15 10:05:58,bull,-269.99999999999994,3,382.8,383.31,1,2022,False
PDH,0.0,0.0,6.0,0.0,0.0,0.3731343283582001,-4.0,0.0,-0.09820883297104732,0.6194098899969025,872,2022-07-19 10:14:46,bear,-120.0,1,386.67,387.4,0,2022,False
PDH,0.08387096774192886,0.0,0.0,0.0,0.0,0.6451612903225522,7.0,0.0,0.025673956934912923,0.4317878071347758,873,2022-07-19 10:27:46,bull,230.00000000000003,1,387.4,388.665,1,2022,False
PDH,0.04605263157890604,1.0,1.0,0.0,0.0,0.9210526315790182,1.0,3.0,0.032044448523405045,0.0012727828123448859,875,2022-07-20 10:29:47,bull,260.0,1,392.845,394.315,1,2022,False
PDH,0.020618556701012803,0.0,6.0,-1.0,-0.3333333333333333,0.8041237113402026,1.0,5.0,-0.13940059319036413,0.39710823745036095,876,2022-07-20 12:57:01,bull,-105.0,1,394.4,393.665,0,2022,False
PDH,0.2750000000000302,1.0,1.0,-1.0,-0.3333333333333333,0.6999999999999929,-4.0,7.0,-0.08301252046083452,0.12982384685877868,877,2022-07-20 13:24:52,bull,9.999999999999998,1,393.35,394.2,1,2022,False
PDC,0.0,0.0,0.0,-1.0,-0.3333333333333333,0.9861111111111235,-8.0,3.0,-0.04556437979245098,0.44192878488578113,879,2022-07-21 10:42:38,bull,84.99999999999999,1,393.115,394.41,1,2022,False
PDH,0.6351351351351642,1.0,4.0,1.0,0.2,0.3648648648648358,12.0,4.0,0.018486904776238156,0.1589905362775923,881,2022-07-21 12:27:13,bull,100.0,1,396.88,397.35,1,2022,False
PDH,0.028169014084482233,1.0,1.0,-1.0,-0.1,0.9154929577464732,12.0,8.0,-0.032876212538901495,0.0529968454258567,882,2022-07-21 14:02:31,bull,6.0,1,396.46,397.19,1,2022,False
PDH,0.0,1.0,0.0,0.0,0.0,-1.0,-2.0,4.0,-0.049505560287843586,0.22690803329655784,884,2022-07-22 10:03:48,bull,-310.00000000000006,3,397.935,398.64,1,2022,False
PDH,0.0,0.0,5.0,1.0,0.25,0.4711538461538199,5.0,10.0,0.027383112982204416,0.2294153043826963,885,2022-07-22 11:23:16,bear,620.0000000000001,2,397.925,395.89,1,2022,False
PDH,0.26086956521735694,0.0,6.0,1.0,0.1,0.5217391304348127,12.0,10.0,-0.012685140240731307,0.9026175910139322,886,2022-07-22 13:01:34,bear,70.00000000000001,2,395.24,394.77,1,2022,False
PDL,0.0,0.0,0.0,1.0,0.3333333333333333,0.8461538461538558,12.0,0.0,0.01746459118305843,0.7914826256797625,887,2022-07-22 13:18:51,bear,400.0,1,394.77,393.625,1,2022,False
PDL,0.31683168316836924,0.0,0.0,-1.0,-1.0,-0.2574257425742507,12.0,0.0,-0.05831143763251889,0.5540378379758293,888,2022-07-22 15:07:12,bear,-30.000000000000004,1,393.84,393.53,1,2022,False
PDC,0.12727272727273553,1.0,0.0,0.0,0.0,-0.8145454545454579,-1.0,1.0,-0.029980588339295622,0.11388656897730609,889,2022-07-25 09:47:45,bear,-85.00000000000001,1,395.58,395.455,1,2022,False
PDC,0.15625000000003886,0.0,5.0,0.0,0.0,-0.1249999999999778,5.0,9.0,0.05343848188472666,0.17209525978791884,890,2022-07-25 10:41:59,bear,-240.0,2,394.45,395.21,0,2022,False
PDC,0.46874999999993894,0.0,6.0,1.0,0.16666666666666666,-0.5312500000000611,7.0,10.0,0.016989551677748516,0.17715688507580207,891,2022-07-25 11:55:03,bull,-284.99999999999994,3,395.83,395.68,0,2022,False
PDC,0.7435897435896763,0.0,6.0,1.0,0.1,0.051282051282152186,7.0,10.0,0.037243961894806166,0.1999341988712655,892,2022-07-25 14:13:04,bear,-60.00000000000001,4,394.34,394.295,1,2022,False
PDC,0.0,0.0,6.0,1.0,0.07142857142857142,0.2749999999999716,11.0,10.0,0.006044657063131176,0.21132285576898058,893,2022-07-25 14:30:52,bear,-125.0,1,394.295,394.275,1,2022,False
PDC,0.551724137930994,0.0,6.0,1.0,0.058823529411764705,-0.2931034482760243,12.0,10.0,-0.0213984977779913,0.1467871333485138,894,2022-07-25 14:48:24,bear,-244.99999999999997,3,394.55,393.7,1,2022,False
PDL,0.036144578313289315,1.0,1.0,0.0,0.0,0.8072289156626168,1.0,8.0,0.0018256360960089424,0.0940925158304351,897,2022-07-26 10:18:34,bear,-89.99999999999999,2,392.86,392.54,1,2022,False
PDL,0.3066666666666909,0.0,4.0,0.0,0.0,-0.3466666666666545,4.0,10.0,0.03480576455234807,0.17292678585052457,898,2022-07-26 10:34:35,bear,-100.0,1,392.55,392.54,1,2022,False
PDL,0.36842105263164193,0.0,6.0,0.0,0.0,0.6052631578945519,9.0,10.0,-0.016465937435194977,0.22378760521831742,899,2022-07-26 10:55:08,bear,289.99999999999994,2,392.35,391.405,1,2022,False
PDL,0.0,0.0,6.0,1.0,0.16666666666666666,1.0,12.0,10.0,0.01985487835950428,0.5518398901406374,900,2022-07-26 11:52:28,bear,-120.0,2,391.06,390.645,1,2022,False
PDH,0.01960784313723742,0.0,6.0,1.0,0.16666666666666666,0.7254901960784532,2.0,2.0,-0.013014897105634304,0.6420667952492076,903,2022-07-27 14:21:54,bull,785.0000000000001,4,396.57,395.77,0,2022,False
PDH,0.0,0.0,6.0,1.0,1.0,0.9734513274336272,1.0,2.0,0.061804097610318465,1.1064866511014015,904,2022-07-27 14:44:36,bull,-270.0,2,398.4,400.79,1,2022,False
PDH,0.08125000000006706,0.0,0.0,-1.0,-0.07692307692307693,0.81249999999996,-12.0,2.0,-0.036120626326408,2.0213683889960254,905,2022-07-27 15:43:15,bear,-265.00000000000006,3,402.005,399.75,1,2022,False
PDC,0.05806451612901783,1.0,3.0,0.0,0.0,0.7032258064516174,5.0,1.0,0.23197901167746338,0.5735374794274439,906,2022-07-28 09:56:34,bear,-669.9999999999999,4,398.72,399.75,0,2022,False
PDC,0.340909090909041,0.0,0.0,1.0,0.5,0.13636363636364224,2.0,2.0,0.12739696749496376,0.01745548850431433,907,2022-07-28 10:59:22,bull,359.99999999999994,3,400.95,402.43,1,2022,False
PDH,0.20967741935484907,1.0,2.0,1.0,0.1111111111111111,0.693548387096752,9.0,3.0,0.10064252966084375,0.23085515700631554,908,2022-07-28 11:32:44,bull,260.00000000000006,2,403.78,404.18,1,2022,False
PDH,0.0,0.0,0.0,-1.0,-0.06666666666666667,1.0,-12.0,3.0,0.02393553639459256,0.20106739481196012,909,2022-07-28 12:02:51,bear,-165.00000000000003,2,403.66,404.18,0,2022,False
PDH,0.25,0.0,6.0,0.0,0.0,0.7177419354839005,6.0,1.0,0.09651273818127581,0.7841884018781276,910,2022-07-29 10:06:15,bull,-374.9999999999999,3,409.98,409.27,0,2022,False
PDH,0.25,0.0,6.0,0.0,0.0,0.7177419354839005,6.0,1.0,0.09651273818127581,0.7841884018781276,911,2022-07-29 10:07:08,bull,-140.0,2,409.98,409.41,0,2022,False
PDH,0.4705882352941472,0.0,0.0,1.0,0.3333333333333333,-0.5147058823527593,2.0,1.0,0.13037983457520053,0.6096511713660435,913,2022-07-29 11:12:20,bear,-990.0,6,409.27,409.94,0,2022,False
PDH,0.13157894736845255,0.0,6.0,1.0,0.25,-0.5789473684211314,12.0,1.0,0.017501210869586004,1.005432778583537,914,2022-07-29 14:00:31,bull,360.0,2,410.88,412.83,1,2022,False
PDC,0.5423728813559436,0.0,0.0,0.0,0.0,-0.016949152542358185,3.0,0.0,-0.0902525270967347,0.4246232984737808,916,2022-08-01 09:50:48,bull,339.99999999999994,1,410.38,411.53,1,2022,False
PDH,0.1617647058823849,1.0,2.0,1.0,0.5,-0.7794117647058996,12.0,7.0,0.02212998274413458,0.008474576271200185,917,2022-08-01 11:57:13,bull,-75.0,1,413.035,412.82,0,2022,False
PDC,0.4242424242425025,0.0,0.0,1.0,0.2,0.33333333333316106,-12.0,10.0,0.05133961197194559,0.39065343459587787,918,2022-08-01 14:37:36,bull,599.9999999999999,3,410.52,410.67,1,2022,False
PDL,0.04347826086952761,1.0,0.0,0.0,0.0,-0.8043478260870022,-1.0,8.0,-0.0714507554510857,0.15670910871694588,920,2022-08-02 10:34:27,bear,-289.99999999999994,2,409.04,409.355,0,2022,False
PDL,0.16447368421052827,0.0,0.0,1.0,0.16666666666666666,0.7171052631579242,4.0,9.0,0.12522629199530622,0.18364348677766262,921,2022-08-02 13:50:02,bear,-400.0,2,409.15,410.35,0,2022,False
PDC,0.981481481481499,0.0,0.0,1.0,0.25,-0.018518518518500976,6.0,10.0,0.020746038829733138,0.1338948803466522,922,2022-08-02 14:54:50,bull,-420.0,2,410.22,409.47,0,2022,False
PDH,0.21495327102806716,0.0,5.0,0.0,0.0,-0.18691588785041466,-2.0,0.0,-0.09881364096577805,0.393500581170092,924,2022-08-03 09:58:06,bear,-100.0,1,411.335,411.95,0,2022,False
PDH,0.0,0.0,6.0,0.0,0.0,0.973244147157177,1.0,0.0,0.003625718421584878,0.5085238279736504,925,2022-08-03 10:23:01,bear,-155.0,1,410.86,412.05,0,2022,False
PDC,0.6721311475410096,0.0,4.0,0.0,0.0,0.32786885245899045,4.0,10.0,0.048866049302265235,0.22925263640531934,926,2022-08-04 10:30:46,bear,-309.99999999999994,2,413.44,413.86,0,2022,False
PDL,0.6283185840708312,0.0,0.0,0.0,0.0,0.19469026548664997,6.0,0.0,-0.0033261103563164696,0.11515011939249309,928,2022-08-05 10:04:17,bull,60.00000000000001,1,412.03,413.69,1,2022,False
PDH,0.0,0.0,6.0,0.0,0.0,0.34999999999993603,7.0,0.0,0.037243721032176325,0.9092207359451487,931,2022-08-11 10:11:57,bull,69.99999999999997,1,423.96,424.27,1,2022,False
PDH,0.05813953488366713,0.0,6.0,1.0,0.5,0.8488372093023333,-12.0,0.0,0.047733010768824524,0.535535773789686,933,2022-08-11 12:38:14,bull,-524.9999999999999,4,422.39,422.385,0,2022,False
PDH,0.0,0.0,3.0,1.0,0.5,0.9914529914529998,12.0,8.0,0.02487769823931174,0.19885160257919754,937,2022-08-12 14:38:24,bull,100.0,1,425.785,426.06,1,2022,False
PDC,0.5322580645160995,0.0,0.0,0.0,0.0,-0.46774193548390053,7.0,1.0,0.055593681786736404,0.08898672224433302,938,2022-08-15 10:05:08,bull,-110.0,1,426.65,426.575,0,2022,False
PDC,0.37931034482763126,1.0,6.0,0.0,0.0,0.14942528735631583,-8.0,2.0,-0.02925807865825636,0.106549891108354,939,2022-08-15 10:14:12,bear,-100.0,1,426.575,426.09,1,2022,False
PDH,0.0,0.0,0.0,1.0,0.1,0.7368421052633941,-12.0,5.0,-0.0068897407820234235,0.23291563795593273,940,2022-08-16 13:30:28,bear,-169.99999999999997,2,430.34,430.41,0,2022,False
PDH,0.1176470588234114,0.0,6.0,-1.0,-0.09090909090909091,0.8823529411765886,12.0,5.0,0.005436734652342068,0.2492197326128487,941,2022-08-16 13:38:38,bull,140.00000000000003,1,430.41,430.975,1,2022,False
PDL,0.06250000000007994,0.0,6.0,1.0,0.2,-0.9374999999999201,12.0,9.0,-0.015485711739227082,0.3677719345506536,943,2022-08-17 12:09:58,bear,-70.0,1,425.325,425.585,0,2022,False
PDL,0.2916666666666272,0.0,6.0,-1.0,-0.09090909090909091,-0.5833333333332544,-10.0,10.0,0.0053721559619690495,0.06676114735473249,944,2022-08-17 13:15:42,bear,-12.000000000000002,1,426.61,428.62,0,2022,False
PDC,0.6511627906976867,0.0,0.0,0.0,0.0,-0.23255813953496365,-6.0,4.0,-3.0844630238835435e-05,0.15703002320294202,946,2022-08-18 10:17:56,bull,125.0,1,426.0,426.78,1,2022,False
PDC,0.3644859813084877,0.0,5.0,1.0,0.3333333333333333,0.2336448598130732,12.0,10.0,0.052055976993004016,0.23202943727003156,948,2022-08-18 11:37:33,bull,-110.0,1,427.66,427.55,0,2022,False
PDL,0.12765957446797702,0.0,6.0,1.0,1.0,0.8085106382980345,12.0,0.0,0.010732282692549333,0.8659890723224262,952,2022-08-19 14:59:48,bear,160.99999999999994,3,421.84,421.4,1,2022,False
PDL,0.19166666666667456,0.0,5.0,0.0,0.0,-0.4,2.0,0.0,0.16759065158027386,1.2166316514142572,953,2022-08-22 09:57:23,bear,95.0,3,416.12,416.255,0,2022,False
PDL,0.3504273504273986,0.0,0.0,0.0,0.0,-0.5897435897435025,-5.0,0.0,-0.010627725424716683,1.296157817896948,954,2022-08-22 10:10:22,bull,-64.99999999999999,1,415.785,415.61,0,2022,False
PDL,0.0,0.0,6.0,1.0,1.0,0.7916666666666272,6.0,0.0,-0.001817662190306546,1.3377013377013358,955,2022-08-22 10:18:53,bear,75.0,2,415.61,414.38,1,2022,False
PDC,0.08620689655173766,0.0,5.0,1.0,0.2,-0.7931034482758689,8.0,8.0,0.06458869437082626,0.10159405916644326,956,2022-08-23 11:19:03,bear,119.99999999999991,2,412.99,412.53,1,2022,False
PDC,0.09803921568641001,1.0,1.0,1.0,0.5,0.8235294117646403,-12.0,10.0,0.03165885894914622,0.03870249873005882,957,2022-08-23 13:35:05,bull,-390.0,3,413.57,412.89,0,2022,False
PDC,0.4883720930232005,0.0,6.0,1.0,0.14285714285714285,-0.4883720930233327,8.0,9.0,-0.005234505938012113,0.0848896434634927,958,2022-08-24 10:48:32,bull,49.99999999999996,1,412.65,413.22,1,2022,False
PDH,0.5399999999999636,0.0,6.0,-1.0,-0.25,-0.2400000000000091,-12.0,0.0,-0.05497129606870654,0.23832163791961403,959,2022-08-24 11:34:10,bear,-50.0,1,414.415,414.57,0,2022,False
PDH,0.0,0.0,0.0,1.0,1.0,0.4736842105261898,12.0,0.0,0.01149286091433055,0.16971389367003153,960,2022-08-24 11:53:57,bull,-129.99999999999997,1,414.7,414.71,1,2022,False
PDH,0.3225806451613613,0.0,5.0,-1.0,-0.16666666666666666,0.6774193548386387,-12.0,10.0,0.020098570489435197,0.1168379084809823,961,2022-08-25 13:18:52,bull,170.00000000000003,2,415.59,415.81,1,2022,False
PDH,0.15555555555554432,0.0,6.0,1.0,0.08333333333333333,0.7111111111111139,10.0,10.0,-0.01700525124790353,0.39869430625985025,962,2022-08-25 14:15:41,bull,-120.0,3,416.76,416.74,0,2022,False
PDL,0.0,1.0,1.0,1.0,0.5,0.662420382165621,3.0,0.0,0.26844066278735035,0.12314378848242713,963,2022-08-26 10:38:58,bear,150.00000000000009,2,413.64,411.35,1,2022,False
PDL,0.025773195876266003,0.0,6.0,1.0,0.25,0.8865979381443709,12.0,1.0,0.04013293760308789,0.8197512978389443,964,2022-08-26 11:21:34,bear,-299.99999999999994,1,410.755,411.42,0,2022,False
PDL,0.026315789473660593,0.0,6.0,1.0,0.0625,-0.6315789473684525,-2.0,0.0,-0.05127286649081464,0.5304843445434249,965,2022-08-29 11:56:25,bear,-160.0,1,403.14,403.335,0,2022,False
PDL,0.0,0.0,0.0,-1.0,-0.058823529411764705,0.6056338028167999,3.0,0.0,0.08096566042938846,0.48237064817785447,966,2022-08-29 12:03:58,bull,-14.999999999999991,2,403.335,403.15,0,2022,False
PDC,0.0,0.0,0.0,0.0,0.0,0.8287037037036991,3.0,0.0,0.0273069084707922,0.008692844547097955,967,2022-08-30 09:47:05,bear,340.00000000000006,1,402.665,401.65,1,2022,False
PDL,0.30275229357793765,0.0,0.0,-1.0,-0.2,0.18348623853216559,-12.0,1.0,0.0014568986721363864,0.9870388833499444,968,2022-08-30 13:39:50,bull,-30.0,1,397.24,398.17,1,2022,False
PDC,0.5000000000000263,0.0,4.0,0.0,0.0,0.0,3.0,1.0,0.1458900397914853,0.6278725167641941,969,2022-08-31 09:51:51,bull,-300.0,2,400.67,399.7,0,2022,False
PDC,0.09734513274337529,0.0,0.0,0.0,0.0,0.8230088495575315,1.0,1.0,-0.061769883476903154,0.3842579802596724,970,2022-08-31 10:02:40,bear,100.00000000000004,1,399.7,399.06,1,2022,False
PDL,0.0,0.0,6.0,1.0,0.2,0.6644295302013443,11.0,0.0,-0.10955722099349474,0.9783571699784832,972,2022-09-01 11:29:37,bear,-140.0,1,391.185,391.87,0,2022,False
PDL,0.19444444444447076,0.0,6.0,1.0,0.09090909090909091,0.3518518518518343,3.0,0.0,-0.006882130477858794,1.0062017466143547,973,2022-09-01 11:58:54,bear,-9.999999999999998,1,391.075,391.65,0,2022,False
PDH,0.0,0.0,0.0,0.0,0.0,0.7500000000000137,1.0,0.0,-0.2028882465822779,0.2973940218760962,974,2022-09-02 09:45:59,bear,84.99999999999997,1,397.96,397.24,1,2022,False
PDC,0.10179640718566788,0.0,0.0,1.0,0.3333333333333333,0.6766467065867942,-12.0,4.0,0.12496834338892038,0.6383569247848997,977,2022-09-02 14:43:58,bull,-40.0,1,393.8,392.19,0,2022,False
PDC,0.2707423580785955,1.0,1.0,0.0,0.0,0.6375545851528328,4.0,1.0,-0.020506947994514135,0.1580866416787785,979,2022-09-06 09:50:43,bear,50.0,1,391.57,390.695,1,2022,False
PDC,0.0,0.0,0.0,0.0,0.0,0.7315789473684227,1.0,1.0,-0.062238430141570156,0.24691042141085084,980,2022-09-07 09:59:40,bear,-80.00000000000007,2,391.795,392.81,0,2022,False
PDH,0.31746031746030173,1.0,4.0,-1.0,-0.1111111111111111,0.47619047619049765,-12.0,6.0,0.040767978952738204,0.13701410737846365,981,2022-09-07 11:46:09,bear,-175.0,1,393.58,394.12,0,2022,False
PDC,0.8691588785046918,0.0,0.0,-1.0,-0.1,-0.11214953271027939,6.0,10.0,0.03834996187884743,0.05278769292644814,983,2022-09-08 13:11:34,bull,30.000000000000004,1,397.61,399.43,1,2022,False
PDH,0.12138728323701398,0.0,6.0,0.0,0.0,0.7514450867051681,3.0,0.0,0.08960799718640278,1.022826493700868,984,2022-09-09 10:08:40,bull,144.99999999999994,3,404.95,405.9,1,2022,False
PDH,0.0,0.0,6.0,1.0,1.0,0.6721311475409164,11.0,0.0,-0.01400869684091699,1.2598228763876618,987,2022-09-09 10:49:35,bull,-75.0,1,405.9,405.94,1,2022,False
PDH,0.052631578947321185,0.0,3.0,0.0,0.0,0.49122807017549636,1.0,0.0,0.14262242141502846,0.43679909695468755,989,2022-09-12 09:45:32,bull,100.0,1,409.29,409.75,1,2022,False
PDH,0.2643678160919736,0.0,6.0,0.0,0.0,-0.712643678160921,5.0,0.0,0.10282721373660042,0.7926185860469781,990,2022-09-12 10:09:25,bull,150.0,2,410.74,411.48,1,2022,False
PDH,0.080645161290432,0.0,6.0,-1.0,-0.16666666666666666,-0.8225806451612696,-7.0,0.0,-0.04015532640672115,0.376677872935649,992,2022-09-12 12:21:18,bull,45.00000000000001,1,409.045,410.65,1,2022,False
PDL,0.5617977528089615,0.0,3.0,0.0,0.0,-0.2359550561798047,3.0,0.0,0.611846833204921,1.6719706242349974,993,2022-09-13 09:48:53,bear,290.00000000000006,1,401.67,400.915,1,2022,False
PDL,0.311827956989267,0.0,6.0,1.0,1.0,0.5376344086021466,12.0,0.0,-0.06582854995180742,2.1884944920440685,994,2022-09-13 10:35:12,bear,52.0,2,399.56,398.3,1,2022,False
PDL,0.13999999999998636,0.0,6.0,1.0,0.25,0.7999999999999545,12.0,0.0,-0.0229521919343334,2.496940024479799,995,2022-09-13 10:50:04,bear,29.999999999999982,2,398.3,398.33,0,2022,False
PDC,0.08441558441558034,1.0,0.0,0.0,0.0,-0.7045454545454319,4.0,4.0,0.08324779321087217,0.04070936060860397,996,2022-09-14 10:37:59,bear,-205.0,1,393.19,394.17,0,2022,False
PDC,0.2599999999999909,0.0,0.0,0.0,0.0,-0.5099999999999909,-2.0,5.0,-0.0843355838971993,0.42235961631427177,997,2022-09-14 10:46:30,bear,-380.0,2,394.69,395.61,0,2022,False
PDC,0.19379844961240858,0.0,5.0,1.0,1.0,0.7751937984496343,4.0,5.0,0.1294029901832361,0.6564384398137557,998,2022-09-14 10:59:03,bull,-210.00000000000009,2,395.61,395.21,0,2022,False
PDL,0.2734374999999792,0.0,6.0,-1.0,-1.0,-0.7265625000000209,-7.0,0.0,-0.09953253916460403,0.1559504026588332,1000,2022-09-15 10:58:40,bull,-255.00000000000003,3,391.76,391.38,0,2022,False
PDL,0.1526315789473511,1.0,1.0,-1.0,-0.16666666666666666,0.8473684210526489,-12.0,3.0,-0.04292111974095736,0.12271507094465672,1001,2022-09-15 11:20:19,bull,89.99999999999994,2,391.63,392.15,1,2022,False
PDL,0.0,0.0,0.0,0.0,0.0,0.40972222222224497,-6.0,0.0,0.010970897057960283,1.388853167356796,1004,2022-09-16 10:14:03,bull,-440.00000000000006,2,383.41,383.7,1,2022,False
PDC,0.1595092024539826,0.0,0.0,0.0,0.0,-0.8404907975460174,7.0,1.0,0.00531252731628129,0.3579023808288784,1005,2022-09-19 10:07:08,bull,140.00000000000003,1,384.2,384.46,1,2022,False
PDH,0.16363636363643505,0.0,1.0,1.0,1.0,0.7999999999999586,1.0,10.0,0.00686302353704038,0.06735576798528875,1008,2022-09-21 13:35:18,bull,105.0,1,386.27,386.48,1,2022,False
PDL,0.2706766917292629,0.0,6.0,0.0,0.0,0.646616541353429,6.0,0.0,0.21283742270047368,1.5274635537289583,1010,2022-09-23 10:00:07,bear,-315.00000000000006,3,367.79,368.3,0,2022,False
PDC,0.01204819277107361,1.0,0.0,0.0,0.0,-0.5301204819277183,5.0,6.0,-0.008428835749718644,0.0461718134658784,1011,2022-09-26 10:13:54,bull,165.0,1,368.02,368.92,1,2022,False
PDC,0.006818181818175653,0.0,0.0,0.0,0.0,0.690909090909112,4.0,0.0,0.07627871083948357,0.7383416133724952,1012,2022-09-27 10:06:16,bear,100.0,1,367.02,366.23,1,2022,False
PDC,0.5777777777776992,0.0,5.0,1.0,0.3333333333333333,-0.33333333333337545,12.0,9.0,0.08477845566894349,0.3500937258793746,1014,2022-09-30 10:48:31,bull,210.0,1,364.03,364.7,1,2022,False
PDH,0.021390374331561695,0.0,0.0,1.0,1.0,0.7433155080213812,1.0,0.0,0.1196548446492196,0.9075501612815007,1017,2022-10-03 10:09:01,bull,119.99999999999996,1,362.5,364.33,1,2022,False
PDH,0.0,0.0,6.0,0.0,0.0,1.0,12.0,0.0,-0.1222436661948878,2.2358495685678603,1018,2022-10-04 10:38:34,bull,-210.0,1,376.78,376.7,0,2022,False
PDC,0.0,0.0,0.0,-1.0,-0.2,0.7704918032786229,-12.0,10.0,0.02856715550758615,0.15648577656066642,1021,2022-10-12 12:17:50,bear,-10.0,1,358.42,356.52,1,2022,False
PDL,0.04166666666662719,0.0,0.0,1.0,0.16666666666666666,-0.677083333333284,-3.0,10.0,-0.027633797403392446,0.00786658275645502,1022,2022-10-27 13:35:13,bull,-1.0,1,381.33,380.07,0,2022,False
PDL,0.333333333333348,0.0,0.0,0.0,0.0,0.666666666666652,-2.0,4.0,-0.09663172906007045,0.18601767167881755,1024,2023-03-15 10:05:33,bull,-17.999999999999993,1,386.34,385.88,0,2023,True
PDL,0.0,0.0,0.0,-1.0,-0.2,0.30481283422458266,-12.0,7.0,0.12016714067598633,0.2079780912520035,1025,2023-03-15 11:13:47,bull,-180.00000000000003,1,386.255,384.77,0,2023,True
PDL,0.8333333333333685,0.0,6.0,1.0,0.25,0.05555555555550877,6.0,10.0,0.0729387135995796,0.5838888027695943,1026,2023-03-15 12:21:04,bear,-70.0,1,384.8,386.395,0,2023,True
PDL,0.005291005291000517,0.0,6.0,-1.0,-0.16666666666666666,-0.9947089947089994,-8.0,0.0,-0.08660787965867334,0.8801449650530646,1027,2023-03-17 10:47:07,bull,-60.0,1,389.7,390.12,1,2023,True
PDL,0.47770700636944613,0.0,6.0,0.0,0.0,0.17834394904457584,12.0,0.0,0.08939710582291926,1.0583348383601199,1028,2023-05-02 10:33:13,bear,4.0,1,410.88,409.68,1,2023,True
PDC,0.038461538461504824,0.0,4.0,1.0,0.5,0.8076923076922572,1.0,10.0,0.015101328247579815,0.13812154696132284,1029,2023-05-08 11:33:07,bear,-7.000000000000001,1,412.11,412.8,0,2023,True
PDH,0.1355932203390451,0.0,6.0,1.0,0.038461538461538464,0.8135593220338853,12.0,10.0,-0.012424816403577843,0.29313435728475223,1031,2023-05-25 13:18:19,bull,140.00000000000003,1,413.99,414.39,1,2023,True
PDH,0.22222222222220217,0.0,6.0,1.0,0.2,-0.7777777777777978,12.0,10.0,0.004546326435561632,0.5814235185813255,1032,2023-05-25 14:26:52,bull,-400.0,2,415.18,415.08,0,2023,True
PDH,0.5483870967741462,0.0,6.0,-1.0,-0.5,-0.4516129032258538,12.0,10.0,-0.060352872564295446,0.37792528707787376,1033,2023-05-25 14:42:07,bull,104.99999999999994,3,414.34,415.51,1,2023,True
PDH,0.2967032967032871,0.0,0.0,0.0,0.0,0.6813186813187101,-4.0,2.0,-0.10466677156679705,0.21390631384141656,1034,2023-05-26 09:50:11,bear,-240.0,1,416.96,417.02,0,2023,True
PDH,0.08333333333326316,0.0,0.0,-1.0,-0.1111111111111111,-0.6018518518518714,-12.0,2.0,-0.005901202138836048,0.8351960006729664,1035,2023-05-26 10:53:00,bear,-50.0,1,419.545,418.78,1,2023,True
PDH,0.48529411764711416,0.0,0.0,0.0,0.0,0.3088235294117315,2.0,0.0,-0.11533230753848489,0.2352885255252346,1036,2023-05-30 09:46:26,bear,41.99999999999999,3,421.75,420.6,1,2023,True
PDH,0.7804878048780928,1.0,6.0,0.0,0.0,0.21951219512190726,12.0,8.0,0.02075787976795196,0.035649776594726124,1038,2023-05-30 10:57:42,bear,540.0,2,420.61,420.23,1,2023,True
PDL,0.7199999999999136,0.0,6.0,0.0,0.0,0.04000000000007731,12.0,5.0,-0.043400766284407144,0.46088451619066273,1040,2023-05-31 11:00:30,bear,110.0,1,416.83,416.78,1,2023,True
PDL,0.23076923076902897,0.0,6.0,-1.0,-0.1111111111111111,-0.6666666666669582,-10.0,5.0,-0.017513454826678654,0.08358009360969199,1041,2023-05-31 14:12:39,bear,129.99999999999997,1,418.41,418.325,1,2023,True
PDC,0.38144329896906615,0.0,6.0,0.0,0.0,-0.4329896907215951,4.0,1.0,0.033136226537588964,0.16034078399463914,1042,2023-06-01 10:02:02,bear,-330.00000000000006,2,417.19,418.07,0,2023,True
PDC,0.0649350649350074,1.0,2.0,0.0,0.0,0.5064935064935008,2.0,2.0,0.039303132272672237,0.05025606662518722,1043,2023-06-01 10:12:59,bull,1395.0,5,418.07,419.145,1,2023,True
PDH,0.2598039215686187,0.0,4.0,0.0,0.0,-0.6225490196078454,-1.0,0.0,0.1850323299587675,0.5852170623285691,1044,2023-06-02 09:54:26,bull,-330.0,3,425.395,425.28,0,2023,True
PDH,0.30107526881715435,0.0,6.0,0.0,0.0,0.0752688172043497,-5.0,0.0,-0.056094955694918625,0.44689302941454123,1045,2023-06-02 10:10:59,bull,719.9999999999999,3,424.81,426.82,1,2023,True
PDH,0.8,0.0,6.0,1.0,0.5,0.01818181818179939,12.0,0.0,0.00608017524708071,1.1255083703773705,1047,2023-06-02 12:47:27,bull,-59.99999999999999,2,427.68,428.065,1,2023,True
PDH,0.3013698630137285,0.0,6.0,1.0,0.125,-0.6986301369862715,12.0,0.0,-0.01423506156468246,1.1538825309751255,1048,2023-06-02 13:17:27,bull,125.0,2,427.8,428.295,1,2023,True
PDH,0.14285714285702686,0.0,0.0,1.0,1.0,0.7142857142859463,-12.0,0.0,0.03342697459802757,1.0994987231627729,1049,2023-06-02 14:18:31,bear,-84.99999999999999,1,427.57,427.61,0,2023,True
PDH,0.0,0.0,6.0,1.0,0.5,-0.6447368421052828,12.0,0.0,0.008891915462005962,1.283930767048136,1050,2023-06-02 15:13:39,bull,-140.0,2,428.35,428.335,0,2023,True
PDH,0.07999999999992724,0.0,0.0,1.0,1.0,0.8000000000001819,-12.0,0.0,0.015135129349319598,1.2224534190863334,1051,2023-06-02 15:32:06,bear,-80.0,1,428.09,428.095,0,2023,True
PDC,0.4230769230769533,0.0,0.0,1.0,1.0,0.3923076923076647,2.0,0.0,0.026812393759700903,0.038575286100028805,1053,2023-06-05 10:15:33,bear,-839.0,3,427.9,428.665,0,2023,True
PDH,0.0,0.0,6.0,1.0,0.16666666666666666,0.6190476190474902,12.0,10.0,0.004171913686934481,0.07813775569704973,1055,2023-06-05 11:55:22,bull,-210.0000000000001,3,429.065,428.915,0,2023,True
PDC,0.1348314606741645,1.0,2.0,0.0,0.0,-0.15730337078650394,7.0,1.0,0.046543450670488706,0.030437836572239085,1056,2023-06-06 10:16:35,bull,119.99999999999991,2,427.23,427.52,1,2023,True
PDC,0.8124999999999408,0.0,6.0,1.0,0.3333333333333333,0.020833333333313594,12.0,3.0,0.04291162178513552,0.22477171622570236,1057,2023-06-06 11:04:03,bull,-200.0,2,428.06,427.93,0,2023,True
PDC,0.08695652173906596,0.0,0.0,-1.0,-0.05,0.6956521739132692,-12.0,4.0,0.02450750808351554,0.12877546242096027,1058,2023-06-06 12:29:52,bear,210.00000000000009,1,427.65,427.365,1,2023,True
PDC,0.38461538461540146,1.0,1.0,-1.0,-0.04,0.6153846153845985,3.0,5.0,0.036339885959602025,0.0023413720440235153,1059,2023-06-06 12:51:11,bear,100.0,1,427.09,427.165,0,2023,True
PDC,0.19642857142861492,1.0,2.0,1.0,1.0,0.8035714285713851,1.0,10.0,0.02610783761474167,0.07024116132052782,1060,2023-06-06 14:31:19,bull,50.0,1,427.4,427.86,1,2023,True
PDH,0.7045454545454634,0.0,0.0,0.0,0.0,0.20454545454539877,3.0,3.0,0.04681608488132927,0.02333395557214679,1062,2023-06-07 10:19:15,bear,220.00000000000003,2,428.66,428.18,1,2023,True
PDH,0.045977011494210816,1.0,2.0,1.0,0.5,-0.5632183908046052,6.0,6.0,0.05172766999610445,0.043167817808476006,1063,2023-06-07 10:34:27,bear,250.00000000000009,2,428.375,428.12,1,2023,True
PDL,0.0,0.0,0.0,1.0,0.14285714285714285,-0.9166666666665877,12.0,2.0,0.008909591393546634,0.10797234968957792,1064,2023-06-07 13:47:40,bear,-120.0,1,426.495,426.455,1,2023,True
PDL,0.43859649122811917,0.0,6.0,-1.0,-0.1111111111111111,0.36842105263148445,-12.0,3.0,0.014091455121689744,0.09858344971656052,1065,2023-06-07 13:57:50,bull,-239.99999999999997,3,426.455,426.99,1,2023,True
PDL,0.5420560747663681,1.0,1.0,0.0,0.0,0.24299065420558763,5.0,1.0,0.024233517420124695,0.0140802102644777,1066,2023-06-08 09:55:48,bear,-630.0000000000001,3,426.07,426.69,0,2023,True
PDC,0.9032258064513526,1.0,3.0,0.0,0.0,0.09677419354864736,3.0,8.0,0.03701419835618891,0.0937712450477246,1067,2023-06-08 10:16:22,bull,-150.0,5,426.97,427.26,1,2023,True
PDC,0.034090909091007454,0.0,6.0,0.0,0.0,0.6931818181817081,9.0,8.0,0.014920557537445589,0.22505098811449464,1068,2023-06-08 10:46:06,bull,319.99999999999994,5,427.53,427.94,1,2023,True
PDC,0.0,0.0,6.0,1.0,0.1111111111111111,-0.8918918918919583,12.0,8.0,-0.02259466070453353,0.3281993576669695,1069,2023-06-08 12:13:45,bull,33.00000000000001,3,427.97,428.41,1,2023,True
PDH,0.10204081632655192,0.0,3.0,0.0,0.0,0.28571428571425256,2.0,0.0,0.08025919787681968,0.25839793281654533,1070,2023-06-09 09:45:32,bull,120.0,2,430.68,431.12,1,2023,True
PDH,0.1764705882353597,0.0,6.0,0.0,0.0,-0.17647058823524822,7.0,0.0,0.020264898700905754,0.386432944572479,1071,2023-06-09 10:12:42,bull,120.0,2,431.23,431.89,1,2023,True
PDH,0.4363636363636439,0.0,6.0,0.0,0.0,-0.45454545454544515,12.0,0.0,-0.04916104995453807,0.3701375794399109,1072,2023-06-09 10:46:43,bull,-80.00000000000003,1,431.16,431.005,0,2023,True
PDH,0.0,0.0,0.0,0.0,0.0,0.155555555555651,2.0,0.0,0.07040064529184598,0.3096119375189055,1073,2023-06-09 10:58:32,bear,-190.00000000000003,2,430.9,431.04,0,2023,True
PDH,0.0,0.0,6.0,0.0,0.0,-0.47826086956510994,-1.0,0.0,-0.04597476991108351,0.34220266778406394,1074,2023-06-09 11:09:05,bull,-289.99999999999994,2,431.04,431.2,1,2023,True
PDC,0.16923076923079614,0.0,0.0,0.0,0.0,0.38461538461539807,2.0,0.0,0.020424330476531694,0.07558315309657004,1075,2023-06-12 10:42:20,bear,-280.0,2,430.315,430.695,0,2023,True
PDC,0.0,0.0,6.0,1.0,1.0,0.9375000000000592,2.0,0.0,0.013054974324688828,0.2162840996302151,1076,2023-06-12 11:35:08,bull,79.99999999999999,1,430.92,431.42,1,2023,True
PDH,0.10309278350517519,0.0,0.0,0.0,0.0,-0.5360824742267702,-5.0,0.0,0.0270069409784357,0.5266736582498766,1077,2023-06-13 11:13:03,bear,-240.00000000000003,3,436.14,436.83,0,2023,True
PDH,0.08139534883726618,0.0,0.0,-1.0,-0.2,0.7790697674418006,-10.0,0.0,0.014212671454871817,0.5958211844971251,1078,2023-06-13 11:36:03,bear,-360.0000000000001,3,436.44,436.405,1,2023,True
PDH,0.0,0.0,0.0,-1.0,-0.1111111111111111,-0.7692307692307961,-12.0,0.0,0.018168455086242652,0.6499867467241405,1079,2023-06-13 11:59:38,bear,-1000.0,5,436.675,436.565,1,2023,True
PDH,0.5405405405405032,0.0,6.0,0.0,0.0,0.040540540540656804,12.0,5.0,-0.012608585719742216,0.0914662032379221,1080,2023-06-14 10:31:54,bull,173.99999999999994,10,437.72,438.66,1,2023,True
PDC,0.0,0.0,0.0,0.0,0.0,0.7647058823529707,-6.0,2.0,-0.06904754695050697,0.30050385232381904,1084,2023-06-16 10:01:12,bull,-860.0000000000001,5,441.26,441.2,0,2023,True
PDL,0.14062500000005274,0.0,0.0,0.0,0.0,0.8124999999999889,1.0,0.0,-0.05974830202249981,0.21982778258691216,1085,2023-06-20 09:51:26,bull,-359.99999999999994,2,438.015,436.15,0,2023,True
PDL,0.3636363636364012,0.0,0.0,-1.0,-0.14285714285714285,0.03636363636359878,-7.0,10.0,-0.004027836741593571,0.08964898972484425,1086,2023-06-21 11:16:18,bull,135.0,1,434.64,435.825,1,2023,True
PDC,0.0,1.0,1.0,1.0,1.0,0.9947643979057639,8.0,3.0,0.06646817983391173,0.19776934575139737,1087,2023-06-22 10:19:31,bull,-270.0,2,435.71,435.04,0,2023,True
PDL,0.1500000000000142,1.0,1.0,0.0,0.0,0.8374999999999965,6.0,5.0,0.04357068993069424,0.06802877963287823,1088,2023-06-23 10:23:43,bull,-38.99999999999999,3,433.935,433.565,0,2023,True
PDC,0.7179487179487142,0.0,6.0,1.0,0.25,-0.23076923076914108,10.0,3.0,0.05503451021172667,0.23488096324000285,1089,2023-07-10 10:22:45,bull,-10.0,1,439.55,439.65,1,2023,True
PDH,0.23943661971840008,1.0,0.0,0.0,0.0,-0.7042253521126399,11.0,10.0,0.0024162447348263782,0.02201964152023228,1090,2023-07-24 11:07:25,bull,-5.0,1,454.04,454.19,1,2023,True
PDL,0.37500000000003947,0.0,6.0,0.0,0.0,0.47916666666660745,8.0,0.0,0.013101977622520522,0.3160457428750152,1091,2023-09-15 10:14:36,bear,390.0,3,446.305,444.92,1,2023,True
PDL,0.07142857142851343,0.0,0.0,-1.0,-0.041666666666666664,0.9285714285714866,-12.0,0.0,0.027821298573704745,0.8532118288215984,1092,2023-09-15 15:04:23,bull,-30.000000000000004,1,443.9,443.57,0,2023,True
PDC,0.04878048780496935,0.0,6.0,1.0,0.0,0.6951219512193921,8.0,10.0,1.2917590996863737e-06,0.10151024689548649,1093,2023-09-18 11:23:00,bull,210.00000000000009,2,443.755,444.055,1,2023,True
PDH,0.75,0.0,3.0,0.0,0.0,0.0,3.0,0.0,0.0715748595907506,0.18500970172825593,1094,2023-09-20 09:47:27,bull,-320.0000000000001,2,444.04,444.09,1,2023,True
PDL,0.03999999999996362,0.0,0.0,0.0,0.0,0.9133333333333363,1.0,0.0,0.08530133985360511,0.7082088360741756,1095,2023-09-21 10:41:52,bull,-330.00000000000006,6,435.325,434.54,0,2023,True
PDH,0.0,0.0,0.0,1.0,0.3333333333333333,1.0,12.0,0.0,0.02701100205144691,0.4312520071569459,1096,2023-09-22 11:40:59,bull,-230.0,2,434.06,432.91,0,2023,True
PDC,0.07926829268292472,0.0,6.0,1.0,1.0,0.7560975609756216,8.0,10.0,0.029353106349838676,0.2963186762108494,1097,2023-09-25 11:49:40,bull,-60.0,1,431.555,431.34,0,2023,True
PDL,0.40909090909090123,0.0,6.0,-1.0,-0.5,0.5909090909090987,12.0,3.0,-0.05776159179176066,0.5347593582887611,1098,2023-10-03 12:36:56,bear,-90.0,1,422.22,421.68,1,2023,True
