timestamp_et,spy_close,vix,ribbon_stack,ribbon_spread_cents,htf_15m_stack,bear_score,blockers,triggers_fired,rejection_level,passed
2026-05-19T13:25:00-04:00,736.98,17.950000762939453,BULL,204.07695210941483,,7,5|8|10,,,False
2026-05-19T13:30:00-04:00,736.77,17.979999542236328,BULL,202.20105674004571,,7,5|8|10,,,False
2026-05-19T13:35:00-04:00,737.22,17.950000762939453,BULL,204.07159724254598,,6,5|8|9|10,,,False
2026-05-19T13:40:00-04:00,737.12,17.950000762939453,BULL,203.39914600995144,,7,5|8|10,,,False
2026-05-19T13:45:00-04:00,736.73,18.010000228881836,BULL,197.68069254171223,,8,5|10,,,False
2026-05-19T13:50:00-04:00,736.45,18.030000686645508,BULL,188.96942355298734,,8,5|8,level_rejection,736.6,False
2026-05-19T13:55:00-04:00,736.77,17.950000762939453,BULL,183.97083258528255,,5,5|7|8|9|10,,,False
2026-05-19T14:00:00-04:00,736.91,17.920000076293945,BULL,180.21705906322723,,4,1|5|7|8|9|10,,,False
2026-05-19T14:05:00-04:00,737.11,17.899999618530273,BULL,178.1208542488116,,5,1|5|8|9|10,,,False
2026-05-19T14:10:00-04:00,736.9946,17.889999389648438,BULL,174.18128729207183,,6,1|5|8|10,,,False
2026-05-19T14:15:00-04:00,736.81,17.93000030517578,BULL,168.04303523263115,,6,1|5|8|10,,,False
2026-05-19T14:20:00-04:00,736.25,17.940000534057617,BULL,156.3022971824239,,7,1|5|8,level_rejection,736.6,False
2026-05-19T14:25:00-04:00,735.88,18.010000228881836,BULL,141.9626682479361,,8,1|5,level_rejection,736.6,False
2026-05-19T14:30:00-04:00,736.07,18.06999969482422,BULL,131.2842405627407,,6,1|5|7|9,level_rejection,736.1,False
2026-05-19T14:35:00-04:00,735.695,18.049999237060547,BULL,117.91285546552217,,6,1|5|7|8,level_rejection,736.1,False
2026-05-19T14:40:00-04:00,735.85,17.989999771118164,BULL,107.81356593680584,,5,1|5|8|9|10,,,False
2026-05-19T14:45:00-04:00,735.675,17.979999542236328,BULL,97.09599515264244,,7,1|5|8,level_rejection,735.85,False
2026-05-19T14:50:00-04:00,734.89,18.049999237060547,MIXED,82.54312645182154,,6,1|5|9|10,,,False
2026-05-19T14:55:00-04:00,734.45,18.07999992370605,MIXED,70.48812752216236,,6,1|5|8|10,,,False
2026-05-19T15:00:00-04:00,734.56,18.030000686645508,MIXED,60.351036604515684,,5,5|7|8|9|10,,,False
2026-05-19T15:05:00-04:00,735.24,17.920000076293945,MIXED,55.0198156755755,,6,5|8|9|10,,,False
2026-05-19T15:10:00-04:00,736.01,17.850000381469727,MIXED,54.36980639254898,,6,5|8|9|10,,,False
2026-05-19T15:15:00-04:00,735.34,17.93000030517578,MIXED,49.94809840876542,,9,5,level_rejection|trendline_rejection,736.1,False
2026-05-19T15:20:00-04:00,734.21,18.09000015258789,MIXED,39.76697341056479,,9,5,level_rejection|trendline_rejection,734.13,False
2026-05-19T15:25:00-04:00,734.77,18.049999237060547,MIXED,33.82449283034248,,5,5|7|8|9|10,,,False
2026-05-19T15:30:00-04:00,734.31,18.06999969482422,MIXED,26.03252671814289,,5,5|6|7|8|10,,,False
2026-05-19T15:35:00-04:00,734.17,18.09000015258789,MIXED,24.285357377641503,,7,5|6|8,level_rejection,734.13,False
2026-05-19T15:40:00-04:00,733.86,18.1200008392334,MIXED,27.48765993297866,,7,5|6|8,level_rejection,734.13,False
2026-05-19T15:45:00-04:00,733.8,18.09000015258789,MIXED,29.882810759124823,,6,5|6|8|10,,,False
2026-05-20T09:35:00-04:00,734.89,18.010000228881836,BEAR,29.91133117661775,,7,1|6|8,level_rejection|confluence|trendline_rejection,735.0,False
2026-05-20T09:40:00-04:00,735.98,17.8799991607666,BEAR,14.384040794379871,,6,1|6|8|9,level_rejection,736.1,False
2026-05-20T09:45:00-04:00,736.023,17.90999984741211,MIXED,5.943655681744531,,6,1|5|6|8,level_rejection|trendline_rejection,736.75,False
2026-05-20T09:50:00-04:00,735.99,17.889999389648438,MIXED,9.95356411914372,,5,1|5|6|8|9,level_rejection|trendline_rejection,736.5,False
2026-05-20T09:55:00-04:00,736.13,17.829999923706055,BULL,19.58326388016758,,4,1|5|6|8|9|10,,,False
2026-05-20T10:00:00-04:00,735.17,17.93000030517578,BULL,17.96368398463528,,7,5|6|9,level_rejection|sequence_rejection,736.1,False
2026-05-20T10:05:00-04:00,734.745,17.969999313354492,BULL,12.190655126016736,,6,5|6|8|9,level_rejection|confluence,735.0,False
2026-05-20T10:10:00-04:00,735.3,17.940000534057617,BULL,13.036499299823845,,5,5|6|7|8|9,level_rejection,735.7,False
2026-05-20T10:15:00-04:00,737.32,17.700000762939453,BULL,34.26814670044678,,6,5|7|8|9,level_rejection|confluence,737.72,False
2026-05-20T10:20:00-04:00,736.87,17.75,BULL,46.932252454303125,,8,5|8,level_rejection|confluence,737.72,False
2026-05-20T10:25:00-04:00,737.89,17.670000076293945,BULL,67.47864696648094,,6,5|8|9|10,,,False
2026-05-20T10:30:00-04:00,738.19,17.6299991607666,BULL,87.03878095628852,,5,5|7|8|9|10,,,False
2026-05-20T10:35:00-04:00,737.94,17.700000762939453,BULL,100.0617553679831,,7,5|9|10,,,False
2026-05-20T10:40:00-04:00,738.3,17.729999542236328,BULL,113.85870951772858,,6,5|8|9|10,,,False
2026-05-20T10:45:00-04:00,738.01,17.81999969482422,BULL,121.5788950897263,,7,5|9|10,,,False
2026-05-20T10:50:00-04:00,738.72,17.770000457763672,BULL,134.46208617172033,,6,5|8|9|10,,,False
2026-05-20T10:55:00-04:00,739.2,17.729999542236328,BULL,149.16802119440717,,5,5|7|8|9|10,,,False
2026-05-20T11:00:00-04:00,738.82,17.799999237060547,BULL,156.51127960259146,,7,5|9|10,,,False
2026-05-20T11:05:00-04:00,738.83,17.829999923706055,BULL,161.73803269853124,,6,5|8|9|10,,,False
2026-05-20T11:10:00-04:00,738.8,17.84000015258789,BULL,164.7860452572786,,6,5|8|9|10,,,False
2026-05-20T11:15:00-04:00,740.38,17.610000610351562,BULL,182.4535888463629,,5,5|7|8|9|10,,,False
2026-05-20T11:20:00-04:00,740.2,17.68000030517578,BULL,194.07848713916565,,6,5|7|9|10,,,False
2026-05-20T11:25:00-04:00,739.295,17.709999084472656,BULL,193.26963683097347,,7,5|8|10,,,False
2026-05-20T11:30:00-04:00,739.93,17.6200008392334,BULL,197.95728971561175,,5,5|7|8|9|10,,,False
2026-05-20T11:35:00-04:00,739.92,17.6200008392334,BULL,200.5549676574219,,6,5|8|9|10,,,False
2026-05-20T11:40:00-04:00,740.315,17.639999389648438,BULL,205.55186341331364,,6,5|8|9|10,,,False
2026-05-20T11:45:00-04:00,740.7266,17.639999389648438,BULL,212.6615452685087,,6,5|8|9|10,,,False
2026-05-20T11:50:00-04:00,740.71,17.649999618530273,BULL,217.09742629658422,,6,5|8|9|10,,,False
2026-05-20T11:55:00-04:00,740.24,17.700000762939453,BULL,214.6826262887771,,7,5|9|10,,,False
2026-05-20T12:00:00-04:00,740.26,17.719999313354492,BULL,211.64956840314062,,6,5|8|9|10,,,False
2026-05-20T12:05:00-04:00,740.182,17.719999313354492,BULL,207.1258906755702,,6,5|8|9|10,,,False
2026-05-20T12:10:00-04:00,740.08,17.75,BULL,201.15816793351087,,6,5|8|9|10,,,False
2026-05-20T12:15:00-04:00,739.68,17.790000915527344,BULL,190.99719373780317,,6,5|8|9|10,,,False
2026-05-20T12:20:00-04:00,739.21,17.790000915527344,BULL,176.7336686338126,,7,5|8|10,,,False
2026-05-20T12:25:00-04:00,738.93,17.850000381469727,BULL,161.1191455533799,,8,5|10,,,False
2026-05-20T12:30:00-04:00,738.69,17.8700008392334,BULL,144.89309948985465,,7,5|8|10,,,False
2026-05-20T12:35:00-04:00,738.85,17.81999969482422,BULL,132.34053042601772,,6,5|8|9|10,,,False
2026-05-20T12:40:00-04:00,739.94,17.739999771118164,BULL,132.3711265284942,,6,5|8|9|10,,,False
2026-05-20T12:45:00-04:00,739.12,17.770000457763672,BULL,123.2570910994582,,7,5|8|10,,,False
2026-05-20T12:50:00-04:00,739.44,17.739999771118164,BULL,118.31052499687758,,6,5|8|9|10,,,False
2026-05-20T12:55:00-04:00,739.365,17.700000762939453,BULL,112.78850548981154,,7,5|8|10,,,False
2026-05-20T13:00:00-04:00,739.1,17.729999542236328,BULL,104.8867955423816,,8,,trendline_rejection,,True
2026-05-20T13:10:00-04:00,739.67,17.670000076293945,BULL,96.51463680909274,,5,5|7|8|9|10,,,False
2026-05-20T13:15:00-04:00,739.729,17.649999618530273,BULL,96.18574976421996,,5,5|7|8|9|10,,,False
2026-05-20T13:20:00-04:00,739.64,17.649999618530273,BULL,94.44633971703524,,7,,trendline_rejection,,True
2026-05-20T13:20:00-04:00,739.64,17.649999618530273,BULL,94.44633971703524,,7,,trendline_rejection,,True
2026-05-20T13:25:00-04:00,740.155,17.579999923706055,BULL,97.72066533587349,,5,5|7|8|9|10,,,False
2026-05-20T13:30:00-04:00,740.0,17.56999969482422,BULL,98.26124403513177,,7,7,trendline_rejection,,False
2026-05-20T13:35:00-04:00,740.44,17.540000915527344,BULL,102.62252888970806,,5,5|7|8|9|10,,,False
2026-05-20T13:40:00-04:00,740.2575,17.540000915527344,BULL,103.74756466583221,,5,5|7|8|9|10,,,False
2026-05-20T13:45:00-04:00,740.14,17.520000457763672,BULL,102.86859953328076,,7,5|8|10,,,False
2026-05-20T13:50:00-04:00,739.67,17.549999237060547,BULL,96.7502165407268,,7,5|8|10,,,False
2026-05-20T13:55:00-04:00,739.85,17.549999237060547,BULL,92.99253596643666,,6,5|8|9|10,,,False
2026-05-20T14:00:00-04:00,740.11,17.489999771118164,BULL,92.013961640248,,4,1|5|7|8|9|10,,,False
2026-05-20T14:05:00-04:00,740.07,17.459999084472656,BULL,90.26473165987454,,6,1|5|8|10,,,False
2026-05-20T14:10:00-04:00,740.065,17.469999313354492,BULL,88.24924385291979,,6,1|5|8|10,,,False
2026-05-20T14:15:00-04:00,740.11,17.5,BULL,86.53680639150707,,5,1|5|8|9|10,,,False
2026-05-20T14:20:00-04:00,739.725,17.549999237060547,BULL,80.69575398070583,,6,1|5|8|10,,,False
2026-05-20T14:25:00-04:00,740.08,17.530000686645508,BULL,79.04540911831646,,4,1|5|7|8|9|10,,,False
2026-05-20T14:30:00-04:00,740.38,17.489999771118164,BULL,80.2888841345407,,4,1|5|7|8|9|10,,,False
2026-05-20T14:35:00-04:00,740.7175,17.459999084472656,BULL,84.28693715584359,,5,1|5|8|9|10,,,False
2026-05-20T14:40:00-04:00,739.78,17.5,BULL,77.51617061852585,,6,1|5|8|10,,,False
2026-05-20T14:45:00-04:00,740.11,17.530000686645508,BULL,74.86489217898225,,5,1|5|8|9|10,,,False
2026-05-20T14:50:00-04:00,740.07,17.510000228881836,BULL,71.8404306503885,,5,1|5|8|9|10,,,False
2026-05-20T14:55:00-04:00,740.165,17.440000534057617,BULL,69.90434023532544,,4,1|5|7|8|9|10,,,False
2026-05-20T15:00:00-04:00,740.23,17.43000030517578,BULL,68.56822893061008,,5,5|7|8|9|10,,,False
2026-05-20T15:05:00-04:00,740.19,17.469999313354492,BULL,66.66175707700859,,7,5|8|10,,,False
2026-05-20T15:10:00-04:00,740.54,17.450000762939453,BULL,68.2770673485038,,6,5|8|9|10,,,False
2026-05-20T15:15:00-04:00,740.69,17.43000030517578,BULL,70.73760193120506,BULL,5,5|8|9|10,,,False
2026-05-20T15:20:00-04:00,740.745,17.43000030517578,BULL,72.90930906956419,BULL,5,5|8|9|10,,,False
2026-05-20T15:25:00-04:00,740.82,17.399999618530273,BULL,75.03497319457892,BULL,5,5|8|9|10,,,False
2026-05-20T15:30:00-04:00,740.89,17.420000076293945,BULL,77.05936776269482,BULL,5,5|8|9|10,,,False
2026-05-20T15:35:00-04:00,741.41,17.3799991607666,BULL,83.58053549648048,BULL,5,5|8|9|10,,,False
2026-05-20T15:40:00-04:00,741.24,17.399999618530273,BULL,86.71991809103474,BULL,6,5|8|10,,,False
2026-05-20T15:45:00-04:00,741.085,17.389999389648438,BULL,87.21369667845238,BULL,6,5|8|10,,,False
2026-05-21T09:35:00-04:00,737.68,17.75,MIXED,37.2108119114273,BULL,6,1|5|8,level_rejection,738.0,False
2026-05-21T09:40:00-04:00,737.65,17.700000762939453,MIXED,21.822333087561674,BULL,5,1|5|6|8,level_rejection,738.0,False
2026-05-21T09:45:00-04:00,737.58,17.6200008392334,MIXED,27.51408797117847,BULL,5,1|5|6|8,level_rejection,738.0,False
2026-05-21T09:50:00-04:00,739.63,17.389999389648438,MIXED,24.057612969272668,BULL,2,1|5|6|7|8|9|10,,,False
2026-05-21T09:55:00-04:00,739.79,17.399999618530273,MIXED,20.2878621110699,BULL,2,1|5|6|7|8|9|10,,,False
2026-05-21T10:00:00-04:00,740.0599,17.3799991607666,MIXED,15.803118423605156,BULL,5,5|6|8|9,level_rejection|confluence,740.4617991776323,False
2026-05-21T10:05:00-04:00,740.39,17.389999389648438,MIXED,11.821256036682826,BULL,5,5|6|8|9,level_rejection|confluence,740.3980968328212,False
2026-05-21T10:10:00-04:00,739.44,17.510000228881836,MIXED,10.835706499119624,BULL,6,5|6|9,level_rejection|confluence,740.3980968328212,False
2026-05-21T10:15:00-04:00,738.235,17.600000381469727,MIXED,16.657064878586425,BULL,7,5|6,level_rejection,739.3,False
2026-05-21T10:20:00-04:00,737.88,17.700000762939453,BEAR,31.729387447694535,BULL,9,,level_rejection|ribbon_flip,738.0,True
2026-05-21T10:30:00-04:00,738.46,17.6299991607666,BEAR,43.30443139316458,BULL,7,8|9,level_rejection|ribbon_flip,738.85,False
2026-05-21T10:35:00-04:00,738.92,17.540000915527344,BEAR,42.7592361510051,BULL,6,8|9|10,,,False
2026-05-21T10:40:00-04:00,738.59,17.610000610351562,BEAR,45.42902177610131,BULL,8,9,level_rejection|sequence_rejection,738.85,False
2026-05-21T10:45:00-04:00,738.11,17.6299991607666,BEAR,52.25707280445704,BULL,7,8|9,level_rejection,738.67,False
2026-05-21T10:50:00-04:00,738.59,17.579999923706055,BEAR,52.668140572347966,BULL,5,7|8|9|10,,,False
2026-05-21T10:55:00-04:00,738.91,17.5,BEAR,49.43369401082691,BULL,5,7|8|9|10,,,False
2026-05-21T11:00:00-04:00,738.51,17.479999542236328,BEAR,50.56785926340126,BULL,7,8|9,level_rejection|trendline_rejection,738.85,False
2026-05-21T11:05:00-04:00,737.67,17.579999923706055,BEAR,59.77689390683736,BULL,8,9,level_rejection|trendline_rejection,738.0,False
2026-05-21T11:10:00-04:00,738.935,17.360000610351562,BEAR,54.09145362006029,BULL,6,7|8|9,level_rejection,739.3,False
2026-05-21T11:15:00-04:00,738.99,17.350000381469727,BEAR,48.540500068702386,BULL,5,7|8|9|10,,,False
2026-05-21T11:20:00-04:00,738.87,17.31999969482422,BEAR,44.91819714852454,BULL,8,8,level_rejection|trendline_rejection,739.3,False
2026-05-21T11:25:00-04:00,738.8,17.34000015258789,BEAR,42.39246590135508,BULL,7,8|9,level_rejection|trendline_rejection,738.85,False
2026-05-21T11:30:00-04:00,738.0,17.43000030517578,BEAR,48.23199609520543,BULL,9,,level_rejection|trendline_rejection,738.85,True
2026-05-21T11:40:00-04:00,739.12,17.299999237060547,BEAR,36.818210046715194,BULL,7,8|9,level_rejection,739.3,False
2026-05-21T11:45:00-04:00,739.69,17.229999542236328,BEAR,25.657196228007706,BULL,5,6|8|9|10,,,False
2026-05-21T11:50:00-04:00,739.57,17.229999542236328,MIXED,17.819292406329623,BULL,5,5|6|8|9,level_rejection|trendline_rejection,739.6,False
2026-05-21T11:55:00-04:00,739.3,17.290000915527344,MIXED,15.322349243137978,BULL,5,5|6|8|9,level_rejection|trendline_rejection,739.6,False
2026-05-21T12:00:00-04:00,739.76,17.239999771118164,MIXED,10.592456491212943,BULL,4,5|6|8|9|10,,,False
2026-05-21T12:05:00-04:00,739.93,17.190000534057617,MIXED,8.440719968757548,BULL,3,5|6|7|8|9|10,,,False
2026-05-21T12:10:00-04:00,739.44,17.239999771118164,MIXED,8.573918733134178,BULL,6,5|6|8,level_rejection|trendline_rejection,739.6,False
2026-05-21T12:15:00-04:00,739.175,17.260000228881836,MIXED,7.2986590166237875,BULL,6,5|6|8,level_rejection|trendline_rejection,739.3,False
2026-05-21T12:20:00-04:00,738.81,17.270000457763672,MIXED,5.558347484327442,BULL,6,5|6|8,level_rejection|trendline_rejection,739.3,False
2026-05-21T12:25:00-04:00,738.8,17.25,MIXED,7.230276340203545,BULL,5,5|6|8|9,level_rejection,738.85,False
2026-05-21T12:30:00-04:00,739.05,17.209999084472656,MIXED,7.29258087172866,MIXED,4,5|6|7|8|9|10,,,False
2026-05-21T12:35:00-04:00,738.71,17.239999771118164,BEAR,9.74300046971166,MIXED,8,6|8,level_rejection|ribbon_flip|trendline_rejection,738.85,False
2026-05-21T12:40:00-04:00,738.9,17.200000762939453,BEAR,11.0355011829256,MIXED,6,6|8|9|10,ribbon_flip,,False
2026-05-21T12:45:00-04:00,738.47,17.239999771118164,BEAR,16.421548409630304,MIXED,8,6|8,level_rejection|ribbon_flip|trendline_rejection,738.85,False
2026-05-21T12:50:00-04:00,738.61,17.18000030517578,BEAR,19.325403281675335,MIXED,7,6|8|9,level_rejection,738.67,False
2026-05-21T12:55:00-04:00,738.9,17.1200008392334,BEAR,18.640960912432547,MIXED,6,6|8|9|10,,,False
2026-05-21T13:00:00-04:00,739.07,17.09000015258789,BEAR,16.234854002948396,BULL,6,6|8|9,level_rejection,739.3,False
2026-05-21T13:05:00-04:00,739.09,17.059999465942383,BEAR,13.957909814962477,BULL,5,6|8|9|10,,,False
2026-05-21T13:10:00-04:00,740.45,16.989999771118164,MIXED,4.909249244656166,BULL,5,5|6|8|9,level_rejection|confluence,740.4617991776323,False
2026-05-21T13:15:00-04:00,741.76,16.860000610351562,BULL,28.24498947337588,BULL,5,5|6|8|9,level_rejection|confluence,742.0,False
2026-05-21T13:20:00-04:00,741.98,16.959999084472656,BULL,52.007092024553,BULL,6,5|8|9,level_rejection|confluence,742.0,False
2026-05-21T13:25:00-04:00,742.15,16.920000076293945,BULL,72.97472682159878,BULL,5,5|8|9|10,,,False
2026-05-21T13:25:00-04:00,742.15,16.920000076293945,BULL,72.97472682159878,BULL,5,5|8|9|10,level_reclaim|ribbon_flip|confluence,741.87,True
2026-05-21T13:30:00-04:00,742.28,16.940000534057617,BULL,91.11444565285183,BULL,5,5|8|9|10,,,False
2026-05-21T13:30:00-04:00,742.28,16.940000534057617,BULL,91.11444565285183,BULL,5,5|8|9|10,level_reclaim|confluence,742.0,True
2026-05-21T13:35:00-04:00,742.79,16.989999771118164,BULL,110.70095241410627,BULL,5,5|8|9|10,,,False
2026-05-21T13:40:00-04:00,743.55,17.0,BULL,133.91375999966613,BULL,5,5|8|9|10,,,False
2026-05-21T13:45:00-04:00,743.83,17.0,BULL,155.0746469359069,BULL,5,5|8|9|10,,,False
2026-05-21T13:50:00-04:00,744.58,16.959999084472656,BULL,179.2210633269974,BULL,5,5|8|9|10,,,False
2026-05-21T13:55:00-04:00,743.68,16.969999313354492,BULL,188.84452483031282,BULL,6,5|8|10,,,False
2026-05-21T14:00:00-04:00,742.97,17.06999969482422,BULL,188.4104930351782,BULL,6,1|5|8,level_rejection,743.21,False
2026-05-21T14:05:00-04:00,743.49,17.020000457763672,BULL,192.26116955910584,BULL,3,1|5|7|8|9|10,,,False
2026-05-21T14:10:00-04:00,742.89,17.020000457763672,BULL,188.18352652886006,BULL,5,1|5|7|8,level_rejection,743.21,False
2026-05-21T14:15:00-04:00,743.2004,16.920000076293945,BULL,186.90112889742068,BULL,5,1|5|8|9,level_rejection,743.21,False
2026-05-21T14:20:00-04:00,743.55,16.8799991607666,BULL,188.32434058878107,BULL,4,1|5|8|9|10,,,False
2026-05-21T14:25:00-04:00,743.34,16.93000030517578,BULL,186.25348640739503,BULL,4,1|5|8|9|10,,,False
2026-05-21T14:30:00-04:00,743.3,16.940000534057617,BULL,183.05672882149793,BULL,5,1|5|8|9,level_rejection,743.21,False
2026-05-21T14:35:00-04:00,743.09,16.8799991607666,BULL,177.21824748953168,BULL,5,1|5|8|9,level_rejection,743.21,False
2026-05-21T14:40:00-04:00,743.52,16.850000381469727,BULL,175.77250920792267,BULL,3,1|5|7|8|9|10,,,False
2026-05-21T14:45:00-04:00,742.38,17.0,BULL,161.92631908013482,BULL,5,1|5|7|8,level_rejection,743.21,False
2026-05-21T14:50:00-04:00,740.36,17.260000228881836,BULL,128.98614924281446,BULL,6,1|5|8,level_rejection|confluence,742.0,False
2026-05-21T14:55:00-04:00,741.0268,17.170000076293945,BULL,107.95611952676154,BULL,3,1|5|7|8|9|10,,,False
2026-05-21T15:00:00-04:00,741.85,17.010000228881836,BULL,98.43664250349775,BULL,6,5|8|9,level_rejection|confluence,741.87,False
2026-05-21T15:00:00-04:00,741.85,17.010000228881836,BULL,98.43664250349775,BULL,6,5|8|9,level_reclaim|confluence,741.3,True
2026-05-21T15:05:00-04:00,742.415,16.989999771118164,BULL,95.8014652277825,BULL,5,5|8|9|10,,,False
2026-05-21T15:05:00-04:00,742.415,16.989999771118164,BULL,95.8014652277825,BULL,5,5|8|9|10,level_reclaim|confluence,741.3,True
2026-05-21T15:10:00-04:00,742.5101,16.969999313354492,BULL,94.04673367615715,BULL,5,5|8|9|10,,,False
2026-05-21T15:15:00-04:00,742.79,16.93000030517578,BULL,94.91181307876104,BULL,5,5|8|9|10,,,False
2026-05-21T15:20:00-04:00,742.625,16.860000610351562,BULL,93.38594942096279,BULL,6,5|8|10,,,False
2026-05-21T15:25:00-04:00,742.68,16.760000228881836,BULL,92.1481492742032,BULL,4,5|7|8|9|10,,,False
2026-05-21T15:30:00-04:00,742.38,16.75,BULL,87.53195119859356,BULL,5,5|7|8|10,,,False
2026-05-21T15:35:00-04:00,742.71,16.709999084472656,BULL,86.59366618483091,BULL,5,5|8|9|10,,,False
2026-05-21T15:40:00-04:00,742.375,16.670000076293945,BULL,81.8989615018836,BULL,7,,trendline_rejection,,True
2026-05-21T15:40:00-04:00,742.375,16.670000076293945,BULL,81.8989615018836,BULL,7,,trendline_rejection,,True
2026-05-21T15:45:00-04:00,742.6,16.670000076293945,BULL,79.85754854680636,BULL,4,5|7|8|9|10,,,False
2026-05-22T09:35:00-04:00,747.79,16.75,BULL,161.58891725616513,BULL,4,1|5|8|9|10,,,False
2026-05-22T09:40:00-04:00,747.4169,16.920000076293945,BULL,191.55246452064603,BULL,6,1|5|8,level_rejection,747.97,False
2026-05-22T09:45:00-04:00,747.4,16.90999984741211,BULL,214.8978446942465,BULL,6,1|5|8,level_rejection,747.97,False
2026-05-22T09:50:00-04:00,747.33,16.889999389648438,BULL,232.1240881915287,BULL,5,1|5|8|10,,,False
2026-05-22T09:55:00-04:00,747.54,16.84000015258789,BULL,247.07613626688953,BULL,4,1|5|8|9|10,,,False
2026-05-22T10:00:00-04:00,746.21,16.8799991607666,BULL,244.3569680007613,BULL,7,5|8,level_rejection,747.27,False
2026-05-22T10:05:00-04:00,746.13,16.84000015258789,BULL,239.88023509391496,BULL,6,5|8|10,,,False
2026-05-22T10:10:00-04:00,745.56,16.8799991607666,BULL,228.98461075011483,BULL,6,5|8|9,level_rejection,746.24,False
2026-05-22T10:15:00-04:00,745.44,16.8799991607666,BULL,217.4670151627879,BULL,6,5|8|9,level_rejection,745.65,False
2026-05-22T10:20:00-04:00,744.98,16.8799991607666,BULL,202.03583153029285,BULL,5,5|8|9|10,,,False
2026-05-22T10:25:00-04:00,745.69,16.770000457763672,BULL,195.41581564857324,BULL,4,5|7|8|9|10,,,False
2026-05-22T10:30:00-04:00,745.94,16.690000534057617,BULL,191.3846899636269,BULL,5,5|8|9|10,,,False
2026-05-22T10:35:00-04:00,746.04,16.670000076293945,BULL,187.97493246191834,BULL,6,5|8|9,level_rejection,746.24,False
2026-05-22T10:40:00-04:00,746.38,16.649999618530273,BULL,187.54489899135933,BULL,6,5|8|9,level_rejection,746.45,False
2026-05-22T10:45:00-04:00,746.16,16.65999984741211,BULL,183.85288955497572,BULL,6,5|8|9,level_rejection,746.24,False
2026-05-22T10:50:00-04:00,746.23,16.65999984741211,BULL,180.45973375271842,BULL,5,5|8|9|10,,,False
2026-05-22T10:55:00-04:00,746.49,16.610000610351562,BULL,179.27084336281496,BULL,5,5|7|8|9,level_rejection,746.6,False
2026-05-22T11:00:00-04:00,746.8,16.6200008392334,BULL,180.4113425561809,BULL,5,5|8|9|10,,,False
2026-05-22T11:05:00-04:00,747.05,16.610000610351562,BULL,182.8480716740046,BULL,5,5|8|9|10,,,False
2026-05-22T11:10:00-04:00,747.03,16.610000610351562,BULL,183.58119548705645,BULL,6,5|8|10,,,False
2026-05-22T11:15:00-04:00,747.43,16.579999923706055,BULL,187.1951270447994,BULL,5,5|8|9|10,,,False
2026-05-22T11:20:00-04:00,747.25,16.6200008392334,BULL,187.2380962727675,BULL,6,5|8|9,level_rejection,747.27,False
2026-05-22T11:25:00-04:00,747.88,16.559999465942383,BULL,192.6102278463759,BULL,4,5|7|8|9|10,,,False
2026-05-22T11:30:00-04:00,747.62,16.600000381469727,BULL,193.25081282615884,BULL,6,5|7|8,level_rejection,747.97,False
2026-05-22T11:35:00-04:00,747.66,16.6299991607666,BULL,193.0588108980146,BULL,5,5|8|9|10,,,False
2026-05-22T11:40:00-04:00,747.74,16.600000381469727,BULL,192.5915742637926,BULL,5,5|8|9|10,,,False
2026-05-22T11:45:00-04:00,747.36,16.610000610351562,BULL,187.2068982306132,BULL,7,5|8,level_rejection,747.27,False
2026-05-22T11:50:00-04:00,747.605,16.6200008392334,BULL,184.18826138567965,BULL,4,5|7|8|9|10,,,False
2026-05-22T11:55:00-04:00,747.61,16.610000610351562,BULL,180.68350303860825,BULL,4,5|7|8|9|10,,,False
2026-05-22T12:00:00-04:00,747.57,16.59000015258789,BULL,176.34032851981374,BULL,6,5|8|10,,,False
2026-05-22T12:05:00-04:00,747.35,16.59000015258789,BULL,169.49643385117952,BULL,6,5|8|9,level_rejection,747.27,False
2026-05-22T12:10:00-04:00,747.39,16.559999465942383,BULL,163.28952083586046,BULL,5,5|8|9|10,,,False
2026-05-22T12:15:00-04:00,746.94,16.600000381469727,BULL,152.64249893499482,BULL,7,5|8,level_rejection,747.27,False
2026-05-22T12:20:00-04:00,746.98,16.579999923706055,BULL,143.40709026469085,BULL,6,5|8|9,level_rejection,747.27,False
2026-05-22T12:25:00-04:00,747.38,16.559999465942383,BULL,139.05957007358438,BULL,4,5|7|8|9|10,,,False
2026-05-22T12:30:00-04:00,747.02,16.579999923706055,BULL,131.00091166529637,BULL,7,5|8,level_rejection|trendline_rejection,747.27,False
2026-05-22T12:35:00-04:00,747.01,16.59000015258789,BULL,123.50953121494967,BULL,6,5|8|9,level_rejection|trendline_rejection,747.27,False
2026-05-22T12:40:00-04:00,747.03,16.579999923706055,BULL,116.83434652275082,BULL,6,5|8|9,level_rejection,747.27,False
2026-05-22T12:45:00-04:00,747.15,16.530000686645508,BULL,111.88953376401969,BULL,5,5|7|8|9,level_rejection,747.27,False
2026-05-22T12:50:00-04:00,747.49,16.5,BULL,110.64108984130598,BULL,5,5|8|9|10,,,False
2026-05-22T12:55:00-04:00,747.28,16.510000228881836,BULL,106.82667769585805,BULL,7,,trendline_rejection,,True
2026-05-22T13:05:00-04:00,747.74,16.520000457763672,BULL,108.23512185185109,BULL,6,7,trendline_rejection,,False
2026-05-22T13:10:00-04:00,747.65,16.510000228881836,BULL,106.7393712166222,BULL,7,,trendline_rejection,,True
2026-05-22T13:10:00-04:00,747.65,16.510000228881836,BULL,106.7393712166222,BULL,7,,trendline_rejection,,True
2026-05-22T13:15:00-04:00,746.83,16.530000686645508,BULL,96.51989476890321,BULL,7,5|8,level_rejection|trendline_rejection,747.27,False
2026-05-22T13:20:00-04:00,747.38,16.56999969482422,BULL,93.16732290944856,BULL,4,5|7|8|9|10,,,False
2026-05-22T13:25:00-04:00,748.735,17.389999389648438,BULL,103.69426194681637,BULL,5,5|7|9|10,,,False
2026-05-22T13:30:00-04:00,747.9799,16.600000381469727,BULL,104.03932983207369,BULL,7,5|8,level_rejection,747.97,False
2026-05-22T13:35:00-04:00,748.29,16.579999923706055,BULL,106.88067235096241,BULL,5,5|8|9|10,,,False
2026-05-22T13:40:00-04:00,748.02,16.579999923706055,BULL,105.83839026822943,BULL,7,5|8,level_rejection,747.97,False
2026-05-22T13:45:00-04:00,747.75,16.59000015258789,BULL,101.60923479339772,BULL,7,5|8,level_rejection,747.97,False
2026-05-22T13:50:00-04:00,747.3001,16.579999923706055,BULL,92.94891317973679,BULL,7,5|8,level_rejection,747.27,False
2026-05-22T13:55:00-04:00,747.37,16.59000015258789,BULL,86.00005451671677,BULL,6,5|8|9,level_rejection,747.27,False
2026-05-22T14:00:00-04:00,747.12,16.610000610351562,BULL,77.23452025430788,BULL,6,1|5|8,level_rejection,747.27,False
2026-05-22T14:05:00-04:00,747.34,16.6200008392334,BULL,71.82242199627353,BULL,4,1|5|8|9|10,,,False
2026-05-22T14:10:00-04:00,747.215,16.639999389648438,BULL,65.67852534101348,BULL,6,1|5|8,level_rejection,747.27,False
2026-05-22T14:15:00-04:00,747.3101,16.65999984741211,BULL,61.2147180306124,BULL,4,1|5|8|9|10,,,False
2026-05-22T14:20:00-04:00,747.52,16.649999618530273,BULL,59.329665267944165,BULL,4,1|5|8|9|10,,,False
2026-05-22T14:25:00-04:00,747.31,16.600000381469727,BULL,55.291052411951114,BULL,5,1|5|8|9,level_rejection,747.27,False
2026-05-22T14:30:00-04:00,747.27,16.579999923706055,MIXED,51.65157074893614,BULL,4,1|5|8|9|10,,,False
2026-05-22T14:35:00-04:00,747.19,16.559999465942383,MIXED,48.265390650146855,BULL,6,1|5|8,level_rejection,747.27,False
2026-05-22T14:40:00-04:00,747.33,16.549999237060547,MIXED,45.90103652884636,BULL,4,1|5|8|9|10,,,False
2026-05-22T14:45:00-04:00,747.08,16.559999465942383,MIXED,42.31019845650508,BULL,6,1|5|8,level_rejection,747.27,False
2026-05-22T14:50:00-04:00,747.34,16.530000686645508,MIXED,40.44444608291542,BULL,4,1|5|8|9|10,,,False
2026-05-22T14:55:00-04:00,747.12,16.520000457763672,MIXED,37.470787527081484,BULL,5,1|5|8|9,level_rejection,747.27,False
2026-05-22T15:00:00-04:00,746.5699,16.579999923706055,MIXED,31.75074842071126,BULL,7,5|8,level_rejection,747.0,False
2026-05-22T15:05:00-04:00,746.485,16.670000076293945,MIXED,26.20124607311709,BULL,6,5|6|8,level_rejection,746.6,False
2026-05-22T15:10:00-04:00,746.37,16.700000762939453,MIXED,20.65750401219475,BULL,6,5|6|8,level_rejection,746.6,False
2026-05-22T15:15:00-04:00,746.36,16.68000030517578,MIXED,15.71173950640059,BULL,6,6,trendline_rejection,,False
2026-05-22T15:20:00-04:00,746.15,16.739999771118164,MIXED,16.08656291331272,BULL,6,5|6|8,level_rejection|trendline_rejection,746.24,False
2026-05-22T15:25:00-04:00,745.58,16.829999923706055,MIXED,20.346099538187445,BULL,6,5|6|8,level_rejection|trendline_rejection,745.65,False
2026-05-22T15:30:00-04:00,745.83,16.829999923706055,BEAR,25.391972295301457,BULL,4,6|7|8|9|10,ribbon_flip,,False
2026-05-22T15:35:00-04:00,745.86,16.8799991607666,BEAR,30.98080936564429,BULL,5,7|8|9|10,ribbon_flip,,False
2026-05-22T15:40:00-04:00,745.64,16.90999984741211,BEAR,37.63996515311874,BULL,8,8,level_rejection|ribbon_flip|trendline_rejection,745.65,False
2026-05-22T15:45:00-04:00,745.46,16.889999389648438,BEAR,44.73209926902655,BULL,8,,trendline_rejection,,True
2026-05-22T15:45:00-04:00,745.46,16.889999389648438,BEAR,44.73209926902655,BULL,8,,trendline_rejection,,True
2026-05-26T09:35:00-04:00,749.73,16.04,BULL,17.374907071746293,BULL,4,1|5|6|8|9,level_rejection,749.9,False
2026-05-26T09:40:00-04:00,750.63,15.94,BULL,54.11645271810812,BULL,4,1|5|8|9|10,,,False
2026-05-26T09:45:00-04:00,750.98,15.96,BULL,87.57966836485593,BULL,5,1|5|8|9,level_rejection,751.0,False
2026-05-26T09:50:00-04:00,750.14,15.98,BULL,106.00960269620145,BULL,6,1|5|8,level_rejection,751.0,False
2026-05-26T09:55:00-04:00,750.78,15.96,BULL,127.07439067303312,BULL,4,1|5|8|9|10,,,False
2026-05-26T10:00:00-04:00,751.1101,15.92,BULL,147.0203715130424,BULL,5,5|8|9|10,,,False
2026-05-26T10:05:00-04:00,751.315,15.92,BULL,164.65266263214744,BULL,5,5|8|9|10,,,False
2026-05-26T10:10:00-04:00,751.44,15.99,BULL,179.4646182307588,BULL,5,5|8|9|10,,,False
2026-05-26T10:15:00-04:00,751.595,15.99,BULL,192.17756937463264,BULL,5,5|8|9|10,,,False
2026-05-26T10:20:00-04:00,751.5299,16.01,BULL,200.84476203884378,BULL,6,5|8|9,level_rejection,751.69,False
2026-05-26T10:25:00-04:00,751.54,16.05,BULL,206.90251366341954,BULL,5,5|7|8|9,level_rejection,751.69,False
2026-05-26T10:30:00-04:00,751.39,16.04,BULL,209.145898301324,BULL,5,5|7|8|9,level_rejection,751.69,False
2026-05-26T10:35:00-04:00,751.715,16.01,BULL,213.08713057912883,BULL,5,5|7|8|9,level_rejection,751.69,False
2026-05-26T10:40:00-04:00,752.0399,16.01,BULL,218.40025956217914,BULL,4,5|7|8|9|10,,,False
2026-05-26T10:45:00-04:00,751.729,15.96,BULL,218.32256817469897,BULL,6,5|8|9,level_rejection,751.69,False
2026-05-26T10:50:00-04:00,751.53,15.91,BULL,214.9550634877528,BULL,6,5|8|9,level_rejection,751.69,False
2026-05-26T10:55:00-04:00,751.4,15.93,BULL,209.60653156737408,BULL,5,5|8|9|10,,,False
2026-05-26T11:00:00-04:00,750.7601,15.88,BULL,197.45740892981303,BULL,7,5|8,level_rejection,751.0,False
2026-05-26T11:05:00-04:00,750.8902,15.89,BULL,187.6451132981856,BULL,5,5|7|8|9,level_rejection,750.9,False
2026-05-26T11:10:00-04:00,750.59,15.91,BULL,175.4204555876413,BULL,7,5|8,level_rejection,750.9,False
2026-05-26T11:15:00-04:00,750.3999,15.93,BULL,162.4072066501867,BULL,7,5|8,level_rejection,750.44,False
2026-05-26T11:20:00-04:00,750.15,15.94,BULL,148.2112864937335,BULL,7,5|8,level_rejection,750.44,False
2026-05-26T11:25:00-04:00,749.85,15.96,BULL,132.61457495698323,BULL,7,5|8,level_rejection,750.0,False
2026-05-26T11:30:00-04:00,749.84,15.97,BULL,118.91631897075285,BULL,7,5|8,level_rejection,749.9,False
2026-05-26T11:35:00-04:00,749.83,15.96,BULL,106.85876554200604,BULL,6,5|8|9,level_rejection,749.9,False
2026-05-26T11:40:00-04:00,749.375,16.02,BULL,91.67961802600075,BULL,6,5|8|10,,,False
2026-05-26T11:45:00-04:00,749.0999,16.02,MIXED,78.81081638283831,BULL,7,5|8,level_rejection|confluence,749.131,False
2026-05-26T11:50:00-04:00,748.55,16.02,MIXED,66.91872673362695,BULL,7,5|8,level_rejection|confluence,749.131,False
2026-05-26T11:55:00-04:00,748.93,16.0,MIXED,58.406276817527214,BULL,6,5|8|9,level_rejection|confluence,748.94,False
2026-05-26T12:00:00-04:00,749.245,15.98,MIXED,52.50613796198422,BULL,5,5|8|9|10,,,False
2026-05-26T12:05:00-04:00,748.88,15.97,MIXED,45.19530360838644,BULL,7,5|8,level_rejection|confluence,749.131,False
2026-05-26T12:10:00-04:00,748.9,15.95,MIXED,38.783878640276725,BULL,6,5|8|9,level_rejection|confluence,749.131,False
2026-05-26T12:15:00-04:00,749.32,15.94,MIXED,35.35478436322137,BULL,5,5|8|9|10,,,False
2026-05-26T12:20:00-04:00,749.43,15.93,MIXED,32.840109604376266,BULL,5,5|8|9|10,,,False
2026-05-26T12:25:00-04:00,749.74,15.92,MIXED,32.217208731617575,BULL,5,5|8|9|10,,,False
2026-05-26T12:30:00-04:00,749.98,15.93,MIXED,32.85752037951397,BULL,5,5|8|9|10,,,False
2026-05-26T12:35:00-04:00,749.71,15.93,MIXED,31.81609007830275,BULL,6,5|8|9,level_rejection,750.0,False
2026-05-26T12:40:00-04:00,749.2401,15.95,MIXED,28.231346036238847,BULL,4,5|6|8|9|10,,,False
2026-05-26T12:45:00-04:00,748.87,15.94,MIXED,22.996494905316922,BULL,6,5|6|8,level_rejection|confluence,749.131,False
2026-05-26T12:50:00-04:00,749.22,15.94,MIXED,20.26888748109741,BULL,3,5|6|7|8|9|10,,,False
2026-05-26T12:55:00-04:00,749.01,15.94,MIXED,16.680132398721526,BULL,5,5|6|8|9,level_rejection|confluence,749.131,False
2026-05-26T13:00:00-04:00,749.1034,15.96,MIXED,14.009152011794868,BULL,4,5|6|7|8|9,level_rejection|confluence,749.131,False
2026-05-26T13:05:00-04:00,749.12,16.0,MIXED,11.761175229810306,BULL,4,5|6|7|8|9,level_rejection|confluence,749.131,False
2026-05-26T13:10:00-04:00,749.2801,16.0,MIXED,10.672597737971046,BULL,4,5|6|8|9|10,,,False
2026-05-26T13:15:00-04:00,748.81,15.99,MIXED,11.921760802295012,BULL,5,5|6|8|9,level_rejection|confluence,749.131,False
2026-05-26T13:20:00-04:00,748.7301,15.98,MIXED,13.108774868464934,BULL,5,5|6|8|9,level_rejection|confluence,749.0,False
2026-05-26T13:25:00-04:00,748.65,15.97,BEAR,14.411636229579017,BULL,6,6|8|9,level_rejection|ribbon_flip|confluence,748.8,False
2026-05-26T13:30:00-04:00,749.07,15.94,BEAR,13.894562805364785,BULL,4,6|7|8|9|10,ribbon_flip,,False
2026-05-26T13:35:00-04:00,748.8403,15.95,BEAR,15.732306737618273,BULL,6,6|7|8,level_rejection|ribbon_flip|confluence|trendline_rejection,749.131,False
2026-05-26T13:40:00-04:00,748.84,15.98,BEAR,17.154549231554483,BULL,6,6|8|9,level_rejection|confluence,748.94,False
2026-05-26T13:45:00-04:00,749.205,15.98,BEAR,14.499340149416184,BULL,5,6|8|9|10,,,False
2026-05-26T13:50:00-04:00,749.06,15.95,BEAR,13.711387841942724,BULL,7,6|8,level_rejection|confluence,749.131,False
2026-05-26T13:55:00-04:00,749.03,15.97,BEAR,13.289739660046962,BULL,7,6,trendline_rejection,,False
2026-05-26T14:00:00-04:00,749.185,15.93,BEAR,11.283954626185277,BULL,3,1|6|7|8|9|10,,,False
2026-05-26T14:05:00-04:00,749.4,15.93,BEAR,7.375210343957406,BULL,3,1|6|7|8|9|10,,,False
2026-05-26T14:10:00-04:00,749.645,15.91,MIXED,1.7548318190506507,BULL,3,1|5|6|8|9|10,,,False
2026-05-26T14:15:00-04:00,749.92,15.9,BULL,5.929794835458324,BULL,3,1|5|6|8|9|10,,,False
2026-05-26T14:20:00-04:00,749.88,15.9,BULL,11.693026930856831,BULL,5,1|5|6|8,level_rejection,749.9,False
2026-05-26T14:25:00-04:00,749.655,15.91,BULL,14.06721176189194,BULL,5,1|5|6|8,level_rejection,749.9,False
2026-05-26T14:30:00-04:00,749.951,15.9,BULL,18.9575490762536,BULL,3,1|5|6|8|9|10,,,False
2026-05-26T14:35:00-04:00,749.7,15.93,BULL,20.306412121431094,BULL,5,1|5|6|8,level_rejection,749.9,False
2026-05-26T14:40:00-04:00,749.405,15.92,BULL,18.286781084998438,BULL,5,1|6,trendline_rejection,,False
2026-05-26T14:45:00-04:00,749.31,15.91,BULL,15.550310197397721,BULL,5,1|6,trendline_rejection,,False
2026-05-26T14:50:00-04:00,749.385,15.97,BULL,13.975134072893525,BULL,2,1|5|6|7|8|9|10,,,False
2026-05-26T14:55:00-04:00,749.1,15.91,BULL,9.690440384110843,BULL,4,1|5|6|7|8,level_rejection|confluence|trendline_rejection,749.131,False
2026-05-26T15:00:00-04:00,749.2,15.9,BULL,7.131651751456047,BULL,4,5|6|8|9|10,,,False
2026-05-26T15:05:00-04:00,749.405,15.92,BULL,7.0781774135184605,BULL,4,5|6|8|9|10,,,False
2026-05-26T15:10:00-04:00,749.195,15.98,MIXED,5.08621491184158,BULL,6,5|6|8,level_rejection,749.13,False
2026-05-26T15:15:00-04:00,749.43,15.97,BULL,5.387918836743211,BULL,4,5|6|8|9|10,,,False
2026-05-26T15:20:00-04:00,749.5,15.92,BULL,6.512973209441952,BULL,4,5|6|8|9|10,,,False
2026-05-26T15:25:00-04:00,749.51,15.91,BULL,7.502009322229242,BULL,4,5|6|8|9|10,,,False
2026-05-26T15:30:00-04:00,749.94,15.91,BULL,12.65916432269023,BULL,4,5|6|8|9|10,,,False
2026-05-26T15:35:00-04:00,750.21,15.91,BULL,19.580445318274542,BULL,4,5|6|8|9|10,,,False
2026-05-26T15:40:00-04:00,750.51,15.92,BULL,28.217880741362933,BULL,4,5|6|8|9|10,,,False
2026-05-26T15:45:00-04:00,750.59,15.93,BULL,35.97100327148155,BULL,5,5|8|9|10,,,False
2026-05-27T09:35:00-04:00,750.53,15.89,BULL,54.92004070915755,BULL,6,1|5|8,level_rejection,751.0,False
2026-05-27T09:40:00-04:00,749.47,15.88,BULL,45.131891203664054,BULL,6,1|5|8,level_rejection|confluence,750.49,False
2026-05-27T09:45:00-04:00,749.57,15.88,BULL,37.84173976648617,BULL,4,1|5|7|8|9,level_rejection|confluence,750.0,False
2026-05-27T09:50:00-04:00,750.11,15.82,BULL,37.13764010229852,BULL,5,1|5|8|9,level_rejection|confluence,750.4,False
2026-05-27T09:55:00-04:00,750.49,15.87,BULL,40.21976434281669,BULL,4,1|5|8|9|10,,,False
2026-05-27T10:00:00-04:00,751.239,15.85,BULL,50.16209526742159,BULL,6,5|8|9,level_rejection,751.3,False
2026-05-27T10:05:00-04:00,750.602,15.95,BULL,51.54376620095036,BULL,6,5|8|9,level_rejection,751.0,False
2026-05-27T10:10:00-04:00,750.83,15.9,BULL,54.70570110140898,BULL,6,5|8|9,level_rejection,750.9,False
2026-05-27T10:15:00-04:00,751.25,15.92,BULL,61.272039992741156,BULL,6,5|8|9,level_rejection,751.3,False
2026-05-27T10:20:00-04:00,750.15,16.0,BULL,55.08884316292324,BULL,6,5|8|9,level_rejection,751.3,False
2026-05-27T10:25:00-04:00,750.045,15.94,BULL,48.61263560508178,BULL,7,5|8,level_rejection|confluence,750.1028770403228,False
2026-05-27T10:30:00-04:00,750.338,15.98,BULL,45.99451373185275,BULL,5,5|7|8|9,level_rejection|confluence,750.49,False
2026-05-27T10:35:00-04:00,750.95,15.94,BULL,49.81871374434377,BULL,5,5|8|9|10,,,False
2026-05-27T10:40:00-04:00,750.425,15.96,BULL,47.31517723132583,BULL,6,5|8|9,level_rejection,751.0,False
2026-05-27T10:45:00-04:00,750.0,15.91,BULL,40.64425113472225,BULL,6,5|8|9,level_rejection|confluence,750.49,False
2026-05-27T10:50:00-04:00,750.3,15.88,BULL,37.98393142186569,BULL,6,5|8|9,level_rejection|confluence,750.4,False
2026-05-27T10:55:00-04:00,749.68,15.91,BULL,29.248718530118367,BULL,5,5|6|8|9,level_rejection|confluence,750.24,False
2026-05-27T11:00:00-04:00,749.77,15.91,MIXED,23.05651166896041,BULL,4,5|6|7|8|9,level_rejection|confluence,750.0,False
2026-05-27T11:05:00-04:00,750.01,15.93,MIXED,21.012936235536017,BULL,4,5|6|7|8|9,level_rejection|confluence,750.1028770403228,False
2026-05-27T11:10:00-04:00,749.83,15.87,MIXED,18.178179571793862,BULL,5,5|6|8|9,level_rejection|confluence,750.1028770403228,False
2026-05-27T11:15:00-04:00,749.18,15.88,MIXED,12.11000618111484,BULL,5,5|6|8|9,level_rejection,749.6,False
2026-05-27T11:20:00-04:00,749.45,15.9,MIXED,8.934460944192324,BULL,3,5|6|7|8|9|10,,,False
2026-05-27T11:25:00-04:00,749.54,15.89,MIXED,9.881274000804297,BULL,4,5|6|8|9|10,,,False
2026-05-27T11:30:00-04:00,749.84,15.89,MIXED,9.0525266569216,BULL,5,5|6|8|9,level_rejection|confluence,750.1028770403228,False
2026-05-27T11:35:00-04:00,749.12,15.9,BEAR,11.918084535591333,BULL,6,6|8|9,level_rejection|ribbon_flip,749.6,False
2026-05-27T11:40:00-04:00,748.62,15.97,BEAR,23.007889365237588,BULL,6,6|8|10,ribbon_flip,,False
2026-05-27T11:45:00-04:00,748.6746,15.97,BEAR,31.434155205556635,BULL,5,7|8|9|10,ribbon_flip,,False
2026-05-27T11:50:00-04:00,749.06,15.94,BEAR,34.245929714461454,BULL,6,8|9|10,,,False
2026-05-27T11:55:00-04:00,749.105,15.95,BEAR,35.898782635990756,BULL,6,8|9|10,,,False
2026-05-27T12:00:00-04:00,748.8,15.98,BEAR,40.16061050363078,BULL,7,8|10,,,False
2026-05-27T12:05:00-04:00,749.475,15.92,BEAR,36.54257621110446,BULL,6,8|9|10,,,False
2026-05-27T12:10:00-04:00,749.575,15.9,BEAR,32.33449801018651,BULL,7,8|9,level_rejection,749.6,False
2026-05-27T12:15:00-04:00,749.4,15.89,BEAR,30.471970171470275,BULL,8,8,level_rejection,749.6,False
2026-05-27T12:20:00-04:00,749.72,15.83,BEAR,25.49769381328133,BULL,5,6|8|9|10,,,False
2026-05-27T12:25:00-04:00,749.6701,15.86,BEAR,21.76856459859664,BULL,6,6|8|10,,,False
2026-05-27T12:30:00-04:00,749.8,15.82,BEAR,17.25019268100141,BULL,6,6|8|9,level_rejection|confluence,749.9341974590301,False
2026-05-27T12:35:00-04:00,750.07,15.83,BEAR,10.679693362851594,BULL,5,6|7|8|9,level_rejection|confluence,750.1028770403228,False
2026-05-27T12:40:00-04:00,750.25,15.83,MIXED,5.099855962282618,BULL,5,5|6|8|9,level_rejection|confluence,750.4,False
2026-05-27T12:45:00-04:00,750.51,15.83,MIXED,5.541364577106833,BULL,4,5|6|8|9|10,,,False
2026-05-27T12:50:00-04:00,750.1099,15.84,BULL,8.31557253027313,BULL,6,5|6|8,level_rejection|confluence,750.49,False
2026-05-27T12:55:00-04:00,749.79,15.86,BULL,7.484849447041597,BULL,6,5|6|8,level_rejection|confluence,750.1028770403228,False
2026-05-27T13:00:00-04:00,749.5499,15.85,BULL,4.308220851214628,BULL,5,5|6|8|9,level_rejection,749.6,False
2026-05-27T13:05:00-04:00,748.3,15.9,BEAR,11.08267041910267,BULL,7,6|8,level_rejection|ribbon_flip,749.6,False
2026-05-27T13:10:00-04:00,748.89,15.89,BEAR,17.65137595084525,BULL,4,6|7|8|9|10,ribbon_flip,,False
2026-05-27T13:15:00-04:00,749.305,15.88,BEAR,18.71426868568733,MIXED,6,6|8|9|10,ribbon_flip,,False
2026-05-27T13:20:00-04:00,749.43,15.87,BEAR,18.20350254533878,MIXED,6,6|8|9|10,,,False
2026-05-27T13:25:00-04:00,749.16,15.83,BEAR,20.43253153462956,MIXED,7,6|8|10,,,False
2026-05-27T13:30:00-04:00,749.58,15.82,BEAR,17.860289878387903,MIXED,6,6|8|9|10,,,False
2026-05-27T13:35:00-04:00,749.66,15.83,BEAR,14.8250341150856,MIXED,7,6|8|9,level_rejection|confluence,749.9341974590301,False
2026-05-27T13:40:00-04:00,749.38,15.87,BEAR,15.100275533507101,MIXED,8,6|8,level_rejection,749.6,False
2026-05-27T13:45:00-04:00,749.465,15.86,BEAR,14.37117211929717,MIXED,6,6|8|9|10,,,False
2026-05-27T13:50:00-04:00,749.86,15.86,BEAR,9.6573251599807,MIXED,6,6|8|9|10,,,False
2026-05-27T13:55:00-04:00,749.72,15.82,BEAR,7.154061332437323,MIXED,8,6|8,level_rejection|confluence|trendline_rejection,750.0,False
2026-05-27T14:00:00-04:00,749.52,15.82,BEAR,7.095086049537258,BULL,6,1|6|8,level_rejection|trendline_rejection,749.6,False
2026-05-27T14:05:00-04:00,749.8199,15.81,MIXED,5.0225990764488415,BULL,2,1|5|6|7|8|9|10,,,False
2026-05-27T14:10:00-04:00,750.04,15.81,MIXED,3.167230488452333,BULL,3,1|5|6|8|9|10,,,False
2026-05-27T14:15:00-04:00,750.33,15.78,BULL,7.862272013483107,BULL,3,1|5|6|8|9|10,,,False
2026-05-27T14:20:00-04:00,750.57,15.78,BULL,15.97819147887094,BULL,3,1|5|6|8|9|10,,,False
2026-05-27T14:25:00-04:00,750.72,15.8,BULL,24.08819995198428,BULL,3,1|5|6|8|9|10,,,False
2026-05-27T14:30:00-04:00,750.6901,15.78,BULL,30.31034569401072,BULL,6,1|5|8,level_rejection,750.9,False
2026-05-27T14:35:00-04:00,750.74,15.8,BULL,35.75837603764285,BULL,3,1|5|7|8|9|10,,,False
2026-05-27T14:40:00-04:00,750.83,15.81,BULL,40.94737838408946,BULL,4,1|5|7|8|9,level_rejection,750.9,False
2026-05-27T14:45:00-04:00,750.8,15.82,BULL,44.668672567547674,BULL,6,1|5|8,level_rejection,751.0,False
2026-05-27T14:50:00-04:00,750.85,15.83,BULL,47.977907595543456,BULL,4,1|5|7|8|9,level_rejection,751.0,False
2026-05-27T14:55:00-04:00,750.81,15.82,BULL,50.010701947439884,BULL,5,1|5|7|8,level_rejection,751.0,False
2026-05-27T15:00:00-04:00,750.95,15.85,BULL,52.818942773512845,BULL,5,5|7|8|9,level_rejection,751.0,False
2026-05-27T15:05:00-04:00,750.99,15.83,BULL,55.22793993795858,BULL,5,5|7|8|9,level_rejection,751.0,False
2026-05-27T15:10:00-04:00,750.9,15.85,BULL,55.96811871492946,BULL,7,5|8,level_rejection,751.0,False
2026-05-27T15:15:00-04:00,750.84,15.83,BULL,55.6380725857025,BULL,7,5|8,level_rejection|sequence_rejection,750.9,False
2026-05-27T15:20:00-04:00,750.74,15.83,BULL,54.021894295283346,BULL,7,5|8,level_rejection|sequence_rejection,750.9,False
2026-05-27T15:25:00-04:00,750.5601,15.8,BULL,50.542430544589934,BULL,6,5|8|10,,,False
2026-05-27T15:30:00-04:00,750.55,15.75,BULL,47.28399427989416,BULL,7,5|8,level_rejection,750.49,False
2026-05-27T15:35:00-04:00,750.77,15.72,BULL,46.57423621808903,BULL,5,5|8|9|10,,,False
2026-05-27T15:40:00-04:00,750.86,15.72,BULL,46.63750080738964,BULL,5,5|8|9|10,,,False
2026-05-27T15:45:00-04:00,750.311,15.71,BULL,40.81553466328387,BULL,7,5|8,level_rejection|confluence,750.49,False
2026-05-28T09:35:00-04:00,749.3999,15.68,MIXED,15.650091220766171,BULL,5,1|5|6|8,level_rejection,749.65,False
2026-05-28T09:40:00-04:00,749.55,15.63,MIXED,10.672541867393193,BULL,4,1|5|6|8|9,level_rejection,749.65,False
2026-05-28T09:45:00-04:00,749.37,15.63,MIXED,10.665730877303758,BULL,5,1|5|6|8,level_rejection|confluence,749.8,False
2026-05-28T09:50:00-04:00,749.82,15.61,MIXED,10.88243828397708,BULL,3,1|5|6|7|8|9,level_rejection|confluence,750.2376720496296,False
2026-05-28T09:55:00-04:00,750.17,15.58,MIXED,9.235770037673774,BULL,2,1|5|6|7|8|9|10,,,False
2026-05-28T10:00:00-04:00,750.2992,15.59,MIXED,7.217867179474524,BULL,5,5|6|8|9,level_rejection|confluence,750.47,False
2026-05-28T10:05:00-04:00,750.64,15.55,MIXED,6.197325509992879,BULL,4,5|6|8|9|10,,,False
2026-05-28T10:10:00-04:00,753.06,15.44,BULL,31.639676163536024,BULL,5,5|8|9|10,,,False
2026-05-28T10:40:00-04:00,752.45,15.56,BULL,90.80013826943514,BULL,5,5|8|9|10,,,False
2026-05-28T10:45:00-04:00,752.35,15.54,BULL,94.30794710539203,BULL,6,5|8|10,,,False
2026-05-28T10:50:00-04:00,752.81,15.52,BULL,101.33589520313535,BULL,5,5|8|9|10,,,False
2026-05-28T10:55:00-04:00,752.8799,15.49,BULL,107.23636043099987,BULL,5,5|8|9|10,,,False
2026-05-28T11:00:00-04:00,753.74,15.47,BULL,120.23871749629507,BULL,5,5|8|9|10,,,False
2026-05-28T11:05:00-04:00,753.59,15.48,BULL,128.69698938382044,BULL,6,5|8|10,,,False
2026-05-28T11:10:00-04:00,753.305,15.49,BULL,131.99243746987577,BULL,5,5|8|9|10,,,False
2026-05-28T11:15:00-04:00,753.44,15.49,BULL,135.30973043002632,BULL,5,5|8|9|10,,,False
2026-05-28T11:20:00-04:00,753.68,15.51,BULL,139.69706907114414,BULL,5,5|8|9|10,,,False
2026-05-28T11:25:00-04:00,753.94,15.53,BULL,145.14265320715367,BULL,5,5|8|9|10,,,False
2026-05-28T11:30:00-04:00,754.0117,15.51,BULL,149.50510049560535,BULL,5,5|8|9|10,,,False
2026-05-28T11:35:00-04:00,754.13,15.49,BULL,153.42711196601613,BULL,5,5|8|9|10,,,False
2026-05-28T11:40:00-04:00,754.02,15.49,BULL,154.6345551459808,BULL,5,5|8|9|10,,,False
2026-05-28T11:45:00-04:00,753.9,15.46,BULL,153.5011145233966,BULL,5,5|8|9|10,,,False
2026-05-28T11:50:00-04:00,754.05,15.47,BULL,153.20480990353644,BULL,4,5|7|8|9|10,,,False
2026-05-28T11:55:00-04:00,754.08,15.46,BULL,152.3740007997162,BULL,4,5|7|8|9|10,,,False
2026-05-28T12:00:00-04:00,753.92,15.45,BULL,149.1698137184585,BULL,5,5|8|9|10,,,False
2026-05-28T12:05:00-04:00,754.09,15.49,BULL,147.4003665337591,BULL,5,5|8|9|10,,,False
2026-05-28T12:10:00-04:00,754.17,15.49,BULL,145.90245155080765,BULL,4,5|7|8|9|10,,,False
2026-05-28T12:15:00-04:00,754.48,15.5,BULL,146.98345175984286,BULL,5,5|8|9|10,,,False
2026-05-28T12:20:00-04:00,754.676,15.46,BULL,149.01515775236476,BULL,5,5|8|9|10,,,False
2026-05-28T12:25:00-04:00,754.38,15.45,BULL,146.79623872725642,BULL,5,5|8|9|10,,,False
2026-05-28T12:30:00-04:00,754.2699,15.43,BULL,142.99251382188913,BULL,5,5|8|9|10,,,False
2026-05-28T12:35:00-04:00,754.19,15.4,BULL,138.21617139927866,BULL,5,5|8|9|10,,,False
2026-05-28T12:40:00-04:00,754.43,15.41,BULL,135.93232036145082,BULL,4,5|7|8|9|10,,,False
2026-05-28T12:45:00-04:00,754.31,15.39,BULL,132.03753717372138,BULL,4,5|7|8|9|10,,,False
2026-05-28T12:50:00-04:00,754.31,15.37,BULL,128.0655140446015,BULL,6,5|8|10,,,False
2026-05-28T12:55:00-04:00,754.72,15.43,BULL,128.2368214775488,BULL,4,5|7|8|9|10,,,False
2026-05-28T13:00:00-04:00,754.73,15.42,BULL,127.73196740506592,BULL,4,5|7|8|9|10,,,False
2026-05-28T13:05:00-04:00,754.46,15.38,BULL,123.81700302240688,BULL,5,5|8|9|10,,,False
2026-05-28T13:10:00-04:00,754.3,15.4,BULL,118.2436678563704,BULL,6,5|8|10,,,False
2026-05-28T13:15:00-04:00,754.16,15.4,BULL,111.54347003556495,BULL,6,5|8|10,,,False
2026-05-28T13:20:00-04:00,754.48,15.4,BULL,108.64975946548157,BULL,4,5|7|8|9|10,,,False
2026-05-28T13:25:00-04:00,754.265,15.4,BULL,103.44326996200834,BULL,4,5|7|8|9|10,,,False
2026-05-28T13:30:00-04:00,754.19,15.38,BULL,97.79424203225062,BULL,6,5|8|10,,,False
2026-05-28T13:35:00-04:00,754.4401,15.4,BULL,95.13166372247497,BULL,4,5|7|8|9|10,,,False
2026-05-28T13:40:00-04:00,754.49,15.4,BULL,92.89708526531513,BULL,4,5|7|8|9|10,,,False
2026-05-28T13:45:00-04:00,754.79,15.4,BULL,93.57946049724433,BULL,5,5|8|9|10,,,False
2026-05-28T13:50:00-04:00,754.85,15.39,BULL,94.20707243431252,BULL,5,5|8|9|10,,,False
2026-05-28T13:55:00-04:00,754.7,15.39,BULL,92.64314363367703,BULL,6,5|8|10,,,False
2026-05-28T14:00:00-04:00,754.89,15.39,BULL,92.75593019622193,BULL,3,1|5|7|8|9|10,,,False
2026-05-28T14:05:00-04:00,754.7,15.38,BULL,90.36903209198499,BULL,4,1|5|7|8|10,,,False
2026-05-28T14:10:00-04:00,754.5075,15.39,BULL,85.91540722441096,BULL,5,1|5|8|10,,,False
2026-05-28T14:15:00-04:00,754.64,15.38,BULL,83.10490277222016,BULL,3,1|5|7|8|9|10,,,False
2026-05-28T14:20:00-04:00,754.8,15.35,BULL,81.94230201108894,BULL,4,1|5|8|9|10,,,False
2026-05-28T14:25:00-04:00,754.78,15.36,BULL,80.3045818400733,BULL,5,1|5|8|10,,,False
2026-05-28T14:30:00-04:00,754.515,15.36,BULL,75.78578810273484,BULL,5,1|5|8|10,,,False
2026-05-28T14:35:00-04:00,754.35,15.38,BULL,69.94505512858495,BULL,5,1|5|8|10,,,False
2026-05-28T14:40:00-04:00,754.37,15.38,BULL,64.93929183712908,BULL,3,1|5|7|8|9|10,,,False
2026-05-28T14:45:00-04:00,754.26,15.36,BULL,59.322662589727315,BULL,4,1|5|7|8|10,,,False
2026-05-28T14:50:00-04:00,754.475,15.36,BULL,56.552881910567976,BULL,4,1|5|8|9|10,,,False
2026-05-28T14:55:00-04:00,754.24,15.36,BULL,51.54797253637753,BULL,5,1|5|8|10,,,False
2026-05-28T15:00:00-04:00,754.37,15.36,BULL,48.45910842969943,BULL,5,5|8|9|10,,,False
2026-05-28T15:05:00-04:00,754.36,15.36,BULL,45.534974625206814,BULL,5,5|8|9|10,,,False
2026-05-28T15:10:00-04:00,754.24,15.36,MIXED,42.42443152737678,BULL,6,5|8|10,,,False
2026-05-28T15:15:00-04:00,754.32,15.35,MIXED,40.15502677557379,BULL,4,5|7|8|9|10,,,False
2026-05-28T15:20:00-04:00,754.55,15.35,MIXED,39.281170069580185,BULL,5,5|8|9|10,,,False
2026-05-28T15:25:00-04:00,754.76,15.35,BULL,40.85337564358724,BULL,5,5|8|9|10,,,False
2026-05-28T15:30:00-04:00,754.943,15.34,BULL,44.029598411179904,BULL,5,5|8|9|10,,,False
2026-05-28T15:35:00-04:00,755.14,15.33,BULL,48.39442530226279,BULL,5,5|8|9|10,,,False
2026-05-28T15:40:00-04:00,754.7,15.33,BULL,47.211021024361344,BULL,6,5|8|10,,,False
2026-05-28T15:45:00-04:00,754.68,15.33,BULL,45.75871184531479,BULL,6,5|8|10,,,False
2026-05-29T09:35:00-04:00,756.72,15.22,BULL,71.64747489915726,BULL,4,1|5|8|9|10,,,False
2026-05-29T09:40:00-04:00,757.47,15.12,BULL,92.80724788620773,BULL,4,1|5|8|9|10,,,False
2026-05-29T09:45:00-04:00,757.63,15.13,BULL,111.29541548555153,BULL,4,1|5|8|9|10,,,False
2026-05-29T09:50:00-04:00,757.905,15.14,BULL,128.65276951482656,BULL,4,1|5|8|9|10,,,False
2026-05-29T09:55:00-04:00,757.82,15.13,BULL,141.3057383114051,BULL,5,1|5|8|10,,,False
2026-05-29T10:00:00-04:00,757.695,15.12,BULL,149.60902030561556,BULL,6,5|8|10,,,False
2026-05-29T10:05:00-04:00,757.31,15.13,BULL,151.63469809498338,BULL,5,5|8|9|10,,,False
2026-05-29T10:10:00-04:00,757.31,15.14,BULL,152.41595681338822,BULL,5,5|8|9|10,,,False
2026-05-29T10:15:00-04:00,756.75,15.16,BULL,146.45526598238803,BULL,7,5|8,level_rejection,757.0,False
2026-05-29T10:20:00-04:00,756.26,15.2,BULL,135.7006731360002,BULL,7,5|8,level_rejection,756.72,False
2026-05-29T10:25:00-04:00,756.6,15.15,BULL,129.53683485916372,BULL,4,5|7|8|9|10,,,False
2026-05-29T10:30:00-04:00,756.91,15.13,BULL,126.87713788020574,BULL,5,5|8|9|10,,,False
2026-05-29T10:35:00-04:00,755.63,15.16,BULL,110.8894153617598,BULL,7,5|8,level_rejection,756.72,False
2026-05-29T10:40:00-04:00,755.175,15.22,BULL,92.45554777889993,BULL,7,5|8,level_rejection,755.9,False
2026-05-29T10:45:00-04:00,755.01,15.22,BULL,75.0772336274963,BULL,7,5|8,level_rejection|confluence,755.15,False
2026-05-29T10:50:00-04:00,755.8293,15.19,BULL,68.71195940608459,BULL,5,5|7|8|9,level_rejection,756.72,False
2026-05-29T11:20:00-04:00,756.88,15.13,BULL,79.88923514145654,BULL,5,5|7|8|9,level_rejection,757.0,False
2026-05-29T11:25:00-04:00,756.78,15.11,BULL,79.4419016719985,BULL,5,5|7|8|9,level_rejection,757.0,False
2026-05-29T11:30:00-04:00,757.0,15.11,BULL,80.85580300805759,BULL,4,5|7|8|9|10,,,False
2026-05-29T11:35:00-04:00,757.17,15.13,BULL,83.28148397234827,BULL,4,5|7|8|9|10,,,False
2026-05-29T11:40:00-04:00,756.71,15.12,BULL,80.09629173907342,BULL,6,5|8|9,level_rejection,757.0,False
2026-05-29T11:45:00-04:00,756.64,15.12,BULL,76.29624277913081,BULL,6,5|8|9,level_rejection,756.72,False
2026-05-29T11:50:00-04:00,756.6667,15.11,BULL,72.99957720401835,BULL,6,5|8|9,level_rejection,756.72,False
2026-05-29T11:55:00-04:00,756.42,15.09,BULL,67.34619864253091,BULL,6,5|8|9,level_rejection,756.72,False
2026-05-29T12:00:00-04:00,756.92,15.06,BULL,67.40758304011933,BULL,4,5|7|8|9|10,,,False
2026-05-29T12:05:00-04:00,757.275,15.05,BULL,70.6874525271246,BULL,4,5|7|8|9|10,,,False
2026-05-29T12:10:00-04:00,757.3,15.06,BULL,73.22695191570574,BULL,5,5|8|9|10,,,False
2026-05-29T12:15:00-04:00,756.85,15.04,BULL,70.29600417154143,BULL,6,5|8|9,level_rejection,757.0,False
2026-05-29T12:20:00-04:00,757.04,15.01,BULL,69.41518996688956,BULL,5,5|7|8|9,level_rejection,757.0,False
2026-05-29T12:25:00-04:00,756.75,15.0,BULL,65.32708505245637,BULL,5,5|7|8|9,level_rejection,757.0,False
2026-05-29T12:30:00-04:00,757.29,14.97,BULL,67.09530733825204,BULL,4,5|7|8|9|10,,,False
2026-05-29T12:35:00-04:00,757.68,14.98,BULL,72.13742999106216,BULL,4,5|7|8|9|10,,,False
2026-05-29T12:40:00-04:00,757.49,14.96,BULL,73.92344669110571,BULL,5,5|8|9|10,,,False
2026-05-29T12:45:00-04:00,757.17,14.97,BULL,71.6954869710662,BULL,5,5|8|9|10,,,False
2026-05-29T12:50:00-04:00,756.98,14.98,BULL,67.50692832678169,BULL,6,5|8|9,level_rejection,757.0,False
2026-05-29T12:55:00-04:00,756.81,14.98,BULL,61.93495341616426,BULL,7,5|8,level_rejection,757.0,False
2026-05-29T13:00:00-04:00,756.66,14.96,BULL,55.46216381957265,BULL,6,5|8|9,level_rejection,757.0,False
2026-05-29T13:05:00-04:00,756.78,14.97,BULL,51.04160698612077,BULL,5,5|8|9|10,,,False
2026-05-29T13:10:00-04:00,756.76,14.97,BULL,46.90551298901937,BULL,6,5|8|10,,,False
2026-05-29T13:15:00-04:00,756.85,14.95,BULL,44.149858373396,BULL,5,5|8|9|10,,,False
2026-05-29T13:20:00-04:00,756.68,14.94,BULL,39.892148990441,BULL,7,5|8,level_rejection,756.72,False
2026-05-29T13:25:00-04:00,756.61,14.93,MIXED,35.60158978508525,BULL,6,5|8|10,,,False
2026-05-29T13:30:00-04:00,756.52,14.97,MIXED,32.36137814678841,BULL,6,5|8|10,,,False
2026-05-29T13:35:00-04:00,756.37,14.96,MIXED,28.60729213552986,BULL,6,5|6|8,level_rejection|trendline_rejection,756.39,False
2026-05-29T13:40:00-04:00,756.08,14.95,MIXED,23.659937444961088,BULL,5,5|6|8|9,level_rejection|trendline_rejection,756.39,False
2026-05-29T13:45:00-04:00,756.1,14.96,MIXED,19.383331528069903,BULL,4,5|6|8|9|10,,,False
2026-05-29T13:50:00-04:00,755.83,14.96,MIXED,14.12721645530155,BULL,6,5|6|8,level_rejection|trendline_rejection,756.1,False
2026-05-29T13:55:00-04:00,755.3,15.01,MIXED,15.553298015674955,BULL,6,5|6|8,level_rejection,755.7,False
2026-05-29T14:00:00-04:00,755.77,14.99,MIXED,16.574865020834295,BULL,2,1|5|6|7|8|9|10,,,False
2026-05-29T14:05:00-04:00,755.97,15.0,MIXED,16.18921133748472,BULL,2,1|5|6|7|8|9|10,,,False
2026-05-29T14:10:00-04:00,755.75,14.97,BEAR,19.69988695001348,BULL,6,1|6|8,level_rejection|ribbon_flip|trendline_rejection,756.1,False
2026-05-29T14:15:00-04:00,755.92,14.95,BEAR,20.963356988897885,BULL,4,1|6|7|8|9,level_rejection|ribbon_flip,755.95,False
2026-05-29T14:20:00-04:00,756.215,14.95,BEAR,18.86968887514513,BULL,3,1|6|7|8|9|10,ribbon_flip,,False
2026-05-29T14:25:00-04:00,756.29,14.96,BEAR,16.273030607419514,BULL,5,1|6|8|9,level_rejection,756.39,False
2026-05-29T14:30:00-04:00,756.71,14.95,BEAR,9.757567946451218,BULL,5,1|6|8|9,level_rejection,756.72,False
2026-05-29T14:35:00-04:00,756.62,14.93,MIXED,5.273898759389795,BULL,5,1|5|6|8,level_rejection|trendline_rejection,756.72,False
2026-05-29T14:40:00-04:00,756.415,14.91,MIXED,4.109014731716343,BULL,5,1|5|6|8,level_rejection|trendline_rejection,756.39,False
2026-05-29T14:45:00-04:00,755.8499,14.98,BEAR,8.02886619135279,BULL,6,1|6|8,level_rejection|ribbon_flip|trendline_rejection,756.39,False
2026-05-29T14:50:00-04:00,755.695,15.02,BEAR,13.181162335490626,BULL,6,1|6|8,level_rejection|ribbon_flip,755.95,False
2026-05-29T14:55:00-04:00,755.49,15.02,BEAR,19.43213955991041,BULL,6,1|6|8,level_rejection|ribbon_flip,755.7,False
2026-05-29T15:00:00-04:00,755.86,15.01,BEAR,20.682609816935837,BULL,5,6|7|8|9,level_rejection,755.9,False
2026-05-29T15:05:00-04:00,756.245,15.01,BEAR,17.661523498725273,BULL,4,6|7|8|9|10,,,False
2026-05-29T15:10:00-04:00,756.36,15.01,BEAR,13.90126289015825,BULL,6,6|8|9,level_rejection,756.39,False
2026-05-29T15:15:00-04:00,756.195,14.97,BEAR,12.412353218451244,BULL,7,6|8,level_rejection,756.39,False
2026-05-29T15:20:00-04:00,756.5,14.95,BEAR,8.003614927326907,BULL,5,6|8|9|10,,,False
2026-05-29T15:25:00-04:00,756.86,14.96,MIXED,1.4568542121423889,BULL,4,5|6|8|9|10,,,False
2026-05-29T15:30:00-04:00,757.22,14.97,BULL,9.057104496173451,BULL,4,5|6|8|9|10,,,False
2026-05-29T15:35:00-04:00,757.46,14.93,BULL,19.44127631735455,BULL,4,5|6|8|9|10,,,False
2026-05-29T15:40:00-04:00,757.2101,14.97,BULL,25.31534016848127,BULL,5,5|6|8|10,,,False
2026-05-29T15:45:00-04:00,757.25,14.94,BULL,30.404276978049438,BULL,4,5|7|8|9|10,,,False
